
t =    0.0000 START

t =    0.0000 CONTINUE SOLVER BD 0.020 0.0001 0. ALL                                                                                            
t =    0.0000 CONTINUE SOLVER BD 0.020 0.0001 0. ALL                                                                                            
t =    0.0000 + 0.0001 : net it  0 NET   0.1776E-14             1 NET JU  
                         inj it  0 INJ   0.1000E-03                4  JU     4 S  =>  0.1008E-03 (PV1)
                                   NET   0.5013E-06                       
                         inj it  1 INJ   0.2358E-07                          1 S  =>  0.2358E-07 (PV1)
                                   NET   0.5013E-06         
                         inj it  2 INJ   0.8882E-15            
t =    0.0001          Horizon reached 
t =    0.0001 + 0.0001 : net it  0 NET   0.5013E-06             1 NET JU  
                         inj it  0 INJ   0.1003E-03                4  JU     4 S  =>  0.4989E-06 (PV1)
                                   NET   0.1000E-05         
                         inj it  1 INJ   0.8882E-15            
t =    0.0002 + 0.0200 : net it  0 NET   0.1000E-05             1 NET JU          =>  0.7425E-04 (transm,N1)
                         inj it  0 INJ   0.3783E-02                4  JU     4 S  =>  0.2005E-03 (PV1)
                         net it  1 NET   0.3504E-09                       
                         inj it  1 INJ   0.9549E-07                3  JU     4 S  =>  0.2438E-08 (PV1)
                                   NET   0.3304E-09         
                         inj it  2 INJ   0.2920E-13            
t =    0.0202 + 0.0200 : net it  0 NET   0.3304E-09             1 NET JU          =>  0.3003E-04 (transm,N1)
                         inj it  0 INJ   0.3069E-02                4  JU     4 S  =>  0.2221E-03 (PV1)
                         net it  1 NET   0.4166E-10                       
                         inj it  1 INJ   0.3334E-07                1  JU     3 S  =>  0.3651E-09 (PV1)
                                   NET   0.2349E-09         
                         inj it  2 INJ   0.3638E-11            
t =    0.0402 + 0.0200 : net it  0 NET   0.2349E-09                       
                         inj it  0 INJ   0.1233E-02                          4 S  =>  0.7935E-04 (PV1)
                                   NET   0.7707E-05                       
                         inj it  1 INJ   0.8696E-08                          1 S  =>  0.9029E-09 (PV1)
                                   NET   0.7707E-05         
                         inj it  2 INJ   0.8696E-08            
t =    0.0602 + 0.0200 : net it  0 NET   0.7707E-05                       
                         inj it  0 INJ   0.1489E-02                          4 S  =>  0.9551E-05 (PV1)
                                   NET   0.7927E-05         
                         inj it  1 INJ   0.5907E-09            
t =    0.0802 + 0.0200 : net it  0 NET   0.7927E-05                       
                         inj it  0 INJ   0.1456E-02                          4 S  =>  0.3332E-04 (PV1)
                                   NET   0.6357E-05                       
                         inj it  1 INJ   0.7429E-09                          1 S  =>  0.8495E-09 (PV1)
                                   NET   0.6357E-05         
                         inj it  2 INJ   0.7429E-09            
t =    0.1002 + 0.0200 : net it  0 NET   0.6357E-05                       
                         inj it  0 INJ   0.1312E-02                          4 S  =>  0.3633E-04 (PV1)
                                   NET   0.4835E-05                       
                         inj it  1 INJ   0.2837E-09                          1 S  =>  0.7596E-09 (PV1)
                                   NET   0.4835E-05         
                         inj it  2 INJ   0.2820E-09            
t =    0.1202 + 0.0200 : net it  0 NET   0.4835E-05                       
                         inj it  0 INJ   0.1148E-02                          4 S  =>  0.3332E-04 (PV1)
                                   NET   0.3707E-05                       
                         inj it  1 INJ   0.2223E-09                          1 S  =>  0.7075E-09 (PV1)
                                   NET   0.3707E-05         
                         inj it  2 INJ   0.3504E-10            
t =    0.1402 + 0.0200 : net it  0 NET   0.3707E-05                       
                         inj it  0 INJ   0.9917E-03                          4 S  =>  0.3037E-04 (PV1)
                                   NET   0.2895E-05                       
                         inj it  1 INJ   0.2072E-09                          1 S  =>  0.6653E-09 (PV1)
                                   NET   0.2895E-05         
                         inj it  2 INJ   0.1290E-10            
t =    0.1602 + 0.0200 : net it  0 NET   0.2895E-05                       
                         inj it  0 INJ   0.8495E-03                          4 S  =>  0.2833E-04 (PV1)
                                   NET   0.2276E-05                       
                         inj it  1 INJ   0.1927E-09                          1 S  =>  0.6208E-09 (PV1)
                                   NET   0.2276E-05         
                         inj it  2 INJ   0.7873E-11            
t =    0.1802 + 0.0200 : net it  0 NET   0.2276E-05                       
                         inj it  0 INJ   0.7195E-03                          4 S  =>  0.2679E-04 (PV1)
                                   NET   0.1820E-05                       
                         inj it  1 INJ   0.1773E-09                          1 S  =>  0.5739E-09 (PV1)
                                   NET   0.1820E-05         
                         inj it  2 INJ   0.1091E-10            
t =    0.2002 + 0.0200 : net it  0 NET   0.1820E-05                       
                         inj it  0 INJ   0.6002E-03                          4 S  =>  0.2543E-04 (PV1)
                                   NET   0.1998E-05                       
                         inj it  1 INJ   0.1614E-09                          1 S  =>  0.5273E-09 (PV1)
                                   NET   0.1998E-05         
                         inj it  2 INJ   0.3638E-11            
t =    0.2202 + 0.0200 : net it  0 NET   0.1998E-05                       
                         inj it  0 INJ   0.4906E-03                          4 S  =>  0.2411E-04 (PV1)
                                   NET   0.2161E-05                       
                         inj it  1 INJ   0.1459E-09                          1 S  =>  0.4828E-09 (PV1)
                                   NET   0.2161E-05         
                         inj it  2 INJ   0.1705E-12            
t =    0.2402 + 0.0200 : net it  0 NET   0.2161E-05                       
                         inj it  0 INJ   0.3938E-03                          4 S  =>  0.2280E-04 (PV1)
                                   NET   0.2309E-05                       
                         inj it  1 INJ   0.1313E-09                          1 S  =>  0.4407E-09 (PV1)
                                   NET   0.2310E-05         
                         inj it  2 INJ   0.3638E-11            
t =    0.2602 + 0.0200 : net it  0 NET   0.2310E-05                       
                         inj it  0 INJ   0.3593E-03                          4 S  =>  0.2152E-04 (PV1)
                                   NET   0.2445E-05                       
                         inj it  1 INJ   0.1179E-09                          1 S  =>  0.4011E-09 (PV1)
                                   NET   0.2445E-05         
                         inj it  2 INJ   0.3638E-11            
t =    0.2802 + 0.0200 : net it  0 NET   0.2445E-05                       
                         inj it  0 INJ   0.3267E-03                          4 S  =>  0.2027E-04 (PV1)
                                   NET   0.2568E-05                       
                         inj it  1 INJ   0.1055E-09                          1 S  =>  0.3639E-09 (PV1)
                                   NET   0.2568E-05         
                         inj it  2 INJ   0.5846E-14            
t =    0.3002 + 0.0200 : net it  0 NET   0.2568E-05                       
                         inj it  0 INJ   0.2960E-03                          4 S  =>  0.1906E-04 (PV1)
                                   NET   0.2679E-05                       
                         inj it  1 INJ   0.9421E-10                          1 S  =>  0.3289E-09 (PV1)
                                   NET   0.2679E-05         
                         inj it  2 INJ   0.3638E-11            
t =    0.3202 + 0.0200 : net it  0 NET   0.2679E-05                       
                         inj it  0 INJ   0.2671E-03                          4 S  =>  0.1788E-04 (PV1)
                                   NET   0.2779E-05                       
                         inj it  1 INJ   0.9620E-10                          1 S  =>  0.2960E-09 (PV1)
                                   NET   0.2779E-05         
                         inj it  2 INJ   0.3638E-11            
t =    0.3402 + 0.0200 : net it  0 NET   0.2779E-05                       
                         inj it  0 INJ   0.2399E-03                          4 S  =>  0.1675E-04 (PV1)
                                   NET   0.2868E-05                       
                         inj it  1 INJ   0.9547E-10                          1 S  =>  0.2652E-09 (PV1)
                                   NET   0.2868E-05         
                         inj it  2 INJ   0.7276E-11            
t =    0.3602 + 0.0200 : net it  0 NET   0.2868E-05                       
                         inj it  0 INJ   0.2145E-03                          4 S  =>  0.1565E-04 (PV1)
                                   NET   0.2948E-05                       
                         inj it  1 INJ   0.9247E-10                          1 S  =>  0.2363E-09 (PV1)
                                   NET   0.2948E-05         
                         inj it  2 INJ   0.7276E-11            
t =    0.3802 + 0.0200 : net it  0 NET   0.2948E-05                       
                         inj it  0 INJ   0.1908E-03                          4 S  =>  0.1460E-04 (PV1)
                                   NET   0.3019E-05                       
                         inj it  1 INJ   0.8775E-10                          1 S  =>  0.2093E-09 (PV1)
                                   NET   0.3019E-05         
                         inj it  2 INJ   0.3638E-11            
t =    0.4002 + 0.0200 : net it  0 NET   0.3019E-05                       
                         inj it  0 INJ   0.1686E-03                          4 S  =>  0.1359E-04 (PV1)
                                   NET   0.3081E-05                       
                         inj it  1 INJ   0.8174E-10                          1 S  =>  0.1842E-09 (PV1)
                                   NET   0.3081E-05         
                         inj it  2 INJ   0.3638E-11            
t =    0.4202 + 0.0200 : net it  0 NET   0.3081E-05                       
                         inj it  0 INJ   0.1799E-03                          4 S  =>  0.1262E-04 (PV1)
                                   NET   0.3135E-05                       
                         inj it  1 INJ   0.7484E-10                          1 S  =>  0.1607E-09 (PV1)
                                   NET   0.3135E-05         
                         inj it  2 INJ   0.2842E-13            
t =    0.4402 + 0.0200 : net it  0 NET   0.3135E-05                       
                         inj it  0 INJ   0.2138E-03                          4 S  =>  0.1169E-04 (PV1)
                                   NET   0.3182E-05                       
                         inj it  1 INJ   0.6736E-10                          1 S  =>  0.1391E-09 (PV1)
                                   NET   0.3182E-05         
                         inj it  2 INJ   0.5684E-13            
t =    0.4602 + 0.0200 : net it  0 NET   0.3182E-05                       
                         inj it  0 INJ   0.2431E-03                          4 S  =>  0.1081E-04 (PV1)
                                   NET   0.3222E-05                       
                         inj it  1 INJ   0.5956E-10                          1 S  =>  0.1191E-09 (PV1)
                                   NET   0.3222E-05         
                         inj it  2 INJ   0.1421E-13            
t =    0.4802 + 0.0200 : net it  0 NET   0.3222E-05                       
                         inj it  0 INJ   0.2682E-03                          4 S  =>  0.9965E-05 (PV1)
                                   NET   0.3256E-05         
                         inj it  1 INJ   0.5168E-10            
t =    0.5002 + 0.0200 : net it  0 NET   0.3256E-05                       
                         inj it  0 INJ   0.2895E-03                          4 S  =>  0.9165E-05 (PV1)
                                   NET   0.3284E-05         
                         inj it  1 INJ   0.4387E-10            
t =    0.5202 + 0.0200 : net it  0 NET   0.3284E-05                       
                         inj it  0 INJ   0.3073E-03                          4 S  =>  0.8406E-05 (PV1)
                                   NET   0.3307E-05         
                         inj it  1 INJ   0.3627E-10            
t =    0.5402 + 0.0200 : net it  0 NET   0.3307E-05                       
                         inj it  0 INJ   0.3218E-03                          4 S  =>  0.7686E-05 (PV1)
                                   NET   0.3325E-05         
                         inj it  1 INJ   0.2900E-10            
t =    0.5602 + 0.0200 : net it  0 NET   0.3325E-05                       
                         inj it  0 INJ   0.3332E-03                          4 S  =>  0.7006E-05 (PV1)
                                   NET   0.3339E-05         
                         inj it  1 INJ   0.2212E-10            
t =    0.5802 + 0.0200 : net it  0 NET   0.3339E-05                       
                         inj it  0 INJ   0.3420E-03                          4 S  =>  0.6365E-05 (PV1)
                                   NET   0.3348E-05         
                         inj it  1 INJ   0.1570E-10            
t =    0.6002 + 0.0200 : net it  0 NET   0.3348E-05                       
                         inj it  0 INJ   0.3482E-03                          4 S  =>  0.5761E-05 (PV1)
                                   NET   0.3354E-05         
                         inj it  1 INJ   0.9770E-11            
t =    0.6202 + 0.0200 : net it  0 NET   0.3354E-05                       
                         inj it  0 INJ   0.3522E-03                          4 S  =>  0.5193E-05 (PV1)
                                   NET   0.3357E-05         
                         inj it  1 INJ   0.4352E-11            
t =    0.6402 + 0.0200 : net it  0 NET   0.3357E-05                       
                         inj it  0 INJ   0.3542E-03                          4 S  =>  0.4660E-05 (PV1)
                                   NET   0.3357E-05         
                         inj it  1 INJ   0.5488E-12            
t =    0.6602 + 0.0200 : net it  0 NET   0.3357E-05                       
                         inj it  0 INJ   0.3543E-03                          4 S  =>  0.4161E-05 (PV1)
                                   NET   0.3354E-05         
                         inj it  1 INJ   0.4934E-11            
t =    0.6802 + 0.0200 : net it  0 NET   0.3354E-05                       
                         inj it  0 INJ   0.3528E-03                          4 S  =>  0.3695E-05 (PV1)
                                   NET   0.3348E-05         
                         inj it  1 INJ   0.8816E-11            
t =    0.7002 + 0.0200 : net it  0 NET   0.3348E-05                       
                         inj it  0 INJ   0.3498E-03                          4 S  =>  0.3260E-05 (PV1)
                                   NET   0.3341E-05         
                         inj it  1 INJ   0.1221E-10            
t =    0.7202 + 0.0200 : net it  0 NET   0.3341E-05                       
                         inj it  0 INJ   0.3455E-03                          4 S  =>  0.2856E-05 (PV1)
                                   NET   0.3332E-05         
                         inj it  1 INJ   0.1515E-10            
t =    0.7402 + 0.0200 : net it  0 NET   0.3332E-05                       
                         inj it  0 INJ   0.3400E-03                          4 S  =>  0.2480E-05 (PV1)
                                   NET   0.3321E-05         
                         inj it  1 INJ   0.1765E-10            
t =    0.7602 + 0.0200 : net it  0 NET   0.3321E-05                       
                         inj it  0 INJ   0.3336E-03                          4 S  =>  0.2132E-05 (PV1)
                                   NET   0.3308E-05         
                         inj it  1 INJ   0.1975E-10            
t =    0.7802 + 0.0200 : net it  0 NET   0.3308E-05                       
                         inj it  0 INJ   0.3262E-03                          4 S  =>  0.1810E-05 (PV1)
                                   NET   0.3295E-05         
                         inj it  1 INJ   0.2146E-10            
t =    0.8002 + 0.0200 : net it  0 NET   0.3295E-05                       
                         inj it  0 INJ   0.3182E-03                          4 S  =>  0.1514E-05 (PV1)
                                   NET   0.3280E-05         
                         inj it  1 INJ   0.2284E-10            
t =    0.8202 + 0.0200 : net it  0 NET   0.3280E-05                       
                         inj it  0 INJ   0.3095E-03                          4 S  =>  0.1241E-05 (PV1)
                                   NET   0.3265E-05         
                         inj it  1 INJ   0.2390E-10            
t =    0.8402 + 0.0200 : net it  0 NET   0.3265E-05                       
                         inj it  0 INJ   0.3002E-03                          4 S  =>  0.9912E-06 (PV1)
                                   NET   0.3249E-05         
                         inj it  1 INJ   0.2468E-10            
t =    0.8602 + 0.0200 : net it  0 NET   0.3249E-05                       
                         inj it  0 INJ   0.2906E-03                          4 S  =>  0.7626E-06 (PV1)
                                   NET   0.3233E-05         
                         inj it  1 INJ   0.2520E-10            
t =    0.8802 + 0.0200 : net it  0 NET   0.3233E-05                       
                         inj it  0 INJ   0.2806E-03                          4 S  =>  0.5629E-06 (PV1)
                                   NET   0.3216E-05         
                         inj it  1 INJ   0.2550E-10            
t =    0.9002 + 0.0200 : net it  0 NET   0.3216E-05                       
                         inj it  0 INJ   0.2704E-03                          4 S  =>  0.5722E-06 (PV1)
                                   NET   0.3198E-05         
                         inj it  1 INJ   0.2560E-10            
t =    0.9202 + 0.0200 : net it  0 NET   0.3198E-05                       
                         inj it  0 INJ   0.2599E-03                          4 S  =>  0.5779E-06 (PV1)
                                   NET   0.3181E-05         
                         inj it  1 INJ   0.2552E-10            
t =    0.9402 + 0.0200 : net it  0 NET   0.3181E-05                       
                         inj it  0 INJ   0.2494E-03                          4 S  =>  0.5803E-06 (PV1)
                                   NET   0.3164E-05         
                         inj it  1 INJ   0.2530E-10            
t =    0.9602 + 0.0200 : net it  0 NET   0.3164E-05                       
                         inj it  0 INJ   0.2388E-03                          4 S  =>  0.5798E-06 (PV1)
                                   NET   0.3146E-05         
                         inj it  1 INJ   0.2494E-10            
t =    0.9802 + 0.0200 : net it  0 NET   0.3146E-05                       
                         inj it  0 INJ   0.2282E-03                          4 S  =>  0.5767E-06 (PV1)
                                   NET   0.3129E-05         
                         inj it  1 INJ   0.2447E-10            
t =    1.0002 + 0.0200 : net it  0 NET   0.3129E-05                       
                         inj it  0 INJ   0.2176E-03                          4 S  =>  0.5712E-06 (PV1)
                                   NET   0.3112E-05         
                         inj it  1 INJ   0.2392E-10            
t =    1.0202 + 0.0200 : net it  0 NET   0.3112E-05                       
                         inj it  0 INJ   0.2072E-03                          4 S  =>  0.5637E-06 (PV1)
                                   NET   0.3095E-05         
                         inj it  1 INJ   0.2328E-10            
t =    1.0402 + 0.0200 : net it  0 NET   0.3095E-05                       
                         inj it  0 INJ   0.1969E-03                          4 S  =>  0.5543E-06 (PV1)
                                   NET   0.3078E-05         
                         inj it  1 INJ   0.2259E-10            
t =    1.0602 + 0.0200 : net it  0 NET   0.3078E-05                       
                         inj it  0 INJ   0.1867E-03                          4 S  =>  0.5871E-06 (PV1)
                                   NET   0.3062E-05         
                         inj it  1 INJ   0.2185E-10            
t =    1.0802 + 0.0200 : net it  0 NET   0.3062E-05                       
                         inj it  0 INJ   0.1767E-03                          4 S  =>  0.6502E-06 (PV1)
                                   NET   0.3046E-05         
                         inj it  1 INJ   0.2107E-10            
t =    1.1002 + 0.0200 : net it  0 NET   0.3046E-05                       
                         inj it  0 INJ   0.1670E-03                          4 S  =>  0.7038E-06 (PV1)
                                   NET   0.3030E-05         
                         inj it  1 INJ   0.2026E-10            
t =    1.1202 + 0.0200 : net it  0 NET   0.3030E-05                       
                         inj it  0 INJ   0.1575E-03                          4 S  =>  0.7485E-06 (PV1)
                                   NET   0.3015E-05         
                         inj it  1 INJ   0.1944E-10            
t =    1.1402 + 0.0200 : net it  0 NET   0.3015E-05                       
                         inj it  0 INJ   0.1482E-03                          4 S  =>  0.7851E-06 (PV1)
                                   NET   0.3000E-05         
                         inj it  1 INJ   0.1861E-10            
t =    1.1602 + 0.0200 : net it  0 NET   0.3000E-05                       
                         inj it  0 INJ   0.1393E-03                          4 S  =>  0.8143E-06 (PV1)
                                   NET   0.2986E-05         
                         inj it  1 INJ   0.1778E-10            
t =    1.1802 + 0.0200 : net it  0 NET   0.2986E-05                       
                         inj it  0 INJ   0.1306E-03                          4 S  =>  0.8367E-06 (PV1)
                                   NET   0.2972E-05         
                         inj it  1 INJ   0.1695E-10            
t =    1.2002 + 0.0200 : net it  0 NET   0.2972E-05                       
                         inj it  0 INJ   0.1222E-03                          4 S  =>  0.8529E-06 (PV1)
                                   NET   0.2959E-05         
                         inj it  1 INJ   0.1613E-10            
t =    1.2202 + 0.0200 : net it  0 NET   0.2959E-05                       
                         inj it  0 INJ   0.1142E-03                          4 S  =>  0.8635E-06 (PV1)
                                   NET   0.2947E-05         
                         inj it  1 INJ   0.1532E-10            
t =    1.2402 + 0.0200 : net it  0 NET   0.2947E-05                       
                         inj it  0 INJ   0.1064E-03                          4 S  =>  0.8690E-06 (PV1)
                                   NET   0.2934E-05         
                         inj it  1 INJ   0.1452E-10            
t =    1.2602 + 0.0200 : net it  0 NET   0.2934E-05                       
                         inj it  0 INJ   0.9895E-04                          4 S  =>  0.8699E-06 (PV1)
                                   NET   0.2923E-05         
                         inj it  1 INJ   0.1375E-10            
t =    1.2802 + 0.0200 : net it  0 NET   0.2923E-05                       
                         inj it  0 INJ   0.9183E-04                          4 S  =>  0.8667E-06 (PV1)
                                   NET   0.2912E-05         
                         inj it  1 INJ   0.1299E-10            
t =    1.3002 + 0.0200 : net it  0 NET   0.2912E-05                       
                         inj it  0 INJ   0.8502E-04                          4 S  =>  0.8598E-06 (PV1)
                                   NET   0.2901E-05         
                         inj it  1 INJ   0.1226E-10            
t =    1.3202 + 0.0200 : net it  0 NET   0.2901E-05                       
                         inj it  0 INJ   0.7853E-04                          4 S  =>  0.8496E-06 (PV1)
                                   NET   0.2891E-05         
                         inj it  1 INJ   0.1155E-10            
t =    1.3402 + 0.0200 : net it  0 NET   0.2891E-05                       
                         inj it  0 INJ   0.7235E-04                          4 S  =>  0.8366E-06 (PV1)
                                   NET   0.2882E-05         
                         inj it  1 INJ   0.1087E-10            
t =    1.3602 + 0.0200 : net it  0 NET   0.2882E-05                       
                         inj it  0 INJ   0.6649E-04                          4 S  =>  0.8211E-06 (PV1)
                                   NET   0.2872E-05         
                         inj it  1 INJ   0.1021E-10            
t =    1.3802 + 0.0200 : net it  0 NET   0.2872E-05                       
                         inj it  0 INJ   0.6092E-04                          4 S  =>  0.8034E-06 (PV1)
                                   NET   0.2864E-05         
                         inj it  1 INJ   0.9575E-11            
t =    1.4002 + 0.0200 : net it  0 NET   0.2864E-05                       
                         inj it  0 INJ   0.5565E-04                          4 S  =>  0.7838E-06 (PV1)
                                   NET   0.2856E-05         
                         inj it  1 INJ   0.8968E-11            
t =    1.4202 + 0.0200 : net it  0 NET   0.2856E-05                       
                         inj it  0 INJ   0.5067E-04                          4 S  =>  0.7627E-06 (PV1)
                                   NET   0.2848E-05         
                         inj it  1 INJ   0.8388E-11            
t =    1.4402 + 0.0200 : net it  0 NET   0.2848E-05                       
                         inj it  0 INJ   0.4598E-04                          4 S  =>  0.7402E-06 (PV1)
                                   NET   0.2841E-05         
                         inj it  1 INJ   0.7834E-11            
t =    1.4602 + 0.0200 : net it  0 NET   0.2841E-05                       
                         inj it  0 INJ   0.4156E-04                          4 S  =>  0.7167E-06 (PV1)
                                   NET   0.2834E-05         
                         inj it  1 INJ   0.7305E-11            
t =    1.4802 + 0.0200 : net it  0 NET   0.2834E-05                       
                         inj it  0 INJ   0.3741E-04                          4 S  =>  0.6923E-06 (PV1)
                                   NET   0.2828E-05         
                         inj it  1 INJ   0.6801E-11            
t =    1.5002 + 0.0200 : net it  0 NET   0.2828E-05                       
                         inj it  0 INJ   0.3352E-04                          4 S  =>  0.6672E-06 (PV1)
                                   NET   0.2822E-05         
                         inj it  1 INJ   0.6322E-11            
t =    1.5202 + 0.0200 : net it  0 NET   0.2822E-05                       
                         inj it  0 INJ   0.2988E-04                          4 S  =>  0.6416E-06 (PV1)
                                   NET   0.2816E-05         
                         inj it  1 INJ   0.5867E-11            
t =    1.5402 + 0.0200 : net it  0 NET   0.2816E-05                       
                         inj it  0 INJ   0.2648E-04                          4 S  =>  0.6158E-06 (PV1)
                                   NET   0.2811E-05         
                         inj it  1 INJ   0.5435E-11            
t =    1.5602 + 0.0200 : net it  0 NET   0.2811E-05                       
                         inj it  0 INJ   0.2331E-04                          4 S  =>  0.5898E-06 (PV1)
                                   NET   0.2806E-05         
                         inj it  1 INJ   0.5026E-11            
t =    1.5802 + 0.0200 : net it  0 NET   0.2806E-05                       
                         inj it  0 INJ   0.2037E-04                          4 S  =>  0.5638E-06 (PV1)
                                   NET   0.2802E-05         
                         inj it  1 INJ   0.4639E-11            
t =    1.6002 + 0.0200 : net it  0 NET   0.2802E-05                       
                         inj it  0 INJ   0.1763E-04                          4 S  =>  0.5378E-06 (PV1)
                                   NET   0.2798E-05         
                         inj it  1 INJ   0.4274E-11            
t =    1.6202 + 0.0200 : net it  0 NET   0.2798E-05                       
                         inj it  0 INJ   0.1510E-04                          4 S  =>  0.5121E-06 (PV1)
                                   NET   0.2794E-05         
                         inj it  1 INJ   0.3929E-11            
t =    1.6402 + 0.0200 : net it  0 NET   0.2794E-05                       
                         inj it  0 INJ   0.1277E-04                          4 S  =>  0.4867E-06 (PV1)
                                   NET   0.2791E-05         
                         inj it  1 INJ   0.3603E-11            
t =    1.6602 + 0.0200 : net it  0 NET   0.2791E-05                       
                         inj it  0 INJ   0.1061E-04                          4 S  =>  0.4617E-06 (PV1)
                                   NET   0.2787E-05         
                         inj it  1 INJ   0.7276E-11            
t =    1.6802 + 0.0200 : net it  0 NET   0.2787E-05                       
                         inj it  0 INJ   0.8635E-05                          4 S  =>  0.4372E-06 (PV1)
                                   NET   0.2785E-05         
                         inj it  1 INJ   0.3009E-11            
t =    1.7002 + 0.0200 : net it  0 NET   0.2785E-05                       
                         inj it  0 INJ   0.7092E-05                          4 S  =>  0.4132E-06 (PV1)
                                   NET   0.2782E-05         
                         inj it  1 INJ   0.3638E-11            
t =    1.7202 + 0.0200 : net it  0 NET   0.2782E-05                       
                         inj it  0 INJ   0.6466E-05                          4 S  =>  0.3898E-06 (PV1)
                                   NET   0.2779E-05         
                         inj it  1 INJ   0.3638E-11            
t =    1.7402 + 0.0200 : net it  0 NET   0.2779E-05                       
                         inj it  0 INJ   0.5876E-05                          4 S  =>  0.3670E-06 (PV1)
                                   NET   0.2777E-05         
                         inj it  1 INJ   0.3638E-11            
t =    1.7602 + 0.0200 : net it  0 NET   0.2777E-05                       
                         inj it  0 INJ   0.5319E-05                          4 S  =>  0.3449E-06 (PV1)
                                   NET   0.2775E-05         
                         inj it  1 INJ   0.2024E-11            
t =    1.7802 + 0.0200 : net it  0 NET   0.2775E-05                       
                         inj it  0 INJ   0.4796E-05                          4 S  =>  0.3235E-06 (PV1)
                                   NET   0.2773E-05         
                         inj it  1 INJ   0.3638E-11            
t =    1.8002 + 0.0200 : net it  0 NET   0.2773E-05                       
                         inj it  0 INJ   0.4306E-05                          4 S  =>  0.3029E-06 (PV1)
                                   NET   0.2772E-05         
                         inj it  1 INJ   0.3638E-11            
t =    1.8202 + 0.0200 : net it  0 NET   0.2772E-05                       
                         inj it  0 INJ   0.3846E-05                          4 S  =>  0.2829E-06 (PV1)
                                   NET   0.2770E-05         
                         inj it  1 INJ   0.3638E-11            
t =    1.8402 + 0.0200 : net it  0 NET   0.2770E-05                       
                         inj it  0 INJ   0.3417E-05                          4 S  =>  0.2638E-06 (PV1)
                                   NET   0.2769E-05         
                         inj it  1 INJ   0.1274E-11            
t =    1.8602 + 0.0200 : net it  0 NET   0.2769E-05                       
                         inj it  0 INJ   0.3016E-05                          4 S  =>  0.2454E-06 (PV1)
                                   NET   0.2768E-05         
                         inj it  1 INJ   0.3638E-11            
t =    1.8802 + 0.0200 : net it  0 NET   0.2768E-05                       
                         inj it  0 INJ   0.3413E-05                          4 S  =>  0.2278E-06 (PV1)
                                   NET   0.2767E-05         
                         inj it  1 INJ   0.9736E-12            
t =    1.9002 + 0.0200 : net it  0 NET   0.2767E-05                       
                         inj it  0 INJ   0.4016E-05                          4 S  =>  0.2110E-06 (PV1)
                                   NET   0.2766E-05         
                         inj it  1 INJ   0.3638E-11            
t =    1.9202 + 0.0200 : net it  0 NET   0.2766E-05                       
                         inj it  0 INJ   0.4539E-05                          4 S  =>  0.1950E-06 (PV1)
                                   NET   0.2765E-05         
                         inj it  1 INJ   0.3638E-11            
t =    1.9402 + 0.0200 : net it  0 NET   0.2765E-05                       
                         inj it  0 INJ   0.4986E-05                          4 S  =>  0.1797E-06 (PV1)
                                   NET   0.2765E-05         
                         inj it  1 INJ   0.6030E-12            
t =    1.9602 + 0.0200 : net it  0 NET   0.2765E-05                       
                         inj it  0 INJ   0.5364E-05                          4 S  =>  0.1652E-06 (PV1)
                                   NET   0.2764E-05         
                         inj it  1 INJ   0.3638E-11            
t =    1.9802 + 0.0200 : net it  0 NET   0.2764E-05                       
                         inj it  0 INJ   0.5677E-05                          4 S  =>  0.1514E-06 (PV1)
                                   NET   0.2764E-05         
                         inj it  1 INJ   0.3638E-11            
t =    2.0002 + 0.0200 : net it  0 NET   0.2764E-05                       
                         inj it  0 INJ   0.5932E-05                          4 S  =>  0.1384E-06 (PV1)
                                   NET   0.2764E-05         
                         inj it  1 INJ   0.3638E-11            
t =    2.0202 + 0.0200 : net it  0 NET   0.2764E-05                       
                         inj it  0 INJ   0.6133E-05                          4 S  =>  0.1261E-06 (PV1)
                                   NET   0.2763E-05         
                         inj it  1 INJ   0.2355E-12            
t =    2.0402 + 0.0200 : net it  0 NET   0.2763E-05                       
                         inj it  0 INJ   0.6284E-05                          4 S  =>  0.1145E-06 (PV1)
                                   NET   0.2763E-05         
                         inj it  1 INJ   0.7276E-11            
t =    2.0602 + 0.0200 : net it  0 NET   0.2763E-05                       
                         inj it  0 INJ   0.6391E-05                          4 S  =>  0.1035E-06 (PV1)
                                   NET   0.2763E-05         
                         inj it  1 INJ   0.9722E-13            
t =    2.0802 + 0.0200 : net it  0 NET   0.2763E-05                       
                         inj it  0 INJ   0.6457E-05                          4 S  =>  0.9324E-07 (PV1)
                                   NET   0.2763E-05         
                         inj it  1 INJ   0.3638E-11            
t =    2.1002 + 0.0200 : net it  0 NET   0.2763E-05                       
                         inj it  0 INJ   0.6486E-05                          4 S  =>  0.8360E-07 (PV1)
                                   NET   0.2763E-05         
                         inj it  1 INJ   0.7276E-11            
t =    2.1202 + 0.0200 : net it  0 NET   0.2763E-05                       
                         inj it  0 INJ   0.6483E-05                          4 S  =>  0.7458E-07 (PV1)
                                   NET   0.2763E-05         
                         inj it  1 INJ   0.3638E-11            
t =    2.1402 + 0.0200 : net it  0 NET   0.2763E-05                       
                         inj it  0 INJ   0.6450E-05                          4 S  =>  0.6615E-07 (PV1)
                                   NET   0.2763E-05         
                         inj it  1 INJ   0.1055E-12            
t =    2.1602 + 0.0200 : net it  0 NET   0.2763E-05                       
                         inj it  0 INJ   0.6390E-05                          4 S  =>  0.5830E-07 (PV1)
                                   NET   0.2763E-05         
                         inj it  1 INJ   0.3638E-11            
t =    2.1802 + 0.0200 : net it  0 NET   0.2763E-05                       
                         inj it  0 INJ   0.6307E-05                          4 S  =>  0.5099E-07 (PV1)
                                   NET   0.2764E-05         
                         inj it  1 INJ   0.1762E-12            
t =    2.2002 + 0.0200 : net it  0 NET   0.2764E-05                       
                         inj it  0 INJ   0.6204E-05                          4 S  =>  0.4421E-07 (PV1)
                                   NET   0.2764E-05         
                         inj it  1 INJ   0.2048E-12            
t =    2.2202 + 0.0200 : net it  0 NET   0.2764E-05                       
                         inj it  0 INJ   0.6083E-05                          4 S  =>  0.3792E-07 (PV1)
                                   NET   0.2764E-05         
                         inj it  1 INJ   0.3638E-11            
t =    2.2402 + 0.0200 : net it  0 NET   0.2764E-05                       
                         inj it  0 INJ   0.5946E-05                          4 S  =>  0.3212E-07 (PV1)
                                   NET   0.2764E-05         
                         inj it  1 INJ   0.2509E-12            
t =    2.2602 + 0.0200 : net it  0 NET   0.2764E-05                       
                         inj it  0 INJ   0.5796E-05                          4 S  =>  0.2677E-07 (PV1)
                                   NET   0.2765E-05         
                         inj it  1 INJ   0.2689E-12            
t =    2.2802 + 0.0200 : net it  0 NET   0.2765E-05                       
                         inj it  0 INJ   0.5635E-05                          4 S  =>  0.2186E-07 (PV1)
                                   NET   0.2765E-05         
                         inj it  1 INJ   0.3638E-11            
t =    2.3002 + 0.0200 : net it  0 NET   0.2765E-05                       
                         inj it  0 INJ   0.5464E-05                          4 S  =>  0.1736E-07 (PV1)
                                   NET   0.2765E-05         
                         inj it  1 INJ   0.3638E-11            
t =    2.3202 + 0.0200 : net it  0 NET   0.2765E-05                       
                         inj it  0 INJ   0.5287E-05                          4 S  =>  0.1324E-07 (PV1)
                                   NET   0.2765E-05         
                         inj it  1 INJ   0.3638E-11            
t =    2.3402 + 0.0200 : net it  0 NET   0.2765E-05                       
                         inj it  0 INJ   0.5103E-05                          4 S  =>  0.1034E-07 (PV1)
                                   NET   0.2766E-05         
                         inj it  1 INJ   0.3120E-12            
t =    2.3602 + 0.0200 : net it  0 NET   0.2766E-05                       
                         inj it  0 INJ   0.4914E-05                          4 S  =>  0.1050E-07 (PV1)
                                   NET   0.2766E-05         
                         inj it  1 INJ   0.3638E-11            
t =    2.3802 + 0.0200 : net it  0 NET   0.2766E-05                       
                         inj it  0 INJ   0.4723E-05                          4 S  =>  0.1059E-07 (PV1)
                                   NET   0.2766E-05         
                         inj it  1 INJ   0.3638E-11            
t =    2.4002 + 0.0200 : net it  0 NET   0.2766E-05                       
                         inj it  0 INJ   0.4530E-05                          4 S  =>  0.1063E-07 (PV1)
                                   NET   0.2767E-05         
                         inj it  1 INJ   0.3210E-12            
t =    2.4202 + 0.0200 : net it  0 NET   0.2767E-05                       
                         inj it  0 INJ   0.4336E-05                          4 S  =>  0.1061E-07 (PV1)
                                   NET   0.2767E-05         
                         inj it  1 INJ   0.3204E-12            
t =    2.4402 + 0.0200 : net it  0 NET   0.2767E-05                       
                         inj it  0 INJ   0.4142E-05                          4 S  =>  0.1054E-07 (PV1)
                                   NET   0.2767E-05         
                         inj it  1 INJ   0.3185E-12            
t =    2.4602 + 0.0200 : net it  0 NET   0.2767E-05                       
                         inj it  0 INJ   0.3949E-05                          4 S  =>  0.1043E-07 (PV1)
                                   NET   0.2768E-05         
                         inj it  1 INJ   0.3638E-11            
t =    2.4802 + 0.0200 : net it  0 NET   0.2768E-05                       
                         inj it  0 INJ   0.3758E-05                          4 S  =>  0.1029E-07 (PV1)
                                   NET   0.2768E-05         
                         inj it  1 INJ   0.3638E-11            
t =    2.5002 + 0.0200 : net it  0 NET   0.2768E-05                       
                         inj it  0 INJ   0.3569E-05                          4 S  =>  0.1011E-07 (PV1)
                                   NET   0.2768E-05         
                         inj it  1 INJ   0.3059E-12            
t =    2.5202 + 0.0200 : net it  0 NET   0.2768E-05                       
                         inj it  0 INJ   0.3384E-05                          4 S  =>  0.1097E-07 (PV1)
                                   NET   0.2769E-05         
                         inj it  1 INJ   0.2999E-12            
t =    2.5402 + 0.0200 : net it  0 NET   0.2769E-05                       
                         inj it  0 INJ   0.3202E-05                          4 S  =>  0.1209E-07 (PV1)
                                   NET   0.2769E-05         
                         inj it  1 INJ   0.2930E-12            
t =    2.5602 + 0.0200 : net it  0 NET   0.2769E-05                       
                         inj it  0 INJ   0.3025E-05                          4 S  =>  0.1304E-07 (PV1)
                                   NET   0.2769E-05         
                         inj it  1 INJ   0.2854E-12            
t =    2.5802 + 0.0200 : net it  0 NET   0.2769E-05                       
                         inj it  0 INJ   0.2852E-05                          4 S  =>  0.1383E-07 (PV1)
                                   NET   0.2769E-05         
                         inj it  1 INJ   0.3638E-11            
t =    2.6002 + 0.0200 : net it  0 NET   0.2769E-05                       
                         inj it  0 INJ   0.2683E-05                          4 S  =>  0.1448E-07 (PV1)
                                   NET   0.2770E-05         
                         inj it  1 INJ   0.3638E-11            
t =    2.6202 + 0.0200 : net it  0 NET   0.2770E-05                       
                         inj it  0 INJ   0.2520E-05                          4 S  =>  0.1499E-07 (PV1)
                                   NET   0.2770E-05         
                         inj it  1 INJ   0.3638E-11            
t =    2.6402 + 0.0200 : net it  0 NET   0.2770E-05                       
                         inj it  0 INJ   0.2362E-05                          4 S  =>  0.1538E-07 (PV1)
                                   NET   0.2770E-05         
                         inj it  1 INJ   0.2510E-12            
t =    2.6602 + 0.0200 : net it  0 NET   0.2770E-05                       
                         inj it  0 INJ   0.2210E-05                          4 S  =>  0.1566E-07 (PV1)
                                   NET   0.2770E-05         
                         inj it  1 INJ   0.7276E-11            
t =    2.6802 + 0.0200 : net it  0 NET   0.2770E-05                       
                         inj it  0 INJ   0.2063E-05                          4 S  =>  0.1583E-07 (PV1)
                                   NET   0.2771E-05         
                         inj it  1 INJ   0.2323E-12            
t =    2.7002 + 0.0200 : net it  0 NET   0.2771E-05                       
                         inj it  0 INJ   0.1922E-05                          4 S  =>  0.1592E-07 (PV1)
                                   NET   0.2771E-05         
                         inj it  1 INJ   0.2227E-12            
t =    2.7202 + 0.0200 : net it  0 NET   0.2771E-05                       
                         inj it  0 INJ   0.1787E-05                          4 S  =>  0.1592E-07 (PV1)
                                   NET   0.2771E-05         
                         inj it  1 INJ   0.2128E-12            
t =    2.7402 + 0.0200 : net it  0 NET   0.2771E-05                       
                         inj it  0 INJ   0.1658E-05                          4 S  =>  0.1585E-07 (PV1)
                                   NET   0.2771E-05         
                         inj it  1 INJ   0.2036E-12            
t =    2.7602 + 0.0200 : net it  0 NET   0.2771E-05                       
                         inj it  0 INJ   0.1534E-05                          4 S  =>  0.1571E-07 (PV1)
                                   NET   0.2772E-05         
                         inj it  1 INJ   0.1939E-12            
t =    2.7802 + 0.0200 : net it  0 NET   0.2772E-05                       
                         inj it  0 INJ   0.1417E-05                          4 S  =>  0.1551E-07 (PV1)
                                   NET   0.2772E-05         
                         inj it  1 INJ   0.1845E-12            
t =    2.8002 + 0.0200 : net it  0 NET   0.2772E-05                       
                         inj it  0 INJ   0.1305E-05                          4 S  =>  0.1527E-07 (PV1)
                                   NET   0.2772E-05         
                         inj it  1 INJ   0.1751E-12            
t =    2.8202 + 0.0200 : net it  0 NET   0.2772E-05                       
                         inj it  0 INJ   0.1198E-05                          4 S  =>  0.1497E-07 (PV1)
                                   NET   0.2772E-05         
                         inj it  1 INJ   0.3638E-11            
t =    2.8402 + 0.0200 : net it  0 NET   0.2772E-05                       
                         inj it  0 INJ   0.1097E-05                          4 S  =>  0.1464E-07 (PV1)
                                   NET   0.2772E-05         
                         inj it  1 INJ   0.1572E-12            
t =    2.8602 + 0.0200 : net it  0 NET   0.2772E-05                       
                         inj it  0 INJ   0.1002E-05                          4 S  =>  0.1428E-07 (PV1)
                                   NET   0.2772E-05         
                         inj it  1 INJ   0.3638E-11            
t =    2.8802 + 0.0200 : net it  0 NET   0.2772E-05                       
                         inj it  0 INJ   0.9116E-06                          4 S  =>  0.1389E-07 (PV1)
                                   NET   0.2772E-05         
                         inj it  1 INJ   0.1397E-12            
t =    2.9002 + 0.0200 : net it  0 NET   0.2772E-05                       
                         inj it  0 INJ   0.8266E-06                          4 S  =>  0.1347E-07 (PV1)
                                   NET   0.2773E-05         
                         inj it  1 INJ   0.3638E-11            
t =    2.9202 + 0.0200 : net it  0 NET   0.2773E-05                       
                         inj it  0 INJ   0.7467E-06                          4 S  =>  0.1304E-07 (PV1)
                                   NET   0.2773E-05         
                         inj it  1 INJ   0.7276E-11            
t =    2.9402 + 0.0200 : net it  0 NET   0.2773E-05                       
                         inj it  0 INJ   0.6716E-06                          4 S  =>  0.1259E-07 (PV1)
                                   NET   0.2773E-05         
                         inj it  1 INJ   0.1157E-12            
t =    2.9602 + 0.0200 : net it  0 NET   0.2773E-05                       
                         inj it  0 INJ   0.6012E-06                          4 S  =>  0.1213E-07 (PV1)
                                   NET   0.2773E-05         
                         inj it  1 INJ   0.1083E-12            
t =    2.9802 + 0.0200 : net it  0 NET   0.2773E-05                       
                         inj it  0 INJ   0.5354E-06                          4 S  =>  0.1166E-07 (PV1)
                                   NET   0.2773E-05         
                         inj it  1 INJ   0.3638E-11            
t =    3.0002 + 0.0200 : net it  0 NET   0.2773E-05                       
                         inj it  0 INJ   0.4739E-06                          4 S  =>  0.1119E-07 (PV1)
                                   NET   0.2773E-05         
                         inj it  1 INJ   0.3638E-11            
t =    3.0202 + 0.0200 : net it  0 NET   0.2773E-05                       
                         inj it  0 INJ   0.4167E-06                          4 S  =>  0.1071E-07 (PV1)
                                   NET   0.2773E-05         
                         inj it  1 INJ   0.3638E-11            
t =    3.0402 + 0.0200 : net it  0 NET   0.2773E-05                       
                         inj it  0 INJ   0.3635E-06                          4 S  =>  0.1023E-07 (PV1)
                                   NET   0.2773E-05         
                         inj it  1 INJ   0.8095E-13            
t =    3.0602 + 0.0200 : net it  0 NET   0.2773E-05                       
                         inj it  0 INJ   0.3141E-06                          4 S  =>  0.9760E-08 (PV1)
                                   NET   0.2773E-05         
                         inj it  1 INJ   0.3638E-11            
t =    3.0802 + 0.0200 : net it  0 NET   0.2773E-05                       
                         inj it  0 INJ   0.2685E-06                          4 S  =>  0.9290E-08 (PV1)
                                   NET   0.2773E-05         
                         inj it  1 INJ   0.6910E-13            
t =    3.1002 + 0.0200 : net it  0 NET   0.2773E-05                       
                         inj it  0 INJ   0.2263E-06                          4 S  =>  0.8826E-08 (PV1)
                                   NET   0.2774E-05         
                         inj it  1 INJ   0.6370E-13            
t =    3.1202 + 0.0200 : net it  0 NET   0.2774E-05                       
                         inj it  0 INJ   0.1875E-06                          4 S  =>  0.8370E-08 (PV1)
                                   NET   0.2774E-05         
                         inj it  1 INJ   0.3638E-11            
t =    3.1402 + 0.0200 : net it  0 NET   0.2774E-05                       
                         inj it  0 INJ   0.1518E-06                          4 S  =>  0.7923E-08 (PV1)
                                   NET   0.2774E-05         
                         inj it  1 INJ   0.5684E-13            
t =    3.1602 + 0.0200 : net it  0 NET   0.2774E-05                       
                         inj it  0 INJ   0.1277E-06                          4 S  =>  0.7485E-08 (PV1)
                                   NET   0.2774E-05         
                         inj it  1 INJ   0.3638E-11            
t =    3.1802 + 0.0200 : net it  0 NET   0.2774E-05                       
                         inj it  0 INJ   0.1164E-06                          4 S  =>  0.7059E-08 (PV1)
                                   NET   0.2774E-05         
                         inj it  1 INJ   0.3638E-11            
t =    3.2002 + 0.0200 : net it  0 NET   0.2774E-05                       
                         inj it  0 INJ   0.1057E-06                          4 S  =>  0.6644E-08 (PV1)
                                   NET   0.2774E-05         
                         inj it  1 INJ   0.7276E-11            
t =    3.2202 + 0.0200 : net it  0 NET   0.2774E-05                       
                         inj it  0 INJ   0.9559E-07                          4 S  =>  0.6242E-08 (PV1)
                                   NET   0.2774E-05         
                         inj it  1 INJ   0.3638E-11            
t =    3.2402 + 0.0200 : net it  0 NET   0.2774E-05                       
                         inj it  0 INJ   0.8612E-07                          4 S  =>  0.5852E-08 (PV1)
                                   NET   0.2774E-05         
                         inj it  1 INJ   0.5684E-13            
t =    3.2602 + 0.0200 : net it  0 NET   0.2774E-05                       
                         inj it  0 INJ   0.7725E-07                          4 S  =>  0.5477E-08 (PV1)
                                   NET   0.2774E-05         
                         inj it  1 INJ   0.3638E-11            
t =    3.2802 + 0.0200 : net it  0 NET   0.2774E-05                       
                         inj it  0 INJ   0.6894E-07                          4 S  =>  0.5115E-08 (PV1)
                                   NET   0.2774E-05         
                         inj it  1 INJ   0.3169E-13            
t =    3.3002 + 0.0200 : net it  0 NET   0.2774E-05                       
                         inj it  0 INJ   0.6117E-07                          4 S  =>  0.4767E-08 (PV1)
                                   NET   0.2774E-05         
                         inj it  1 INJ   0.5684E-13            
t =    3.3202 + 0.0200 : net it  0 NET   0.2774E-05                       
                         inj it  0 INJ   0.5393E-07                          4 S  =>  0.4433E-08 (PV1)
                                   NET   0.2774E-05         
                         inj it  1 INJ   0.3638E-11            
t =    3.3402 + 0.0200 : net it  0 NET   0.2774E-05                       
                         inj it  0 INJ   0.6459E-07                          4 S  =>  0.4113E-08 (PV1)
                                   NET   0.2774E-05         
                         inj it  1 INJ   0.3638E-11            
t =    3.3602 + 0.0200 : net it  0 NET   0.2774E-05                       
                         inj it  0 INJ   0.7536E-07                          4 S  =>  0.3808E-08 (PV1)
                                   NET   0.2774E-05         
                         inj it  1 INJ   0.5684E-13            
t =    3.3802 + 0.0200 : net it  0 NET   0.2774E-05                       
                         inj it  0 INJ   0.8467E-07                          4 S  =>  0.3517E-08 (PV1)
                                   NET   0.2774E-05         
                         inj it  1 INJ   0.5684E-13            
t =    3.4002 + 0.0200 : net it  0 NET   0.2774E-05                       
                         inj it  0 INJ   0.9261E-07                          4 S  =>  0.3240E-08 (PV1)
                                   NET   0.2774E-05         
                         inj it  1 INJ   0.3638E-11            
t =    3.4202 + 0.0200 : net it  0 NET   0.2774E-05                       
                         inj it  0 INJ   0.9931E-07                          4 S  =>  0.2977E-08 (PV1)
                                   NET   0.2774E-05         
                         inj it  1 INJ   0.1137E-12            
t =    3.4402 + 0.0200 : net it  0 NET   0.2774E-05                       
                         inj it  0 INJ   0.1048E-06                          4 S  =>  0.2727E-08 (PV1)
                                   NET   0.2774E-05         
                         inj it  1 INJ   0.3638E-11            
t =    3.4602 + 0.0200 : net it  0 NET   0.2774E-05                       
                         inj it  0 INJ   0.1093E-06                          4 S  =>  0.2491E-08 (PV1)
                                   NET   0.2774E-05         
                         inj it  1 INJ   0.5684E-13            
t =    3.4802 + 0.0200 : net it  0 NET   0.2774E-05                       
                         inj it  0 INJ   0.1128E-06                          4 S  =>  0.2268E-08 (PV1)
                                   NET   0.2774E-05         
                         inj it  1 INJ   0.3638E-11            
t =    3.5002 + 0.0200 : net it  0 NET   0.2774E-05                       
                         inj it  0 INJ   0.1154E-06                          4 S  =>  0.2058E-08 (PV1)
                                   NET   0.2774E-05         
                         inj it  1 INJ   0.3638E-11            
t =    3.5202 + 0.0200 : net it  0 NET   0.2774E-05                       
                         inj it  0 INJ   0.1173E-06                          4 S  =>  0.1860E-08 (PV1)
                                   NET   0.2774E-05         
                         inj it  1 INJ   0.5684E-13            
t =    3.5402 + 0.0200 : net it  0 NET   0.2774E-05                       
                         inj it  0 INJ   0.1183E-06                          4 S  =>  0.1674E-08 (PV1)
                                   NET   0.2774E-05         
                         inj it  1 INJ   0.3638E-11            
t =    3.5602 + 0.0200 : net it  0 NET   0.2774E-05                       
                         inj it  0 INJ   0.1188E-06                          4 S  =>  0.1500E-08 (PV1)
                                   NET   0.2774E-05         
                         inj it  1 INJ   0.5684E-13            
t =    3.5802 + 0.0200 : net it  0 NET   0.2774E-05                       
                         inj it  0 INJ   0.1186E-06                          4 S  =>  0.1336E-08 (PV1)
                                   NET   0.2774E-05         
                         inj it  1 INJ   0.3638E-11            
t =    3.6002 + 0.0200 : net it  0 NET   0.2774E-05                       
                         inj it  0 INJ   0.1179E-06                          4 S  =>  0.1184E-08 (PV1)
                                   NET   0.2774E-05         
                         inj it  1 INJ   0.7276E-11            
t =    3.6202 + 0.0200 : net it  0 NET   0.2774E-05                       
                         inj it  0 INJ   0.1167E-06                          4 S  =>  0.1042E-08 (PV1)
                                   NET   0.2774E-05         
                         inj it  1 INJ   0.1091E-10            
t =    3.6402 + 0.0200 : net it  0 NET   0.2774E-05                       
                         inj it  0 INJ   0.1151E-06                          4 S  =>  0.9101E-09 (PV1)
                                   NET   0.2774E-05         
                         inj it  1 INJ   0.3638E-11            
t =    3.6602 + 0.0200 : net it  0 NET   0.2774E-05                       
                         inj it  0 INJ   0.1132E-06                          4 S  =>  0.7877E-09 (PV1)
                                   NET   0.2774E-05         
                         inj it  1 INJ   0.1421E-13            
t =    3.6802 + 0.0200 : net it  0 NET   0.2774E-05                       
                         inj it  0 INJ   0.1109E-06                          4 S  =>  0.6744E-09 (PV1)
                                   NET   0.2774E-05         
                         inj it  1 INJ   0.1852E-13            
t =    3.7002 + 0.0200 : net it  0 NET   0.2774E-05                       
                         inj it  0 INJ   0.1084E-06                          4 S  =>  0.5697E-09 (PV1)
                                   NET   0.2774E-05         
                         inj it  1 INJ   0.5684E-13            
t =    3.7202 + 0.0200 : net it  0 NET   0.2774E-05                       
                         inj it  0 INJ   0.1056E-06                          4 S  =>  0.4732E-09 (PV1)
                                   NET   0.2774E-05         
                         inj it  1 INJ   0.3638E-11            
t =    3.7402 + 0.0200 : net it  0 NET   0.2774E-05                       
                         inj it  0 INJ   0.1026E-06                          4 S  =>  0.3847E-09 (PV1)
                                   NET   0.2774E-05         
                         inj it  1 INJ   0.3638E-11            
t =    3.7602 + 0.0200 : net it  0 NET   0.2774E-05                       
                         inj it  0 INJ   0.9945E-07                          4 S  =>  0.3035E-09 (PV1)
                                   NET   0.2774E-05         
                         inj it  1 INJ   0.3638E-11            
t =    3.7802 + 0.0200 : net it  0 NET   0.2774E-05                       
                         inj it  0 INJ   0.9617E-07                          4 S  =>  0.2294E-09 (PV1)
                                   NET   0.2774E-05         
                         inj it  1 INJ   0.3638E-11            
t =    3.8002 + 0.0200 : net it  0 NET   0.2774E-05                       
                         inj it  0 INJ   0.9279E-07                          4 S  =>  0.1899E-09 (PV1)
                                   NET   0.2774E-05         
                         inj it  1 INJ   0.3035E-13            
t =    3.8202 + 0.0200 : net it  0 NET   0.2774E-05                       
                         inj it  0 INJ   0.8933E-07                          4 S  =>  0.1926E-09 (PV1)
                                   NET   0.2774E-05         
                         inj it  1 INJ   0.3638E-11            
t =    3.8402 + 0.0200 : net it  0 NET   0.2774E-05                       
                         inj it  0 INJ   0.8582E-07                          4 S  =>  0.1941E-09 (PV1)
                                   NET   0.2774E-05         
                         inj it  1 INJ   0.3638E-11            
t =    3.8602 + 0.0200 : net it  0 NET   0.2774E-05                       
                         inj it  0 INJ   0.8227E-07                          4 S  =>  0.1945E-09 (PV1)
                                   NET   0.2774E-05         
                         inj it  1 INJ   0.7276E-11            
t =    3.8802 + 0.0200 : net it  0 NET   0.2774E-05                       
                         inj it  0 INJ   0.7873E-07                          4 S  =>  0.1940E-09 (PV1)
                                   NET   0.2774E-05         
                         inj it  1 INJ   0.5684E-13            
t =    3.9002 + 0.0200 : net it  0 NET   0.2774E-05                       
                         inj it  0 INJ   0.7518E-07                          4 S  =>  0.1927E-09 (PV1)
                                   NET   0.2774E-05         
                         inj it  1 INJ   0.3638E-11            
t =    3.9202 + 0.0200 : net it  0 NET   0.2774E-05                       
                         inj it  0 INJ   0.7165E-07                          4 S  =>  0.1906E-09 (PV1)
                                   NET   0.2774E-05         
                         inj it  1 INJ   0.5684E-13            
t =    3.9402 + 0.0200 : net it  0 NET   0.2774E-05                       
                         inj it  0 INJ   0.6816E-07                          4 S  =>  0.1878E-09 (PV1)
                                   NET   0.2774E-05         
                         inj it  1 INJ   0.1421E-13            
t =    3.9602 + 0.0200 : net it  0 NET   0.2774E-05                       
                         inj it  0 INJ   0.6472E-07                          4 S  =>  0.1845E-09 (PV1)
                                   NET   0.2774E-05         
                         inj it  1 INJ   0.3638E-11            
t =    3.9802 + 0.0200 : net it  0 NET   0.2774E-05                       
                         inj it  0 INJ   0.6133E-07                          4 S  =>  0.2049E-09 (PV1)
                                   NET   0.2774E-05         
                         inj it  1 INJ   0.5684E-13            
t =    4.0002 + 0.0200 : net it  0 NET   0.2774E-05                       
                         inj it  0 INJ   0.5802E-07                          4 S  =>  0.2247E-09 (PV1)
                                   NET   0.2774E-05         
                         inj it  1 INJ   0.3638E-11            
t =    4.0202 + 0.0200 : net it  0 NET   0.2774E-05                       
                         inj it  0 INJ   0.5478E-07                          4 S  =>  0.2416E-09 (PV1)
                                   NET   0.2774E-05         
                         inj it  1 INJ   0.7276E-11            
t =    4.0402 + 0.0200 : net it  0 NET   0.2774E-05                       
                         inj it  0 INJ   0.5163E-07                          4 S  =>  0.2555E-09 (PV1)
                                   NET   0.2774E-05         
                         inj it  1 INJ   0.7276E-11            
t =    4.0602 + 0.0200 : net it  0 NET   0.2774E-05                       
                         inj it  0 INJ   0.4857E-07                          4 S  =>  0.2669E-09 (PV1)
                                   NET   0.2774E-05         
                         inj it  1 INJ   0.7276E-11            
t =    4.0802 + 0.0200 : net it  0 NET   0.2774E-05                       
                         inj it  0 INJ   0.4560E-07                          4 S  =>  0.2759E-09 (PV1)
                                   NET   0.2774E-05         
                         inj it  1 INJ   0.5684E-13            
t =    4.1002 + 0.0200 : net it  0 NET   0.2774E-05                       
                         inj it  0 INJ   0.4273E-07                          4 S  =>  0.2826E-09 (PV1)
                                   NET   0.2774E-05         
                         inj it  1 INJ   0.3638E-11            
t =    4.1202 + 0.0200 : net it  0 NET   0.2774E-05                       
                         inj it  0 INJ   0.3996E-07                          4 S  =>  0.2873E-09 (PV1)
                                   NET   0.2774E-05         
                         inj it  1 INJ   0.3297E-13            
t =    4.1402 + 0.0200 : net it  0 NET   0.2774E-05                       
                         inj it  0 INJ   0.3730E-07                          4 S  =>  0.2901E-09 (PV1)
                                   NET   0.2774E-05         
                         inj it  1 INJ   0.5684E-13            
t =    4.1602 + 0.0200 : net it  0 NET   0.2774E-05                       
                         inj it  0 INJ   0.3474E-07                          4 S  =>  0.2913E-09 (PV1)
                                   NET   0.2774E-05         
                         inj it  1 INJ   0.4515E-13            
t =    4.1802 + 0.0200 : net it  0 NET   0.2774E-05                       
                         inj it  0 INJ   0.3228E-07                          4 S  =>  0.2912E-09 (PV1)
                                   NET   0.2774E-05         
                         inj it  1 INJ   0.1484E-13            
t =    4.2002 + 0.0200 : net it  0 NET   0.2774E-05                       
                         inj it  0 INJ   0.2993E-07                          4 S  =>  0.2897E-09 (PV1)
                                   NET   0.2774E-05         
                         inj it  1 INJ   0.2544E-13            
t =    4.2202 + 0.0200 : net it  0 NET   0.2774E-05                       
                         inj it  0 INJ   0.2769E-07                          4 S  =>  0.2870E-09 (PV1)
                                   NET   0.2774E-05         
                         inj it  1 INJ   0.3638E-11            
t =    4.2402 + 0.0200 : net it  0 NET   0.2774E-05                       
                         inj it  0 INJ   0.2555E-07                          4 S  =>  0.2833E-09 (PV1)
                                   NET   0.2774E-05         
                         inj it  1 INJ   0.3638E-11            
t =    4.2602 + 0.0200 : net it  0 NET   0.2774E-05                       
                         inj it  0 INJ   0.2352E-07                          4 S  =>  0.2785E-09 (PV1)
                                   NET   0.2774E-05         
                         inj it  1 INJ   0.3638E-11            
t =    4.2802 + 0.0200 : net it  0 NET   0.2774E-05                       
                         inj it  0 INJ   0.2159E-07                          4 S  =>  0.2731E-09 (PV1)
                                   NET   0.2774E-05         
                         inj it  1 INJ   0.2790E-13            
t =    4.3002 + 0.0200 : net it  0 NET   0.2774E-05                       
                         inj it  0 INJ   0.1976E-07                          4 S  =>  0.2670E-09 (PV1)
                                   NET   0.2774E-05         
                         inj it  1 INJ   0.3638E-11            
t =    4.3202 + 0.0200 : net it  0 NET   0.2774E-05                       
                         inj it  0 INJ   0.1803E-07                          4 S  =>  0.2602E-09 (PV1)
                                   NET   0.2774E-05         
                         inj it  1 INJ   0.3638E-11            
t =    4.3402 + 0.0200 : net it  0 NET   0.2774E-05                       
                         inj it  0 INJ   0.1639E-07                          4 S  =>  0.2529E-09 (PV1)
                                   NET   0.2774E-05         
                         inj it  1 INJ   0.3638E-11            
t =    4.3602 + 0.0200 : net it  0 NET   0.2774E-05                       
                         inj it  0 INJ   0.1486E-07                          4 S  =>  0.2452E-09 (PV1)
                                   NET   0.2774E-05         
                         inj it  1 INJ   0.5684E-13            
t =    4.3802 + 0.0200 : net it  0 NET   0.2774E-05                       
                         inj it  0 INJ   0.1341E-07                          4 S  =>  0.2371E-09 (PV1)
                                   NET   0.2774E-05         
                         inj it  1 INJ   0.5684E-13            
t =    4.4002 + 0.0200 : net it  0 NET   0.2774E-05                       
                         inj it  0 INJ   0.1205E-07                          4 S  =>  0.2289E-09 (PV1)
                                   NET   0.2774E-05         
                         inj it  1 INJ   0.4592E-13            
t =    4.4202 + 0.0200 : net it  0 NET   0.2774E-05                       
                         inj it  0 INJ   0.1078E-07                          4 S  =>  0.2205E-09 (PV1)
                                   NET   0.2774E-05         
                         inj it  1 INJ   0.1421E-13            
t =    4.4402 + 0.0200 : net it  0 NET   0.2774E-05                       
                         inj it  0 INJ   0.9593E-08                          4 S  =>  0.2118E-09 (PV1)
                                   NET   0.2774E-05         
                         inj it  1 INJ   0.3638E-11            
t =    4.4602 + 0.0200 : net it  0 NET   0.2774E-05                       
                         inj it  0 INJ   0.8480E-08                          4 S  =>  0.2032E-09 (PV1)
                                   NET   0.2774E-05         
                         inj it  1 INJ   0.3638E-11            
t =    4.4802 + 0.0200 : net it  0 NET   0.2774E-05                       
                         inj it  0 INJ   0.7447E-08                          4 S  =>  0.1945E-09 (PV1)
                                   NET   0.2774E-05         
                         inj it  1 INJ   0.5684E-13            
t =    4.5002 + 0.0200 : net it  0 NET   0.2774E-05                       
                         inj it  0 INJ   0.6487E-08                          4 S  =>  0.1857E-09 (PV1)
                                   NET   0.2774E-05         
                         inj it  1 INJ   0.3638E-11            
t =    4.5202 + 0.0200 : net it  0 NET   0.2774E-05                       
                         inj it  0 INJ   0.5592E-08                          4 S  =>  0.1771E-09 (PV1)
                                   NET   0.2774E-05         
                         inj it  1 INJ   0.5684E-13            
t =    4.5402 + 0.0200 : net it  0 NET   0.2774E-05                       
                         inj it  0 INJ   0.4766E-08                          4 S  =>  0.1685E-09 (PV1)
                                   NET   0.2774E-05         
                         inj it  1 INJ   0.3638E-11            
t =    4.5602 + 0.0200 : net it  0 NET   0.2774E-05                       
                         inj it  0 INJ   0.4009E-08                          4 S  =>  0.1600E-09 (PV1)
                                   NET   0.2774E-05         
                         inj it  1 INJ   0.5684E-13            
t =    4.5802 + 0.0200 : net it  0 NET   0.2774E-05                       
                         inj it  0 INJ   0.3314E-08                          4 S  =>  0.1516E-09 (PV1)
                                   NET   0.2774E-05         
                         inj it  1 INJ   0.3638E-11            
t =    4.6002 + 0.0200 : net it  0 NET   0.2774E-05                       
                         inj it  0 INJ   0.2667E-08                          4 S  =>  0.1436E-09 (PV1)
                                   NET   0.2774E-05         
                         inj it  1 INJ   0.3638E-11            
t =    4.6202 + 0.0200 : net it  0 NET   0.2774E-05                       
                         inj it  0 INJ   0.2299E-08                          4 S  =>  0.1355E-09 (PV1)
                                   NET   0.2774E-05         
                         inj it  1 INJ   0.3638E-11            
t =    4.6402 + 0.0200 : net it  0 NET   0.2774E-05                       
                         inj it  0 INJ   0.2093E-08                          4 S  =>  0.1277E-09 (PV1)
                                   NET   0.2774E-05         
                         inj it  1 INJ   0.5684E-13            
t =    4.6602 + 0.0200 : net it  0 NET   0.2774E-05                       
                         inj it  0 INJ   0.1900E-08                          4 S  =>  0.1202E-09 (PV1)
                                   NET   0.2774E-05         
                         inj it  1 INJ   0.3638E-11            
t =    4.6802 + 0.0200 : net it  0 NET   0.2774E-05                       
                         inj it  0 INJ   0.1718E-08                          4 S  =>  0.1129E-09 (PV1)
                                   NET   0.2774E-05         
                         inj it  1 INJ   0.3638E-11            
t =    4.7002 + 0.0200 : net it  0 NET   0.2774E-05                       
                         inj it  0 INJ   0.1546E-08                          4 S  =>  0.1059E-09 (PV1)
                                   NET   0.2774E-05         
                         inj it  1 INJ   0.3638E-11            
t =    4.7202 + 0.0200 : net it  0 NET   0.2774E-05                       
                         inj it  0 INJ   0.1386E-08                          4 S  =>  0.9906E-10 (PV1)
                                   NET   0.2774E-05         
                         inj it  1 INJ   0.4211E-13            
t =    4.7402 + 0.0200 : net it  0 NET   0.2774E-05                       
                         inj it  0 INJ   0.1235E-08                          4 S  =>  0.9236E-10 (PV1)
                                   NET   0.2774E-05         
                         inj it  1 INJ   0.3638E-11            
t =    4.7602 + 0.0200 : net it  0 NET   0.2774E-05                       
                         inj it  0 INJ   0.1095E-08                          4 S  =>  0.8611E-10 (PV1)
                                   NET   0.2774E-05         
                         inj it  1 INJ   0.5684E-13            
t =    4.7802 + 0.0200 : net it  0 NET   0.2774E-05                       
                         inj it  0 INJ   0.9968E-09                          4 S  =>  0.8002E-10 (PV1)
                                   NET   0.2774E-05         
                         inj it  1 INJ   0.5684E-13            
t =    4.8002 + 0.0200 : net it  0 NET   0.2774E-05                       
                         inj it  0 INJ   0.1219E-08                          4 S  =>  0.7434E-10 (PV1)
                                   NET   0.2774E-05         
                         inj it  1 INJ   0.2263E-13            
t =    4.8202 + 0.0200 : net it  0 NET   0.2774E-05                       
                         inj it  0 INJ   0.1415E-08                          4 S  =>  0.6876E-10 (PV1)
                                   NET   0.2774E-05         
                         inj it  1 INJ   0.3638E-11            
t =    4.8402 + 0.0200 : net it  0 NET   0.2774E-05                       
                         inj it  0 INJ   0.1572E-08                          4 S  =>  0.6335E-10 (PV1)
                                   NET   0.2774E-05         
                         inj it  1 INJ   0.7276E-11            
t =    4.8602 + 0.0200 : net it  0 NET   0.2774E-05                       
                         inj it  0 INJ   0.1721E-08                          4 S  =>  0.5848E-10 (PV1)
                                   NET   0.2774E-05         
                         inj it  1 INJ   0.3638E-11            
t =    4.8802 + 0.0200 : net it  0 NET   0.2774E-05                       
                         inj it  0 INJ   0.1837E-08                          4 S  =>  0.5367E-10 (PV1)
                                   NET   0.2774E-05         
                         inj it  1 INJ   0.3638E-11            
t =    4.9002 + 0.0200 : net it  0 NET   0.2774E-05                       
                         inj it  0 INJ   0.1939E-08                          4 S  =>  0.4921E-10 (PV1)
                                   NET   0.2774E-05         
                         inj it  1 INJ   0.3638E-11            
t =    4.9202 + 0.0200 : net it  0 NET   0.2774E-05                       
                         inj it  0 INJ   0.2015E-08                          4 S  =>  0.4488E-10 (PV1)
                                   NET   0.2774E-05         
                         inj it  1 INJ   0.3642E-13            
t =    4.9402 + 0.0200 : net it  0 NET   0.2774E-05                       
                         inj it  0 INJ   0.2074E-08                          4 S  =>  0.4082E-10 (PV1)
                                   NET   0.2774E-05         
                         inj it  1 INJ   0.5684E-13            
t =    4.9602 + 0.0200 : net it  0 NET   0.2774E-05                       
                         inj it  0 INJ   0.2117E-08                          4 S  =>  0.3696E-10 (PV1)
                                   NET   0.2774E-05         
                         inj it  1 INJ   0.3638E-11            
t =    4.9802 + 0.0200 : net it  0 NET   0.2774E-05                       
                         inj it  0 INJ   0.2150E-08                          4 S  =>  0.3336E-10 (PV1)
                                   NET   0.2774E-05         
                         inj it  1 INJ   0.3638E-11            
t =    5.0002 + 0.0200 : net it  0 NET   0.2774E-05                       
                         inj it  0 INJ   0.2168E-08                          4 S  =>  0.3006E-10 (PV1)
                                   NET   0.2774E-05         
                         inj it  1 INJ   0.5684E-13            
t =    5.0202 + 0.0200 : net it  0 NET   0.2774E-05                       
                         inj it  0 INJ   0.2172E-08                          4 S  =>  0.2691E-10 (PV1)
                                   NET   0.2774E-05         
                         inj it  1 INJ   0.3638E-11            
t =    5.0402 + 0.0200 : net it  0 NET   0.2774E-05                       
                         inj it  0 INJ   0.2168E-08                          4 S  =>  0.2388E-10 (PV1)
                                   NET   0.2774E-05         
                         inj it  1 INJ   0.3638E-11            
t =    5.0602 + 0.0200 : net it  0 NET   0.2774E-05                       
                         inj it  0 INJ   0.2157E-08                          4 S  =>  0.2123E-10 (PV1)
                                   NET   0.2774E-05         
                         inj it  1 INJ   0.3638E-11            
t =    5.0802 + 0.0200 : net it  0 NET   0.2774E-05                       
                         inj it  0 INJ   0.2132E-08                          4 S  =>  0.1865E-10 (PV1)
                                   NET   0.2774E-05         
                         inj it  1 INJ   0.5684E-13            
t =    5.1002 + 0.0200 : net it  0 NET   0.2774E-05                       
                         inj it  0 INJ   0.2103E-08                          4 S  =>  0.1620E-10 (PV1)
                                   NET   0.2774E-05         
                         inj it  1 INJ   0.1421E-13            
t =    5.1202 + 0.0200 : net it  0 NET   0.2774E-05                       
                         inj it  0 INJ   0.2066E-08                          4 S  =>  0.1405E-10 (PV1)
                                   NET   0.2774E-05         
                         inj it  1 INJ   0.3638E-11            
t =    5.1402 + 0.0200 : net it  0 NET   0.2774E-05                       
                         inj it  0 INJ   0.2019E-08                          4 S  =>  0.1197E-10 (PV1)
                                   NET   0.2774E-05         
                         inj it  1 INJ   0.5684E-13            
t =    5.1602 + 0.0200 : net it  0 NET   0.2774E-05                       
                         inj it  0 INJ   0.1972E-08                          4 S  =>  0.1009E-10 (PV1)
                                   NET   0.2774E-05         
                         inj it  1 INJ   0.3638E-11            
t =    5.1802 + 0.0200 : net it  0 NET   0.2774E-05                       
                         inj it  0 INJ   0.1921E-08                          4 S  =>  0.8303E-11 (PV1)
                                   NET   0.2774E-05         
                         inj it  1 INJ   0.5684E-13            
t =    5.2002 + 0.0200 : net it  0 NET   0.2774E-05                       
                         inj it  0 INJ   0.1870E-08                          4 S  =>  0.6815E-11 (PV1)
                                   NET   0.2774E-05         
                         inj it  1 INJ   0.5684E-13            
t =    5.2202 + 0.0200 : net it  0 NET   0.2774E-05                       
                         inj it  0 INJ   0.1808E-08                          4 S  =>  0.5261E-11 (PV1)
                                   NET   0.2774E-05         
                         inj it  1 INJ   0.5684E-13            
t =    5.2402 + 0.0200 : net it  0 NET   0.2774E-05                       
                         inj it  0 INJ   0.1746E-08                          4 S  =>  0.3992E-11 (PV1)
                                   NET   0.2774E-05         
                         inj it  1 INJ   0.5684E-13            
t =    5.2602 + 0.0200 : net it  0 NET   0.2774E-05                       
                         inj it  0 INJ   0.1684E-08                          4 S  =>  0.3484E-11 (PV1)
                                   NET   0.2774E-05         
                         inj it  1 INJ   0.3638E-11            
t =    5.2802 + 0.0200 : net it  0 NET   0.2774E-05                       
                         inj it  0 INJ   0.1623E-08                          4 S  =>  0.3529E-11 (PV1)
                                   NET   0.2774E-05         
                         inj it  1 INJ   0.3638E-11            
t =    5.3002 + 0.0200 : net it  0 NET   0.2774E-05                       
                         inj it  0 INJ   0.1561E-08                          4 S  =>  0.3552E-11 (PV1)
                                   NET   0.2774E-05         
                         inj it  1 INJ   0.1137E-12            
t =    5.3202 + 0.0200 : net it  0 NET   0.2774E-05                       
                         inj it  0 INJ   0.1495E-08                          4 S  =>  0.3557E-11 (PV1)
                                   NET   0.2774E-05         
                         inj it  1 INJ   0.3638E-11            
t =    5.3402 + 0.0200 : net it  0 NET   0.2774E-05                       
                         inj it  0 INJ   0.1430E-08                          4 S  =>  0.3546E-11 (PV1)
                                   NET   0.2774E-05         
                         inj it  1 INJ   0.1421E-13            
t =    5.3602 + 0.0200 : net it  0 NET   0.2774E-05                       
                         inj it  0 INJ   0.1364E-08                          4 S  =>  0.3519E-11 (PV1)
                                   NET   0.2774E-05         
                         inj it  1 INJ   0.5684E-13            
t =    5.3802 + 0.0200 : net it  0 NET   0.2774E-05                       
                         inj it  0 INJ   0.1299E-08                          4 S  =>  0.3478E-11 (PV1)
                                   NET   0.2774E-05         
                         inj it  1 INJ   0.5684E-13            
t =    5.4002 + 0.0200 : net it  0 NET   0.2774E-05                       
                         inj it  0 INJ   0.1237E-08                          4 S  =>  0.3426E-11 (PV1)
                                   NET   0.2774E-05         
                         inj it  1 INJ   0.5684E-13            
t =    5.4202 + 0.0200 : net it  0 NET   0.2774E-05                       
                         inj it  0 INJ   0.1175E-08                          4 S  =>  0.3387E-11 (PV1)
                                   NET   0.2774E-05         
                         inj it  1 INJ   0.5684E-13            
t =    5.4402 + 0.0200 : net it  0 NET   0.2774E-05                       
                         inj it  0 INJ   0.1110E-08                          4 S  =>  0.3819E-11 (PV1)
                                   NET   0.2774E-05         
                         inj it  1 INJ   0.3638E-11            
t =    5.4602 + 0.0200 : net it  0 NET   0.2774E-05                       
                         inj it  0 INJ   0.1059E-08                          4 S  =>  0.4080E-11 (PV1)
                                   NET   0.2774E-05         
                         inj it  1 INJ   0.3638E-11            
t =    5.4802 + 0.0200 : net it  0 NET   0.2774E-05                       
                         inj it  0 INJ   0.9932E-09                          4 S  =>  0.4461E-11 (PV1)
                                   NET   0.2774E-05         
                         inj it  1 INJ   0.3638E-11            
t =    5.5002 + 0.0200 : net it  0 NET   0.2774E-05                       
                         inj it  0 INJ   0.9386E-09                          4 S  =>  0.4706E-11 (PV1)
                                   NET   0.2774E-05         
                         inj it  1 INJ   0.3638E-11            
t =    5.5202 + 0.0200 : net it  0 NET   0.2774E-05                       
                         inj it  0 INJ   0.8804E-09                          4 S  =>  0.4924E-11 (PV1)
                                   NET   0.2774E-05         
                         inj it  1 INJ   0.7276E-11            
t =    5.5402 + 0.0200 : net it  0 NET   0.2774E-05                       
                         inj it  0 INJ   0.8295E-09                          4 S  =>  0.5013E-11 (PV1)
                                   NET   0.2774E-05         
                         inj it  1 INJ   0.3638E-11            
t =    5.5602 + 0.0200 : net it  0 NET   0.2774E-05                       
                         inj it  0 INJ   0.7749E-09                          4 S  =>  0.5211E-11 (PV1)
                                   NET   0.2774E-05         
                         inj it  1 INJ   0.3638E-11            
t =    5.5802 + 0.0200 : net it  0 NET   0.2774E-05                       
                         inj it  0 INJ   0.7276E-09                          4 S  =>  0.5199E-11 (PV1)
                                   NET   0.2774E-05         
                         inj it  1 INJ   0.3638E-11            
t =    5.6002 + 0.0200 : net it  0 NET   0.2774E-05                       
                         inj it  0 INJ   0.6730E-09                          4 S  =>  0.5381E-11 (PV1)
                                   NET   0.2774E-05         
                         inj it  1 INJ   0.4034E-13            
t =    5.6202 + 0.0200 : net it  0 NET   0.2774E-05                       
                         inj it  0 INJ   0.6257E-09                          4 S  =>  0.5334E-11 (PV1)
                                   NET   0.2774E-05         
                         inj it  1 INJ   0.1784E-13            
t =    5.6402 + 0.0200 : net it  0 NET   0.2774E-05                       
                         inj it  0 INJ   0.5857E-09                          4 S  =>  0.5290E-11 (PV1)
                                   NET   0.2774E-05         
                         inj it  1 INJ   0.3638E-11            
t =    5.6602 + 0.0200 : net it  0 NET   0.2774E-05                       
                         inj it  0 INJ   0.5457E-09                          4 S  =>  0.5236E-11 (PV1)
                                   NET   0.2774E-05         
                         inj it  1 INJ   0.3638E-11            
t =    5.6802 + 0.0200 : net it  0 NET   0.2774E-05                       
                         inj it  0 INJ   0.5020E-09                          4 S  =>  0.5223E-11 (PV1)
                                   NET   0.2774E-05         
                         inj it  1 INJ   0.2136E-13            
t =    5.7002 + 0.0200 : net it  0 NET   0.2774E-05                       
                         inj it  0 INJ   0.4620E-09                          4 S  =>  0.5160E-11 (PV1)
                                   NET   0.2774E-05         
                         inj it  1 INJ   0.5684E-13            
t =    5.7202 + 0.0200 : net it  0 NET   0.2774E-05                       
                         inj it  0 INJ   0.4256E-09                          4 S  =>  0.5110E-11 (PV1)
                                   NET   0.2774E-05         
                         inj it  1 INJ   0.5684E-13            
t =    5.7402 + 0.0200 : net it  0 NET   0.2774E-05                       
                         inj it  0 INJ   0.3893E-09                          4 S  =>  0.5015E-11 (PV1)
                                   NET   0.2774E-05         
                         inj it  1 INJ   0.5684E-13            
t =    5.7602 + 0.0200 : net it  0 NET   0.2774E-05                       
                         inj it  0 INJ   0.3529E-09                          4 S  =>  0.4888E-11 (PV1)
                                   NET   0.2774E-05         
                         inj it  1 INJ   0.1421E-13            
t =    5.7802 + 0.0200 : net it  0 NET   0.2774E-05                       
                         inj it  0 INJ   0.3238E-09                          4 S  =>  0.4760E-11 (PV1)
                                   NET   0.2774E-05         
                         inj it  1 INJ   0.5684E-13            
t =    5.8002 + 0.0200 : net it  0 NET   0.2774E-05                       
                         inj it  0 INJ   0.2910E-09                          4 S  =>  0.4726E-11 (PV1)
                                   NET   0.2774E-05         
                         inj it  1 INJ   0.5684E-13            
t =    5.8202 + 0.0200 : net it  0 NET   0.2774E-05                       
                         inj it  0 INJ   0.2619E-09                          4 S  =>  0.4534E-11 (PV1)
                                   NET   0.2774E-05         
                         inj it  1 INJ   0.7276E-11            
t =    5.8402 + 0.0200 : net it  0 NET   0.2774E-05                       
                         inj it  0 INJ   0.2365E-09                          4 S  =>  0.4374E-11 (PV1)
                                   NET   0.2774E-05         
                         inj it  1 INJ   0.3638E-11            
t =    5.8602 + 0.0200 : net it  0 NET   0.2774E-05                       
                         inj it  0 INJ   0.2183E-09                          4 S  =>  0.4107E-11 (PV1)
                                   NET   0.2774E-05         
                         inj it  1 INJ   0.1421E-13            
t =    5.8802 + 0.0200 : net it  0 NET   0.2774E-05                       
                         inj it  0 INJ   0.2001E-09                          4 S  =>  0.3912E-11 (PV1)
                                   NET   0.2774E-05         
                         inj it  1 INJ   0.3638E-11            
t =    5.9002 + 0.0200 : net it  0 NET   0.2774E-05                       
                         inj it  0 INJ   0.1746E-09                          4 S  =>  0.3786E-11 (PV1)
                                   NET   0.2774E-05         
                         inj it  1 INJ   0.3638E-11            
t =    5.9202 + 0.0200 : net it  0 NET   0.2774E-05                       
                         inj it  0 INJ   0.1528E-09                          4 S  =>  0.3658E-11 (PV1)
                                   NET   0.2774E-05         
                         inj it  1 INJ   0.3638E-11            
t =    5.9402 + 0.0200 : net it  0 NET   0.2774E-05                       
                         inj it  0 INJ   0.1346E-09                          4 S  =>  0.3540E-11 (PV1)
                                   NET   0.2774E-05         
                         inj it  1 INJ   0.5684E-13            
t =    5.9602 + 0.0200 : net it  0 NET   0.2774E-05                       
                         inj it  0 INJ   0.1201E-09                          4 S  =>  0.3286E-11 (PV1)
                                   NET   0.2774E-05         
                         inj it  1 INJ   0.3638E-11            
t =    5.9802 + 0.0200 : net it  0 NET   0.2774E-05                       
                         inj it  0 INJ   0.1019E-09                          4 S  =>  0.3230E-11 (PV1)
                                   NET   0.2774E-05         
                         inj it  1 INJ   0.3298E-13            
t =    6.0002 + 0.0200 : net it  0 NET   0.2774E-05                       
                         inj it  0 INJ   0.9095E-10                          4 S  =>  0.2968E-11 (PV1)
                                   NET   0.2774E-05         
                         inj it  1 INJ   0.3638E-11            
t =    6.0202 + 0.0200 : net it  0 NET   0.2774E-05                       
                         inj it  0 INJ   0.6912E-10                          4 S  =>  0.2976E-11 (PV1)
                                   NET   0.2774E-05         
                         inj it  1 INJ   0.3638E-11            
t =    6.0402 + 0.0200 : net it  0 NET   0.2774E-05                       
                         inj it  0 INJ   0.5821E-10                          4 S  =>  0.2753E-11 (PV1)
                                   NET   0.2774E-05         
                         inj it  1 INJ   0.5684E-13            
t =    6.0602 + 0.0200 : net it  0 NET   0.2774E-05                       
                         inj it  0 INJ   0.4729E-10                          4 S  =>  0.2632E-11 (PV1)
                                   NET   0.2774E-05         
                         inj it  1 INJ   0.4323E-13            
t =    6.0802 + 0.0200 : net it  0 NET   0.2774E-05                       
                         inj it  0 INJ   0.4165E-10                          4 S  =>  0.2513E-11 (PV1)
                                   NET   0.2774E-05         
                         inj it  1 INJ   0.5684E-13            
t =    6.1002 + 0.0200 : net it  0 NET   0.2774E-05                       
                         inj it  0 INJ   0.3785E-10                          4 S  =>  0.2301E-11 (PV1)
                                   NET   0.2774E-05         
                         inj it  1 INJ   0.5684E-13            
t =    6.1202 + 0.0200 : net it  0 NET   0.2774E-05                       
                         inj it  0 INJ   0.3435E-10                          4 S  =>  0.2191E-11 (PV1)
                                   NET   0.2774E-05         
                         inj it  1 INJ   0.2385E-13            
t =    6.1402 + 0.0200 : net it  0 NET   0.2774E-05                       
                         inj it  0 INJ   0.3103E-10                          4 S  =>  0.2066E-11 (PV1)
                                   NET   0.2774E-05         
                         inj it  1 INJ   0.3638E-11            
t =    6.1602 + 0.0200 : net it  0 NET   0.2774E-05                       
                         inj it  0 INJ   0.2790E-10                          4 S  =>  0.1955E-11 (PV1)
                                   NET   0.2774E-05         
                         inj it  1 INJ   0.3638E-11            
t =    6.1802 + 0.0200 : net it  0 NET   0.2774E-05                       
                         inj it  0 INJ   0.2494E-10                          4 S  =>  0.1817E-11 (PV1)
                                   NET   0.2774E-05         
                         inj it  1 INJ   0.5684E-13            
t =    6.2002 + 0.0200 : net it  0 NET   0.2774E-05                       
                         inj it  0 INJ   0.2218E-10                          4 S  =>  0.1705E-11 (PV1)
                                   NET   0.2774E-05         
                         inj it  1 INJ   0.2010E-13            
t =    6.2202 + 0.0200 : net it  0 NET   0.2774E-05                       
                         inj it  0 INJ   0.1959E-10                          4 S  =>  0.1492E-11 (PV1)
                                   NET   0.2774E-05         
                         inj it  1 INJ   0.3638E-11            
t =    6.2402 + 0.0200 : net it  0 NET   0.2774E-05                       
                         inj it  0 INJ   0.1819E-10                          4 S  =>  0.1387E-11 (PV1)
                                   NET   0.2774E-05         
                         inj it  1 INJ   0.3038E-13            
t =    6.2602 + 0.0200 : net it  0 NET   0.2774E-05                       
                         inj it  0 INJ   0.2547E-10                          4 S  =>  0.1411E-11 (PV1)
                                   NET   0.2774E-05         
                         inj it  1 INJ   0.3638E-11            
t =    6.2802 + 0.0200 : net it  0 NET   0.2774E-05                       
                         inj it  0 INJ   0.2910E-10                          4 S  =>  0.1242E-11 (PV1)
                                   NET   0.2774E-05         
                         inj it  1 INJ   0.5684E-13            
t =    6.3002 + 0.0200 : net it  0 NET   0.2774E-05                       
                         inj it  0 INJ   0.3274E-10                          4 S  =>  0.1168E-11 (PV1)
                                   NET   0.2774E-05         
                         inj it  1 INJ   0.3638E-11            
t =    6.3202 + 0.0200 : net it  0 NET   0.2774E-05                       
                         inj it  0 INJ   0.3638E-10                          4 S  =>  0.1137E-11 (PV1)
                                   NET   0.2774E-05         
                         inj it  1 INJ   0.3638E-11            
t =    6.3402 + 0.0200 : net it  0 NET   0.2774E-05                       
                         inj it  0 INJ   0.3638E-10                          4 S  =>  0.9990E-12 (PV1)
                                   NET   0.2774E-05         
                         inj it  1 INJ   0.1421E-13            
t =    6.3602 + 0.0200 : net it  0 NET   0.2774E-05                       
                         inj it  0 INJ   0.4002E-10                          4 S  =>  0.9172E-12 (PV1)
                                   NET   0.2774E-05         
                         inj it  1 INJ   0.3638E-11            
t =    6.3802 + 0.0200 : net it  0 NET   0.2774E-05                       
                         inj it  0 INJ   0.4366E-10                          4 S  =>  0.9045E-12 (PV1)
                                   NET   0.2774E-05         
                         inj it  1 INJ   0.2701E-13            
t =    6.4002 + 0.0200 : net it  0 NET   0.2774E-05                       
                         inj it  0 INJ   0.4002E-10                          4 S  =>  0.7093E-12 (PV1)
                                   NET   0.2774E-05         
                         inj it  1 INJ   0.3638E-11            
t =    6.4202 + 0.0200 : net it  0 NET   0.2774E-05                       
                         inj it  0 INJ   0.3638E-10                          4 S  =>  0.6116E-12 (PV1)
                                   NET   0.2774E-05         
                         inj it  1 INJ   0.1421E-13            
t =    6.4402 + 0.0200 : net it  0 NET   0.2774E-05                       
                         inj it  0 INJ   0.3638E-10                          4 S  =>  0.5543E-12 (PV1)
                                   NET   0.2774E-05         
                         inj it  1 INJ   0.5684E-13            
t =    6.4602 + 0.0200 : net it  0 NET   0.2774E-05                       
                         inj it  0 INJ   0.4002E-10                          4 S  =>  0.5411E-12 (PV1)
                                   NET   0.2774E-05         
                         inj it  1 INJ   0.1137E-12            
t =    6.4802 + 0.0200 : net it  0 NET   0.2774E-05                       
                         inj it  0 INJ   0.3638E-10                          4 S  =>  0.4356E-12 (PV1)
                                   NET   0.2774E-05         
                         inj it  1 INJ   0.3638E-11            
t =    6.5002 + 0.0200 : net it  0 NET   0.2774E-05                       
                         inj it  0 INJ   0.3638E-10                          4 S  =>  0.3896E-12 (PV1)
                                   NET   0.2774E-05         
                         inj it  1 INJ   0.3638E-11            
t =    6.5202 + 0.0200 : net it  0 NET   0.2774E-05                       
                         inj it  0 INJ   0.3638E-10                          4 S  =>  0.3061E-12 (PV1)
                                   NET   0.2774E-05         
                         inj it  1 INJ   0.5684E-13            
t =    6.5402 + 0.0200 : net it  0 NET   0.2774E-05                       
                         inj it  0 INJ   0.3274E-10                          4 S  =>  0.2565E-12 (PV1)
                                   NET   0.2774E-05         
                         inj it  1 INJ   0.5684E-13            
t =    6.5602 + 0.0200 : net it  0 NET   0.2774E-05                       
                         inj it  0 INJ   0.3638E-10                          4 S  =>  0.2735E-12 (PV1)
                                   NET   0.2774E-05         
                         inj it  1 INJ   0.5684E-13            
t =    6.5802 + 0.0200 : net it  0 NET   0.2774E-05                       
                         inj it  0 INJ   0.3274E-10                          4 S  =>  0.1709E-12 (PV1)
                                   NET   0.2774E-05         
                         inj it  1 INJ   0.2522E-13            
t =    6.6002 + 0.0200 : net it  0 NET   0.2774E-05                       
                         inj it  0 INJ   0.3638E-10                          4 S  =>  0.2529E-12 (PV1)
                                   NET   0.2774E-05         
                         inj it  1 INJ   0.3638E-11            
t =    6.6202 + 0.0200 : net it  0 NET   0.2774E-05                       
                         inj it  0 INJ   0.3638E-10                          4 S  =>  0.2058E-12 (PV1)
                                   NET   0.2774E-05         
                         inj it  1 INJ   0.4381E-13            
t =    6.6402 + 0.0200 : net it  0 NET   0.2774E-05                       
                         inj it  0 INJ   0.3274E-10                          4 S  =>  0.9551E-13 (PV1)
                                   NET   0.2774E-05         
                         inj it  1 INJ   0.3638E-11            
t =    6.6602 + 0.0200 : net it  0 NET   0.2774E-05                       
                         inj it  0 INJ   0.2910E-10                          4 S  =>  0.1405E-12 (PV1)
                                   NET   0.2774E-05         
                         inj it  1 INJ   0.5684E-13            
t =    6.6802 + 0.0200 : net it  0 NET   0.2774E-05                       
                         inj it  0 INJ   0.2910E-10                          4 S  =>  0.5694E-13 (PV1)
                                   NET   0.2774E-05         
                         inj it  1 INJ   0.5684E-13            
t =    6.7002 + 0.0200 : net it  0 NET   0.2774E-05                       
                         inj it  0 INJ   0.3274E-10                          4 S  =>  0.1188E-12 (PV1)
                                   NET   0.2774E-05         
                         inj it  1 INJ   0.3638E-11            
t =    6.7202 + 0.0200 : net it  0 NET   0.2774E-05                       
                         inj it  0 INJ   0.3638E-10                          4 S  =>  0.1669E-12 (PV1)
                                   NET   0.2774E-05         
                         inj it  1 INJ   0.3638E-11            
t =    6.7402 + 0.0200 : net it  0 NET   0.2774E-05                       
                         inj it  0 INJ   0.3638E-10                          4 S  =>  0.9721E-13 (PV1)
                                   NET   0.2774E-05         
                         inj it  1 INJ   0.7276E-11            
t =    6.7602 + 0.0200 : net it  0 NET   0.2774E-05                       
                         inj it  0 INJ   0.3274E-10                          4 S  =>  0.6543E-13 (PV1)
                                   NET   0.2774E-05         
                         inj it  1 INJ   0.3638E-11            
t =    6.7802 + 0.0200 : net it  0 NET   0.2774E-05                       
                         inj it  0 INJ   0.2910E-10                          4 S  =>  0.6603E-13 (PV1)
                                   NET   0.2774E-05         
                         inj it  1 INJ   0.3638E-11            
t =    6.8002 + 0.0200 : net it  0 NET   0.2774E-05                       
                         inj it  0 INJ   0.2547E-10                          4 S  =>  0.6624E-13 (PV1)
                                   NET   0.2774E-05         
                         inj it  1 INJ   0.3638E-11            
t =    6.8202 + 0.0200 : net it  0 NET   0.2774E-05                       
                         inj it  0 INJ   0.2910E-10                          4 S  =>  0.6663E-13 (PV1)
                                   NET   0.2774E-05         
                         inj it  1 INJ   0.7276E-11            
t =    6.8402 + 0.0200 : net it  0 NET   0.2774E-05                       
                         inj it  0 INJ   0.2547E-10                          4 S  =>  0.6614E-13 (PV1)
                                   NET   0.2774E-05         
                         inj it  1 INJ   0.3638E-11            
t =    6.8602 + 0.0200 : net it  0 NET   0.2774E-05                       
                         inj it  0 INJ   0.2183E-10                          4 S  =>  0.6523E-13 (PV1)
                                   NET   0.2774E-05         
                         inj it  1 INJ   0.1421E-13            
t =    6.8802 + 0.0200 : net it  0 NET   0.2774E-05                       
                         inj it  0 INJ   0.2183E-10                          4 S  =>  0.6697E-13 (PV1)
                                   NET   0.2774E-05         
                         inj it  1 INJ   0.1421E-13            
t =    6.9002 + 0.0200 : net it  0 NET   0.2774E-05                       
                         inj it  0 INJ   0.2183E-10                          4 S  =>  0.7044E-13 (PV1)
                                   NET   0.2774E-05         
                         inj it  1 INJ   0.1421E-13            
t =    6.9202 + 0.0200 : net it  0 NET   0.2774E-05                       
                         inj it  0 INJ   0.2183E-10                          4 S  =>  0.6662E-13 (PV1)
                                   NET   0.2774E-05         
                         inj it  1 INJ   0.5684E-13            
t =    6.9402 + 0.0200 : net it  0 NET   0.2774E-05                       
                         inj it  0 INJ   0.2183E-10                          4 S  =>  0.6087E-13 (PV1)
                                   NET   0.2774E-05         
                         inj it  1 INJ   0.7276E-11            
t =    6.9602 + 0.0200 : net it  0 NET   0.2774E-05                       
                         inj it  0 INJ   0.1091E-10                          4 S  =>  0.1845E-12 (PV1)
                                   NET   0.2774E-05         
                         inj it  1 INJ   0.1091E-10            
t =    6.9802 + 0.0200 : net it  0 NET   0.2774E-05                       
                         inj it  0 INJ   0.1819E-10                          4 S  =>  0.1103E-12 (PV1)
                                   NET   0.2774E-05         
                         inj it  1 INJ   0.1421E-13            
t =    7.0002 + 0.0200 : net it  0 NET   0.2774E-05                       
                         inj it  0 INJ   0.1819E-10                          4 S  =>  0.6719E-13 (PV1)
                                   NET   0.2774E-05         
                         inj it  1 INJ   0.3638E-11            
t =    7.0202 + 0.0200 : net it  0 NET   0.2774E-05                       
                         inj it  0 INJ   0.1819E-10                          4 S  =>  0.7252E-13 (PV1)
                                   NET   0.2774E-05         
                         inj it  1 INJ   0.3638E-11            
t =    7.0402 + 0.0200 : net it  0 NET   0.2774E-05                       
                         inj it  0 INJ   0.1455E-10                          4 S  =>  0.1150E-12 (PV1)
                                   NET   0.2774E-05         
                         inj it  1 INJ   0.1662E-13            
t =    7.0602 + 0.0200 : net it  0 NET   0.2774E-05                       
                         inj it  0 INJ   0.1091E-10                          4 S  =>  0.1432E-12 (PV1)
                                   NET   0.2774E-05         
                         inj it  1 INJ   0.3638E-11            
t =    7.0802 + 0.0200 : net it  0 NET   0.2774E-05                       
                         inj it  0 INJ   0.1091E-10                          4 S  =>  0.1101E-12 (PV1)
                                   NET   0.2774E-05         
                         inj it  1 INJ   0.1137E-12            
t =    7.1002 + 0.0200 : net it  0 NET   0.2774E-05                       
                         inj it  0 INJ   0.7276E-11                          4 S  =>  0.1658E-12 (PV1)
                                   NET   0.2774E-05         
                         inj it  1 INJ   0.2831E-13            
t =    7.1202 + 0.0200 : net it  0 NET   0.2774E-05                       
                         inj it  0 INJ   0.1091E-10                          4 S  =>  0.5816E-13 (PV1)
                                   NET   0.2774E-05         
                         inj it  1 INJ   0.3638E-11            
t =    7.1402 + 0.0200 : net it  0 NET   0.2774E-05                       
                         inj it  0 INJ   0.1455E-10                          4 S  =>  0.5680E-13 (PV1)
                                   NET   0.2774E-05         
                         inj it  1 INJ   0.5684E-13            
t =    7.1602 + 0.0200 : net it  0 NET   0.2774E-05                       
                         inj it  0 INJ   0.1091E-10                          4 S  =>  0.8677E-13 (PV1)
                                   NET   0.2774E-05         
                         inj it  1 INJ   0.5684E-13            
t =    7.1802 + 0.0200 : net it  0 NET   0.2774E-05                       
                         inj it  0 INJ   0.7276E-11                          4 S  =>  0.1588E-12 (PV1)
                                   NET   0.2774E-05         
                         inj it  1 INJ   0.3638E-11            
t =    7.2002 + 0.0200 : net it  0 NET   0.2774E-05                       
                         inj it  0 INJ   0.3638E-11                          4 S  =>  0.1047E-12 (PV1)
                                   NET   0.2774E-05         
                         inj it  1 INJ   0.5684E-13            
t =    7.2202 + 0.0200 : net it  0 NET   0.2774E-05                       
                         inj it  0 INJ   0.3638E-11                          4 S  =>  0.1039E-12 (PV1)
                                   NET   0.2774E-05         
                         inj it  1 INJ   0.2311E-13            
t =    7.2402 + 0.0200 : net it  0 NET   0.2774E-05                       
                         inj it  0 INJ   0.7276E-11                          4 S  =>  0.4737E-13 (PV1)
                                   NET   0.2774E-05         
                         inj it  1 INJ   0.3638E-11            
t =    7.2602 + 0.0200 : net it  0 NET   0.2774E-05                       
                         inj it  0 INJ   0.3638E-11                          4 S  =>  0.7955E-13 (PV1)
                                   NET   0.2774E-05         
                         inj it  1 INJ   0.3638E-11            
t =    7.2802 + 0.0200 : net it  0 NET   0.2774E-05                       
                         inj it  0 INJ   0.3638E-11                          4 S  =>  0.1093E-12 (PV1)
                                   NET   0.2774E-05         
                         inj it  1 INJ   0.3638E-11            
t =    7.3002 + 0.0200 : net it  0 NET   0.2774E-05                       
                         inj it  0 INJ   0.7276E-11                          4 S  =>  0.2804E-13 (PV1)
                                   NET   0.2774E-05         
                         inj it  1 INJ   0.3638E-11            
t =    7.3202 + 0.0200 : net it  0 NET   0.2774E-05                       
                         inj it  0 INJ   0.7276E-11                          4 S  =>  0.4682E-13 (PV1)
                                   NET   0.2774E-05         
                         inj it  1 INJ   0.3062E-13            
t =    7.3402 + 0.0200 : net it  0 NET   0.2774E-05                       
                         inj it  0 INJ   0.7276E-11                          4 S  =>  0.2371E-13 (PV1)
                                   NET   0.2774E-05         
                         inj it  1 INJ   0.3638E-11            
t =    7.3602 + 0.0200 : net it  0 NET   0.2774E-05                       
                         inj it  0 INJ   0.3638E-11                          4 S  =>  0.6609E-13 (PV1)
                                   NET   0.2774E-05         
                         inj it  1 INJ   0.1421E-13            
t =    7.3802 + 0.0200 : net it  0 NET   0.2774E-05                       
                         inj it  0 INJ   0.7276E-11                          4 S  =>  0.2498E-13 (PV1)
                                   NET   0.2774E-05         
                         inj it  1 INJ   0.7276E-11            
t =    7.4002 + 0.0200 : net it  0 NET   0.2774E-05                       
                         inj it  0 INJ   0.3638E-11                          4 S  =>  0.2152E-13 (PV1)
                                   NET   0.2774E-05         
                         inj it  1 INJ   0.3638E-11            
t =    7.4202 + 0.0200 : net it  0 NET   0.2774E-05                       
                         inj it  0 INJ   0.3638E-11                          4 S  =>  0.1662E-12 (PV1)
                                   NET   0.2774E-05         
                         inj it  1 INJ   0.3638E-11            
t =    7.4402 + 0.0200 : net it  0 NET   0.2774E-05                       
                         inj it  0 INJ   0.1376E-11                          4 S  =>  0.9744E-13 (PV1)
                                   NET   0.2774E-05         
                         inj it  1 INJ   0.1902E-13            
t =    7.4602 + 0.0200 : net it  0 NET   0.2774E-05                       
                         inj it  0 INJ   0.1226E-11                          4 S  =>  0.6832E-13 (PV1)
                                   NET   0.2774E-05         
                         inj it  1 INJ   0.1421E-13            
t =    7.4802 + 0.0200 : net it  0 NET   0.2774E-05                       
                         inj it  0 INJ   0.1117E-11                          4 S  =>  0.8674E-13 (PV1)
                                   NET   0.2774E-05         
                         inj it  1 INJ   0.5684E-13            
t =    7.5002 + 0.0200 : net it  0 NET   0.2774E-05                       
                         inj it  0 INJ   0.9881E-12                          4 S  =>  0.4223E-13 (PV1)
                                   NET   0.2774E-05         
                         inj it  1 INJ   0.5684E-13            
t =    7.5202 + 0.0200 : net it  0 NET   0.2774E-05                       
                         inj it  0 INJ   0.9179E-12                          4 S  =>  0.1018E-12 (PV1)
                                   NET   0.2774E-05         
                         inj it  1 INJ   0.5684E-13            
t =    7.5402 + 0.0200 : net it  0 NET   0.2774E-05                       
                         inj it  0 INJ   0.7727E-12                          4 S  =>  0.4153E-13 (PV1)
                                   NET   0.2774E-05         
                         inj it  1 INJ   0.5684E-13            
t =    7.5602 + 0.0200 : net it  0 NET   0.2774E-05                       
                         inj it  0 INJ   0.7030E-12                          4 S  =>  0.3364E-13 (PV1)
                                   NET   0.2774E-05         
                         inj it  1 INJ   0.5684E-13            
t =    7.5802 + 0.0200 : net it  0 NET   0.2774E-05                       
                         inj it  0 INJ   0.6484E-12                          4 S  =>  0.2256E-13 (PV1)
                                   NET   0.2774E-05         
                         inj it  1 INJ   0.2120E-13            
t =    7.6002 + 0.0200 : net it  0 NET   0.2774E-05                       
                         inj it  0 INJ   0.6115E-12                          4 S  =>  0.6266E-13 (PV1)
                                   NET   0.2774E-05         
                         inj it  1 INJ   0.1421E-13            
t =    7.6202 + 0.0200 : net it  0 NET   0.2774E-05                       
                         inj it  0 INJ   0.5231E-12                          4 S  =>  0.4102E-13 (PV1)
                                   NET   0.2774E-05         
                         inj it  1 INJ   0.1687E-13            
t =    7.6402 + 0.0200 : net it  0 NET   0.2774E-05                       
                         inj it  0 INJ   0.4601E-12                          4 S  =>  0.1661E-13 (PV1)
                                   NET   0.2774E-05         
                         inj it  1 INJ   0.1565E-13            
t =    7.6602 + 0.0200 : net it  0 NET   0.2774E-05                       
                         inj it  0 INJ   0.4303E-12                          4 S  =>  0.4473E-13 (PV1)
                                   NET   0.2774E-05         
                         inj it  1 INJ   0.1421E-13            
t =    7.6802 + 0.0200 : net it  0 NET   0.2774E-05                       
                         inj it  0 INJ   0.3664E-12                          4 S  =>  0.1368E-13 (PV1)
                                   NET   0.2774E-05         
                         inj it  1 INJ   0.1421E-13            
t =    7.7002 + 0.0200 : net it  0 NET   0.2774E-05                       
                         inj it  0 INJ   0.3415E-12                          4 S  =>  0.3597E-13 (PV1)
                                   NET   0.2774E-05         
                         inj it  1 INJ   0.2153E-13            
t =    7.7202 + 0.0200 : net it  0 NET   0.2774E-05                       
                         inj it  0 INJ   0.2900E-12                          4 S  =>  0.3862E-14 (PV1)
                                   NET   0.2774E-05         
                         inj it  1 INJ   0.1421E-13            
t =    7.7402 + 0.0200 : net it  0 NET   0.2774E-05                       
                         inj it  0 INJ   0.2842E-12                          4 S  =>  0.1966E-13 (PV1)
                                   NET   0.2774E-05         
                         inj it  1 INJ   0.1909E-13            
t =    7.7602 + 0.0200 : net it  0 NET   0.2774E-05                       
                         inj it  0 INJ   0.2567E-12                          4 S  =>  0.3579E-13 (PV1)
                                   NET   0.2774E-05         
                         inj it  1 INJ   0.2153E-13            
t =    7.7802 + 0.0200 : net it  0 NET   0.2774E-05                       
                         inj it  0 INJ   0.2065E-12                          4 S  =>  0.5554E-14 (PV1)
                                   NET   0.2774E-05         
                         inj it  1 INJ   0.1421E-13            
t =    7.8002 + 0.0200 : net it  0 NET   0.2774E-05                       
                         inj it  0 INJ   0.2087E-12                          4 S  =>  0.9067E-14 (PV1)
                                   NET   0.2774E-05         
                         inj it  1 INJ   0.1421E-13            
t =    7.8202 + 0.0200 : net it  0 NET   0.2774E-05                       
                         inj it  0 INJ   0.1958E-12                          4 S  =>  0.2178E-13 (PV1)
                                   NET   0.2774E-05         
                         inj it  1 INJ   0.2141E-13            
t =    7.8402 + 0.0200 : net it  0 NET   0.2774E-05                       
                         inj it  0 INJ   0.1648E-12                          4 S  =>  0.3148E-13 (PV1)
                                   NET   0.2774E-05         
                         inj it  1 INJ   0.2566E-13            
t =    7.8602 + 0.0200 : net it  0 NET   0.2774E-05                       
                         inj it  0 INJ   0.1199E-12                          4 S  =>  0.1545E-13 (PV1)
                                   NET   0.2774E-05         
                         inj it  1 INJ   0.5684E-13            
t =    7.8802 + 0.0200 : net it  0 NET   0.2774E-05                       
                         inj it  0 INJ   0.1363E-12                          4 S  =>  0.4778E-13 (PV1)
                                   NET   0.2774E-05         
                         inj it  1 INJ   0.1421E-13            
t =    7.9002 + 0.0200 : net it  0 NET   0.2774E-05                       
                         inj it  0 INJ   0.7239E-13                          4 S  =>  0.3535E-14 (PV1)
                                   NET   0.2774E-05         
                         inj it  1 INJ   0.1421E-13            
t =    7.9202 + 0.0200 : net it  0 NET   0.2774E-05                       
                         inj it  0 INJ   0.7194E-13                          4 S  =>  0.1617E-14 (PV1)
                                   NET   0.2774E-05         
                         inj it  1 INJ   0.1421E-13            
t =    7.9402 + 0.0200 : net it  0 NET   0.2774E-05                       
                         inj it  0 INJ   0.6883E-13                          4 S  =>  0.6204E-14 (PV1)
                                   NET   0.2774E-05         
                         inj it  1 INJ   0.1421E-13            
t =    7.9602 + 0.0200 : net it  0 NET   0.2774E-05                       
                         inj it  0 INJ   0.5995E-13                          4 S  =>  0.9839E-14 (PV1)
                                   NET   0.2774E-05         
                         inj it  1 INJ   0.1421E-13            
t =    7.9802 + 0.0200 : net it  0 NET   0.2774E-05                       
                         inj it  0 INJ   0.4574E-13                          4 S  =>  0.1227E-13 (PV1)
                                   NET   0.2774E-05         
                         inj it  1 INJ   0.5684E-13            
t =    8.0002 + 0.0200 : net it  0 NET   0.2774E-05                       
                         inj it  0 INJ   0.5684E-13                          4 S  =>  0.3952E-13 (PV1)
                                   NET   0.2774E-05         
                         inj it  1 INJ   0.1717E-13            
t =    8.0202 + 0.0200 : net it  0 NET   0.2774E-05                       
                         inj it  0 INJ   0.7905E-13                          4 S  =>  0.2149E-13 (PV1)
                                   NET   0.2774E-05         
                         inj it  1 INJ   0.2137E-13            
t =    8.0402 + 0.0200 : net it  0 NET   0.2774E-05                       
                         inj it  0 INJ   0.5373E-13                          4 S  =>  0.2365E-13 (PV1)
                                   NET   0.2774E-05         
                         inj it  1 INJ   0.5684E-13            
t =    8.0602 + 0.0200 : net it  0 NET   0.2774E-05                       
                         inj it  0 INJ   0.5684E-13                          4 S  =>  0.2939E-13 (PV1)
                                   NET   0.2774E-05         
                         inj it  1 INJ   0.2734E-13            
t =    8.0802 + 0.0200 : net it  0 NET   0.2774E-05                       
                         inj it  0 INJ   0.5773E-13                          4 S  =>  0.2946E-13 (PV1)
                                   NET   0.2774E-05         
                         inj it  1 INJ   0.2744E-13            
t =    8.1002 + 0.0200 : net it  0 NET   0.2774E-05                       
                         inj it  0 INJ   0.2744E-13                          4 S  =>  0.2404E-13 (PV1)
                                   NET   0.2774E-05         
                         inj it  1 INJ   0.5684E-13            
t =    8.1202 + 0.0200 : net it  0 NET   0.2774E-05                       
                         inj it  0 INJ   0.5684E-13                          4 S  =>  0.3394E-13 (PV1)
                                   NET   0.2774E-05         
                         inj it  1 INJ   0.2294E-13            
t =    8.1402 + 0.0200 : net it  0 NET   0.2774E-05                       
                         inj it  0 INJ   0.2294E-13                          4 S  =>  0.2087E-13 (PV1)
                                   NET   0.2774E-05         
                         inj it  1 INJ   0.2093E-13            
t =    8.1602 + 0.0200 : net it  0 NET   0.2774E-05                       
                         inj it  0 INJ   0.3153E-13                          4 S  =>  0.1724E-13 (PV1)
                                   NET   0.2774E-05         
                         inj it  1 INJ   0.5684E-13            
t =    8.1802 + 0.0200 : net it  0 NET   0.2774E-05                       
                         inj it  0 INJ   0.5684E-13                          4 S  =>  0.4062E-13 (PV1)
                                   NET   0.2774E-05         
                         inj it  1 INJ   0.1626E-13            
t =    8.2002 + 0.0200 : net it  0 NET   0.2774E-05                       
                         inj it  0 INJ   0.1626E-13                          4 S  =>  0.1485E-13 (PV1)
                                   NET   0.2774E-05         
                         inj it  1 INJ   0.1489E-13            
t =    8.2202 + 0.0200 : net it  0 NET   0.2774E-05                       
                         inj it  0 INJ   0.1954E-13                          4 S  =>  0.1248E-13 (PV1)
                                   NET   0.2774E-05         
                         inj it  1 INJ   0.1421E-13            
t =    8.2402 + 0.0200 : net it  0 NET   0.2774E-05                       
                         inj it  0 INJ   0.3686E-13                          4 S  =>  0.9092E-14 (PV1)
                                   NET   0.2774E-05         
                         inj it  1 INJ   0.5684E-13            
t =    8.2602 + 0.0200 : net it  0 NET   0.2774E-05                       
                         inj it  0 INJ   0.5684E-13                          4 S  =>  0.4792E-13 (PV1)
                                   NET   0.2774E-05         
                         inj it  1 INJ   0.1421E-13            
t =    8.2802 + 0.0200 : net it  0 NET   0.2774E-05                       
                         inj it  0 INJ   0.1421E-13                          4 S  =>  0.9124E-14 (PV1)
                                   NET   0.2774E-05         
                         inj it  1 INJ   0.1421E-13            
t =    8.3002 + 0.0200 : net it  0 NET   0.2774E-05                       
                         inj it  0 INJ   0.1421E-13                          4 S  =>  0.8748E-14 (PV1)
                                   NET   0.2774E-05         
                         inj it  1 INJ   0.1421E-13            
t =    8.3202 + 0.0200 : net it  0 NET   0.2774E-05                       
                         inj it  0 INJ   0.1421E-13                          4 S  =>  0.7687E-14 (PV1)
                                   NET   0.2774E-05         
                         inj it  1 INJ   0.1421E-13            
t =    8.3402 + 0.0200 : net it  0 NET   0.2774E-05                       
                         inj it  0 INJ   0.1776E-13                          4 S  =>  0.5919E-14 (PV1)
                                   NET   0.2774E-05         
                         inj it  1 INJ   0.1421E-13            
t =    8.3602 + 0.0200 : net it  0 NET   0.2774E-05                       
                         inj it  0 INJ   0.2665E-13                          4 S  =>  0.3692E-14 (PV1)
                                   NET   0.2774E-05         
                         inj it  1 INJ   0.1421E-13            
t =    8.3802 + 0.0200 : net it  0 NET   0.2774E-05                       
                         inj it  0 INJ   0.3242E-13                          4 S  =>  0.1207E-14 (PV1)
                                   NET   0.2774E-05         
                         inj it  1 INJ   0.1421E-13            
t =    8.4002 + 0.0200 : net it  0 NET   0.2774E-05                       
                         inj it  0 INJ   0.3464E-13                          4 S  =>  0.1248E-14 (PV1)
                                   NET   0.2774E-05         
                         inj it  1 INJ   0.1421E-13            
t =    8.4202 + 0.0200 : net it  0 NET   0.2774E-05                       
                         inj it  0 INJ   0.3331E-13                          4 S  =>  0.3405E-14 (PV1)
                                   NET   0.2774E-05         
                         inj it  1 INJ   0.1421E-13            
t =    8.4402 + 0.0200 : net it  0 NET   0.2774E-05                       
                         inj it  0 INJ   0.2887E-13                          4 S  =>  0.5140E-14 (PV1)
                                   NET   0.2774E-05         
                         inj it  1 INJ   0.1421E-13            
t =    8.4602 + 0.0200 : net it  0 NET   0.2774E-05                       
                         inj it  0 INJ   0.2176E-13                          4 S  =>  0.6251E-14 (PV1)
                                   NET   0.2774E-05         
                         inj it  1 INJ   0.1421E-13            
t =    8.4802 + 0.0200 : net it  0 NET   0.2774E-05                       
                         inj it  0 INJ   0.1421E-13                          4 S  =>  0.6674E-14 (PV1)
                                   NET   0.2774E-05         
                         inj it  1 INJ   0.1421E-13            
t =    8.5002 + 0.0200 : net it  0 NET   0.2774E-05                       
                         inj it  0 INJ   0.1421E-13                          4 S  =>  0.6423E-14 (PV1)
                                   NET   0.2774E-05         
                         inj it  1 INJ   0.1421E-13            
t =    8.5202 + 0.0200 : net it  0 NET   0.2774E-05                       
                         inj it  0 INJ   0.1421E-13                          4 S  =>  0.5531E-14 (PV1)
                                   NET   0.2774E-05         
                         inj it  1 INJ   0.1421E-13            
t =    8.5402 + 0.0200 : net it  0 NET   0.2774E-05                       
                         inj it  0 INJ   0.1510E-13                          4 S  =>  0.4118E-14 (PV1)
                                   NET   0.2774E-05         
                         inj it  1 INJ   0.1421E-13            
t =    8.5602 + 0.0200 : net it  0 NET   0.2774E-05                       
                         inj it  0 INJ   0.2132E-13                          4 S  =>  0.2360E-14 (PV1)
                                   NET   0.2774E-05         
                         inj it  1 INJ   0.1421E-13            
t =    8.5802 + 0.0200 : net it  0 NET   0.2774E-05                       
                         inj it  0 INJ   0.2531E-13                          4 S  =>  0.4766E-15 (PV1)
                                   NET   0.2774E-05         
                         inj it  1 INJ   0.1421E-13            
t =    8.6002 + 0.0200 : net it  0 NET   0.2774E-05                       
                         inj it  0 INJ   0.2665E-13                          4 S  =>  0.1368E-14 (PV1)
                                   NET   0.2774E-05         
                         inj it  1 INJ   0.1421E-13            
t =    8.6202 + 0.0200 : net it  0 NET   0.2774E-05                       
                         inj it  0 INJ   0.2487E-13                          4 S  =>  0.2956E-14 (PV1)
                                   NET   0.2774E-05         
                         inj it  1 INJ   0.1421E-13            
t =    8.6402 + 0.0200 : net it  0 NET   0.2774E-05                       
                         inj it  0 INJ   0.2087E-13                          4 S  =>  0.4162E-14 (PV1)
                                   NET   0.2774E-05         
                         inj it  1 INJ   0.1421E-13            
t =    8.6602 + 0.0200 : net it  0 NET   0.2774E-05                       
                         inj it  0 INJ   0.1510E-13                          4 S  =>  0.4904E-14 (PV1)
                                   NET   0.2774E-05         
                         inj it  1 INJ   0.1421E-13            
t =    8.6802 + 0.0200 : net it  0 NET   0.2774E-05                       
                         inj it  0 INJ   0.1421E-13                          4 S  =>  0.5074E-14 (PV1)
                                   NET   0.2774E-05         
                         inj it  1 INJ   0.1421E-13            
t =    8.7002 + 0.0200 : net it  0 NET   0.2774E-05                       
                         inj it  0 INJ   0.1421E-13                          4 S  =>  0.4720E-14 (PV1)
                                   NET   0.2774E-05         
                         inj it  1 INJ   0.1421E-13            
t =    8.7202 + 0.0200 : net it  0 NET   0.2774E-05                       
                         inj it  0 INJ   0.1421E-13                          4 S  =>  0.3892E-14 (PV1)
                                   NET   0.2774E-05         
                         inj it  1 INJ   0.1421E-13            
t =    8.7402 + 0.0200 : net it  0 NET   0.2774E-05                       
                         inj it  0 INJ   0.1421E-13                          4 S  =>  0.2763E-14 (PV1)
                                   NET   0.2774E-05         
                         inj it  1 INJ   0.1421E-13            
t =    8.7602 + 0.0200 : net it  0 NET   0.2774E-05                       
                         inj it  0 INJ   0.1688E-13                          4 S  =>  0.1408E-14 (PV1)
                                   NET   0.2774E-05         
                         inj it  1 INJ   0.1421E-13            
t =    8.7802 + 0.0200 : net it  0 NET   0.2774E-05                       
                         inj it  0 INJ   0.1910E-13                          4 S  =>  0.2548E-15 (PV1)
                                   NET   0.2774E-05         
                         inj it  1 INJ   0.1421E-13            
t =    8.8002 + 0.0200 : net it  0 NET   0.2774E-05                       
                         inj it  0 INJ   0.1910E-13                          4 S  =>  0.1279E-14 (PV1)
                                   NET   0.2774E-05         
                         inj it  1 INJ   0.1421E-13            
t =    8.8202 + 0.0200 : net it  0 NET   0.2774E-05                       
                         inj it  0 INJ   0.1776E-13                          4 S  =>  0.2374E-14 (PV1)
                                   NET   0.2774E-05         
                         inj it  1 INJ   0.1421E-13            
t =    8.8402 + 0.0200 : net it  0 NET   0.2774E-05                       
                         inj it  0 INJ   0.1465E-13                          4 S  =>  0.3214E-14 (PV1)
                                   NET   0.2774E-05         
                         inj it  1 INJ   0.1421E-13            
t =    8.8602 + 0.0200 : net it  0 NET   0.2774E-05                       
                         inj it  0 INJ   0.1421E-13                          4 S  =>  0.3674E-14 (PV1)
                                   NET   0.2774E-05         
                         inj it  1 INJ   0.1421E-13            
t =    8.8802 + 0.0200 : net it  0 NET   0.2774E-05                       
                         inj it  0 INJ   0.1421E-13                          4 S  =>  0.3735E-14 (PV1)
                                   NET   0.2774E-05         
                         inj it  1 INJ   0.1421E-13            
t =    8.9002 + 0.0200 : net it  0 NET   0.2774E-05                       
                         inj it  0 INJ   0.1421E-13                          4 S  =>  0.3419E-14 (PV1)
                                   NET   0.2774E-05         
                         inj it  1 INJ   0.1421E-13            
t =    8.9202 + 0.0200 : net it  0 NET   0.2774E-05                       
                         inj it  0 INJ   0.1421E-13                          4 S  =>  0.2772E-14 (PV1)
                                   NET   0.2774E-05         
                         inj it  1 INJ   0.1421E-13            
t =    8.9402 + 0.0200 : net it  0 NET   0.2774E-05                       
                         inj it  0 INJ   0.1421E-13                          4 S  =>  0.1889E-14 (PV1)
                                   NET   0.2774E-05         
                         inj it  1 INJ   0.1421E-13            
t =    8.9602 + 0.0200 : net it  0 NET   0.2774E-05                       
                         inj it  0 INJ   0.1421E-13                          4 S  =>  0.8472E-15 (PV1)
                                   NET   0.2774E-05         
                         inj it  1 INJ   0.1421E-13            
t =    8.9802 + 0.0200 : net it  0 NET   0.2774E-05                       
                         inj it  0 INJ   0.1421E-13                          4 S  =>  0.1890E-15 (PV1)
                                   NET   0.2774E-05         
                         inj it  1 INJ   0.1421E-13            
t =    9.0002 + 0.0200 : net it  0 NET   0.2774E-05                       
                         inj it  0 INJ   0.1421E-13                          4 S  =>  0.1137E-14 (PV1)
                                   NET   0.2774E-05         
                         inj it  1 INJ   0.1421E-13            
t =    9.0202 + 0.0200 : net it  0 NET   0.2774E-05                       
                         inj it  0 INJ   0.1421E-13                          4 S  =>  0.1924E-14 (PV1)
                                   NET   0.2774E-05         
                         inj it  1 INJ   0.1421E-13            
t =    9.0402 + 0.0200 : net it  0 NET   0.2774E-05                       
                         inj it  0 INJ   0.1421E-13                          4 S  =>  0.2489E-14 (PV1)
                                   NET   0.2774E-05         
                         inj it  1 INJ   0.1421E-13            
t =    9.0602 + 0.0200 : net it  0 NET   0.2774E-05                       
                         inj it  0 INJ   0.1421E-13                          4 S  =>  0.2774E-14 (PV1)
                                   NET   0.2774E-05         
                         inj it  1 INJ   0.1421E-13            
t =    9.0802 + 0.0200 : net it  0 NET   0.2774E-05                       
                         inj it  0 INJ   0.1421E-13                          4 S  =>  0.2751E-14 (PV1)
                                   NET   0.2774E-05         
                         inj it  1 INJ   0.1421E-13            
t =    9.1002 + 0.0200 : net it  0 NET   0.2774E-05                       
                         inj it  0 INJ   0.1421E-13                          4 S  =>  0.2472E-14 (PV1)
                                   NET   0.2774E-05         
                         inj it  1 INJ   0.1421E-13            
t =    9.1202 + 0.0200 : net it  0 NET   0.2774E-05                       
                         inj it  0 INJ   0.1421E-13                          4 S  =>  0.1924E-14 (PV1)
                                   NET   0.2774E-05         
                         inj it  1 INJ   0.1421E-13            
t =    9.1402 + 0.0200 : net it  0 NET   0.2774E-05                       
                         inj it  0 INJ   0.1421E-13                          4 S  =>  0.1201E-14 (PV1)
                                   NET   0.2774E-05         
                         inj it  1 INJ   0.1421E-13            
t =    9.1602 + 0.0200 : net it  0 NET   0.2774E-05                       
                         inj it  0 INJ   0.1421E-13                          4 S  =>  0.4305E-15 (PV1)
                                   NET   0.2774E-05         
                         inj it  1 INJ   0.1421E-13            
t =    9.1802 + 0.0200 : net it  0 NET   0.2774E-05                       
                         inj it  0 INJ   0.1421E-13                          4 S  =>  0.3317E-15 (PV1)
                                   NET   0.2774E-05         
                         inj it  1 INJ   0.1421E-13            
t =    9.2002 + 0.0200 : net it  0 NET   0.2774E-05                       
                         inj it  0 INJ   0.1421E-13                          4 S  =>  0.1074E-14 (PV1)
                                   NET   0.2774E-05         
                         inj it  1 INJ   0.1421E-13            
t =    9.2202 + 0.0200 : net it  0 NET   0.2774E-05                       
                         inj it  0 INJ   0.1421E-13                          4 S  =>  0.1625E-14 (PV1)
                                   NET   0.2774E-05         
                         inj it  1 INJ   0.1421E-13            
t =    9.2402 + 0.0200 : net it  0 NET   0.2774E-05                       
                         inj it  0 INJ   0.1421E-13                          4 S  =>  0.2003E-14 (PV1)
                                   NET   0.2774E-05         
                         inj it  1 INJ   0.1421E-13            
t =    9.2602 + 0.0200 : net it  0 NET   0.2774E-05                       
                         inj it  0 INJ   0.1421E-13                          4 S  =>  0.2143E-14 (PV1)
                                   NET   0.2774E-05         
                         inj it  1 INJ   0.1421E-13            
t =    9.2802 + 0.0200 : net it  0 NET   0.2774E-05                       
                         inj it  0 INJ   0.1421E-13                          4 S  =>  0.2040E-14 (PV1)
                                   NET   0.2774E-05         
                         inj it  1 INJ   0.1421E-13            
t =    9.3002 + 0.0200 : net it  0 NET   0.2774E-05                       
                         inj it  0 INJ   0.1421E-13                          4 S  =>  0.1754E-14 (PV1)
                                   NET   0.2774E-05         
                         inj it  1 INJ   0.1421E-13            
t =    9.3202 + 0.0200 : net it  0 NET   0.2774E-05                       
                         inj it  0 INJ   0.1421E-13                          4 S  =>  0.1304E-14 (PV1)
                                   NET   0.2774E-05         
                         inj it  1 INJ   0.1421E-13            
t =    9.3402 + 0.0200 : net it  0 NET   0.2774E-05                       
                         inj it  0 INJ   0.1421E-13                          4 S  =>  0.7179E-15 (PV1)
                                   NET   0.2774E-05         
                         inj it  1 INJ   0.1421E-13            
t =    9.3602 + 0.0200 : net it  0 NET   0.2774E-05                       
                         inj it  0 INJ   0.1421E-13                          4 S  =>  0.1138E-15 (PV1)
                                   NET   0.2774E-05         
                         inj it  1 INJ   0.1421E-13            
t =    9.3802 + 0.0200 : net it  0 NET   0.2774E-05                       
                         inj it  0 INJ   0.1421E-13                          4 S  =>  0.4725E-15 (PV1)
                                   NET   0.2774E-05         
                         inj it  1 INJ   0.1421E-13            
t =    9.4002 + 0.0200 : net it  0 NET   0.2774E-05                       
                         inj it  0 INJ   0.1421E-13                          4 S  =>  0.1014E-14 (PV1)
                                   NET   0.2774E-05         
                         inj it  1 INJ   0.1421E-13            
t =    9.4202 + 0.0200 : net it  0 NET   0.2774E-05                       
                         inj it  0 INJ   0.1421E-13                          4 S  =>  0.1385E-14 (PV1)
                                   NET   0.2774E-05         
                         inj it  1 INJ   0.1421E-13            
t =    9.4402 + 0.0200 : net it  0 NET   0.2774E-05                       
                         inj it  0 INJ   0.1421E-13                          4 S  =>  0.1563E-14 (PV1)
                                   NET   0.2774E-05         
                         inj it  1 INJ   0.1421E-13            
t =    9.4602 + 0.0200 : net it  0 NET   0.2774E-05                       
                         inj it  0 INJ   0.1421E-13                          4 S  =>  0.1611E-14 (PV1)
                                   NET   0.2774E-05         
                         inj it  1 INJ   0.1421E-13            
t =    9.4802 + 0.0200 : net it  0 NET   0.2774E-05                       
                         inj it  0 INJ   0.1421E-13                          4 S  =>  0.1458E-14 (PV1)
                                   NET   0.2774E-05         
                         inj it  1 INJ   0.1421E-13            
t =    9.5002 + 0.0200 : net it  0 NET   0.2774E-05                       
                         inj it  0 INJ   0.1421E-13                          4 S  =>  0.1212E-14 (PV1)
                                   NET   0.2774E-05         
                         inj it  1 INJ   0.1421E-13            
t =    9.5202 + 0.0200 : net it  0 NET   0.2774E-05                       
                         inj it  0 INJ   0.1421E-13                          4 S  =>  0.8322E-15 (PV1)
                                   NET   0.2774E-05         
                         inj it  1 INJ   0.1421E-13            
t =    9.5402 + 0.0200 : net it  0 NET   0.2774E-05                       
                         inj it  0 INJ   0.1421E-13                          4 S  =>  0.3867E-15 (PV1)
                                   NET   0.2774E-05         
                         inj it  1 INJ   0.1421E-13            
t =    9.5602 + 0.0200 : net it  0 NET   0.2774E-05                       
                         inj it  0 INJ   0.1421E-13                          4 S  =>  0.1110E-15 (PV1)
                                   NET   0.2774E-05         
                         inj it  1 INJ   0.1421E-13            
t =    9.5802 + 0.0200 : net it  0 NET   0.2774E-05                       
                         inj it  0 INJ   0.1421E-13                          4 S  =>  0.5347E-15 (PV1)
                                   NET   0.2774E-05         
                         inj it  1 INJ   0.1421E-13            
t =    9.6002 + 0.0200 : net it  0 NET   0.2774E-05                       
                         inj it  0 INJ   0.1421E-13                          4 S  =>  0.8658E-15 (PV1)
                                   NET   0.2774E-05         
                         inj it  1 INJ   0.1421E-13            
t =    9.6202 + 0.0200 : net it  0 NET   0.2774E-05                       
                         inj it  0 INJ   0.1421E-13                          4 S  =>  0.1081E-14 (PV1)
                                   NET   0.2774E-05         
                         inj it  1 INJ   0.1421E-13            
t =    9.6402 + 0.0200 : net it  0 NET   0.2774E-05                       
                         inj it  0 INJ   0.1421E-13                          4 S  =>  0.1244E-14 (PV1)
                                   NET   0.2774E-05         
                         inj it  1 INJ   0.1421E-13            
t =    9.6602 + 0.0200 : net it  0 NET   0.2774E-05                       
                         inj it  0 INJ   0.1421E-13                          4 S  =>  0.1188E-14 (PV1)
                                   NET   0.2774E-05         
                         inj it  1 INJ   0.1421E-13            
t =    9.6802 + 0.0200 : net it  0 NET   0.2774E-05                       
                         inj it  0 INJ   0.1421E-13                          4 S  =>  0.1052E-14 (PV1)
                                   NET   0.2774E-05         
                         inj it  1 INJ   0.1421E-13            
t =    9.7002 + 0.0200 : net it  0 NET   0.2774E-05                       
                         inj it  0 INJ   0.1421E-13                          4 S  =>  0.8362E-15 (PV1)
                                   NET   0.2774E-05         
                         inj it  1 INJ   0.1421E-13            
t =    9.7202 + 0.0200 : net it  0 NET   0.2774E-05                       
                         inj it  0 INJ   0.1421E-13                          4 S  =>  0.5418E-15 (PV1)
                                   NET   0.2774E-05         
                         inj it  1 INJ   0.1421E-13            
t =    9.7402 + 0.0200 : net it  0 NET   0.2774E-05                       
                         inj it  0 INJ   0.1421E-13                          4 S  =>  0.1427E-15 (PV1)
                                   NET   0.2774E-05         
                         inj it  1 INJ   0.1421E-13            
t =    9.7602 + 0.0200 : net it  0 NET   0.2774E-05                       
                         inj it  0 INJ   0.1421E-13                          4 S  =>  0.1731E-15 (PV1)
                                   NET   0.2774E-05         
                         inj it  1 INJ   0.1421E-13            
t =    9.7802 + 0.0200 : net it  0 NET   0.2774E-05                       
                         inj it  0 INJ   0.1421E-13                          4 S  =>  0.5028E-15 (PV1)
                                   NET   0.2774E-05         
                         inj it  1 INJ   0.1421E-13            
t =    9.8002 + 0.0200 : net it  0 NET   0.2774E-05                       
                         inj it  0 INJ   0.1421E-13                          4 S  =>  0.7497E-15 (PV1)
                                   NET   0.2774E-05         
                         inj it  1 INJ   0.1421E-13            
t =    9.8202 + 0.0200 : net it  0 NET   0.2774E-05                       
                         inj it  0 INJ   0.1421E-13                          4 S  =>  0.8666E-15 (PV1)
                                   NET   0.2774E-05         
                         inj it  1 INJ   0.1421E-13            
t =    9.8402 + 0.0200 : net it  0 NET   0.2774E-05                       
                         inj it  0 INJ   0.1421E-13                          4 S  =>  0.9194E-15 (PV1)
                                   NET   0.2774E-05         
                         inj it  1 INJ   0.1421E-13            
t =    9.8602 + 0.0200 : net it  0 NET   0.2774E-05                       
                         inj it  0 INJ   0.1421E-13                          4 S  =>  0.8611E-15 (PV1)
                                   NET   0.2774E-05         
                         inj it  1 INJ   0.1421E-13            
t =    9.8802 + 0.0200 : net it  0 NET   0.2774E-05                       
                         inj it  0 INJ   0.1421E-13                          4 S  =>  0.7321E-15 (PV1)
                                   NET   0.2774E-05         
                         inj it  1 INJ   0.1421E-13            
t =    9.9002 + 0.0200 : net it  0 NET   0.2774E-05                       
                         inj it  0 INJ   0.1421E-13                          4 S  =>  0.5361E-15 (PV1)
                                   NET   0.2774E-05         
                         inj it  1 INJ   0.1421E-13            
t =    9.9202 + 0.0200 : net it  0 NET   0.2774E-05                       
                         inj it  0 INJ   0.1421E-13                          4 S  =>  0.3090E-15 (PV1)
                                   NET   0.2774E-05         
                         inj it  1 INJ   0.1421E-13            
t =    9.9402 + 0.0200 : net it  0 NET   0.2774E-05                       
                         inj it  0 INJ   0.1421E-13                          4 S  =>  0.1110E-15 (PV1)
                                   NET   0.2774E-05         
                         inj it  1 INJ   0.1421E-13            
t =    9.9602 + 0.0200 : net it  0 NET   0.2774E-05                       
                         inj it  0 INJ   0.1421E-13                          4 S  =>  0.1241E-15 (PV1)
                                   NET   0.2774E-05         
                         inj it  1 INJ   0.1421E-13            
t =    9.9802 + 0.0200 : net it  0 NET   0.2774E-05                       
                         inj it  0 INJ   0.1421E-13                          4 S  =>  0.3385E-15 (PV1)
                                   NET   0.2774E-05         
                         inj it  1 INJ   0.1421E-13            
t =   10.0002 + 0.0200 : net it  0 NET   0.2774E-05                       
                         inj it  0 INJ   0.1421E-13                          4 S  =>  0.5164E-15 (PV1)
                                   NET   0.2774E-05         
                         inj it  1 INJ   0.1421E-13            
t =   10.0202 + 0.0200 : net it  0 NET   0.2774E-05                       
                         inj it  0 INJ   0.1421E-13                          4 S  =>  0.6233E-15 (PV1)
                                   NET   0.2774E-05         
                         inj it  1 INJ   0.1421E-13            
t =   10.0402 + 0.0200 : net it  0 NET   0.2774E-05                       
                         inj it  0 INJ   0.1421E-13                          4 S  =>  0.6778E-15 (PV1)
                                   NET   0.2774E-05         
                         inj it  1 INJ   0.1421E-13            
t =   10.0602 + 0.0200 : net it  0 NET   0.2774E-05                       
                         inj it  0 INJ   0.1421E-13                          4 S  =>  0.6394E-15 (PV1)
                                   NET   0.2774E-05         
                         inj it  1 INJ   0.1421E-13            
t =   10.0802 + 0.0200 : net it  0 NET   0.2774E-05                       
                         inj it  0 INJ   0.1421E-13                          4 S  =>  0.5721E-15 (PV1)
                                   NET   0.2774E-05         
                         inj it  1 INJ   0.1421E-13            
t =   10.1002 + 0.0200 : net it  0 NET   0.2774E-05                       
                         inj it  0 INJ   0.1421E-13                          4 S  =>  0.4325E-15 (PV1)
                                   NET   0.2774E-05         
                         inj it  1 INJ   0.1421E-13            
t =   10.1202 + 0.0200 : net it  0 NET   0.2774E-05                       
                         inj it  0 INJ   0.1421E-13                          4 S  =>  0.2578E-15 (PV1)
                                   NET   0.2774E-05         
                         inj it  1 INJ   0.1421E-13            
t =   10.1402 + 0.0200 : net it  0 NET   0.2774E-05                       
                         inj it  0 INJ   0.1421E-13                          4 S  =>  0.1110E-15 (PV1)
                                   NET   0.2774E-05         
                         inj it  1 INJ   0.1421E-13            
t =   10.1602 + 0.0200 : net it  0 NET   0.2774E-05                       
                         inj it  0 INJ   0.1421E-13                          4 S  =>  0.1110E-15 (PV1)
                                   NET   0.2774E-05         
                         inj it  1 INJ   0.1421E-13            
t =   10.1802 + 0.0200 : net it  0 NET   0.2774E-05                       
                         inj it  0 INJ   0.1421E-13                          4 S  =>  0.2801E-15 (PV1)
                                   NET   0.2774E-05         
                         inj it  1 INJ   0.1421E-13            
t =   10.2002 + 0.0200 : net it  0 NET   0.2774E-05                       
                         inj it  0 INJ   0.1421E-13                          4 S  =>  0.4036E-15 (PV1)
                                   NET   0.2774E-05         
                         inj it  1 INJ   0.1421E-13            
t =   10.2202 + 0.0200 : net it  0 NET   0.2774E-05                       
                         inj it  0 INJ   0.1421E-13                          4 S  =>  0.4731E-15 (PV1)
                                   NET   0.2774E-05         
                         inj it  1 INJ   0.1421E-13            
t =   10.2402 + 0.0200 : net it  0 NET   0.2774E-05                       
                         inj it  0 INJ   0.1421E-13                          4 S  =>  0.4613E-15 (PV1)
                                   NET   0.2774E-05         
                         inj it  1 INJ   0.1421E-13            
t =   10.2602 + 0.0200 : net it  0 NET   0.2774E-05                       
                         inj it  0 INJ   0.1421E-13                          4 S  =>  0.4185E-15 (PV1)
                                   NET   0.2774E-05         
                         inj it  1 INJ   0.1421E-13            
t =   10.2802 + 0.0200 : net it  0 NET   0.2774E-05                       
                         inj it  0 INJ   0.1421E-13                          4 S  =>  0.3514E-15 (PV1)
                                   NET   0.2774E-05         
                         inj it  1 INJ   0.1421E-13            
t =   10.3002 + 0.0200 : net it  0 NET   0.2774E-05                       
                         inj it  0 INJ   0.1421E-13                          4 S  =>  0.2740E-15 (PV1)
                                   NET   0.2774E-05         
                         inj it  1 INJ   0.1421E-13            
t =   10.3202 + 0.0200 : net it  0 NET   0.2774E-05                       
                         inj it  0 INJ   0.1421E-13                          4 S  =>  0.1428E-15 (PV1)
                                   NET   0.2774E-05         
                         inj it  1 INJ   0.1421E-13            
t =   10.3402 + 0.0200 : net it  0 NET   0.2774E-05                       
                         inj it  0 INJ   0.1421E-13                          4 S  =>  0.1110E-15 (PV1)
                                   NET   0.2774E-05         
                         inj it  1 INJ   0.1421E-13            
t =   10.3602 + 0.0200 : net it  0 NET   0.2774E-05                       
                         inj it  0 INJ   0.1421E-13                          4 S  =>  0.1110E-15 (PV1)
                                   NET   0.2774E-05         
                         inj it  1 INJ   0.1421E-13            
t =   10.3802 + 0.0200 : net it  0 NET   0.2774E-05                       
                         inj it  0 INJ   0.1421E-13                          4 S  =>  0.2165E-15 (PV1)
                                   NET   0.2774E-05         
                         inj it  1 INJ   0.1421E-13            
t =   10.4002 + 0.0200 : net it  0 NET   0.2774E-05                       
                         inj it  0 INJ   0.1421E-13                          4 S  =>  0.2997E-15 (PV1)
                                   NET   0.2774E-05         
                         inj it  1 INJ   0.1421E-13            
t =   10.4202 + 0.0200 : net it  0 NET   0.2774E-05                       
                         inj it  0 INJ   0.1421E-13                          4 S  =>  0.3309E-15 (PV1)
                                   NET   0.2774E-05         
                         inj it  1 INJ   0.1421E-13            
t =   10.4402 + 0.0200 : net it  0 NET   0.2774E-05                       
                         inj it  0 INJ   0.1421E-13                          4 S  =>  0.3769E-15 (PV1)
                                   NET   0.2774E-05         
                         inj it  1 INJ   0.1421E-13            
t =   10.4602 + 0.0200 : net it  0 NET   0.2774E-05                       
                         inj it  0 INJ   0.1421E-13                          4 S  =>  0.3103E-15 (PV1)
                                   NET   0.2774E-05         
                         inj it  1 INJ   0.1421E-13            
t =   10.4802 + 0.0200 : net it  0 NET   0.2774E-05                       
                         inj it  0 INJ   0.1421E-13                          4 S  =>  0.2484E-15 (PV1)
                                   NET   0.2774E-05         
                         inj it  1 INJ   0.1421E-13            
t =   10.5002 + 0.0200 : net it  0 NET   0.2774E-05                       
                         inj it  0 INJ   0.1421E-13                          4 S  =>  0.1810E-15 (PV1)
                                   NET   0.2774E-05         
                         inj it  1 INJ   0.1421E-13            
t =   10.5202 + 0.0200 : net it  0 NET   0.2774E-05                       
                         inj it  0 INJ   0.1421E-13                          4 S  =>  0.1110E-15 (PV1)
                                   NET   0.2774E-05         
                         inj it  1 INJ   0.1421E-13            
t =   10.5402 + 0.0200 : net it  0 NET   0.2774E-05                       
                         inj it  0 INJ   0.1421E-13                          4 S  =>  0.1110E-15 (PV1)
                                   NET   0.2774E-05         
                         inj it  1 INJ   0.1421E-13            
t =   10.5602 + 0.0200 : net it  0 NET   0.2774E-05                       
                         inj it  0 INJ   0.1421E-13                          4 S  =>  0.1471E-15 (PV1)
                                   NET   0.2774E-05         
                         inj it  1 INJ   0.1421E-13            
t =   10.5802 + 0.0200 : net it  0 NET   0.2774E-05                       
                         inj it  0 INJ   0.1421E-13                          4 S  =>  0.2042E-15 (PV1)
                                   NET   0.2774E-05         
                         inj it  1 INJ   0.1421E-13            
t =   10.6002 + 0.0200 : net it  0 NET   0.2774E-05                       
                         inj it  0 INJ   0.1421E-13                          4 S  =>  0.2301E-15 (PV1)
                                   NET   0.2774E-05         
                         inj it  1 INJ   0.1421E-13            
t =   10.6202 + 0.0200 : net it  0 NET   0.2774E-05                       
                         inj it  0 INJ   0.1421E-13                          4 S  =>  0.2337E-15 (PV1)
                                   NET   0.2774E-05         
                         inj it  1 INJ   0.1421E-13            
t =   10.6402 + 0.0200 : net it  0 NET   0.2774E-05                       
                         inj it  0 INJ   0.1421E-13                          4 S  =>  0.2590E-15 (PV1)
                                   NET   0.2774E-05         
                         inj it  1 INJ   0.1421E-13            
t =   10.6602 + 0.0200 : net it  0 NET   0.2774E-05                       
                         inj it  0 INJ   0.1421E-13                          4 S  =>  0.2479E-15 (PV1)
                                   NET   0.2774E-05         
                         inj it  1 INJ   0.1421E-13            
t =   10.6802 + 0.0200 : net it  0 NET   0.2774E-05                       
                         inj it  0 INJ   0.1421E-13                          4 S  =>  0.1919E-15 (PV1)
                                   NET   0.2774E-05         
                         inj it  1 INJ   0.1421E-13            
t =   10.7002 + 0.0200 : net it  0 NET   0.2774E-05                       
                         inj it  0 INJ   0.1421E-13                          4 S  =>  0.1253E-15 (PV1)
                                   NET   0.2774E-05         
                         inj it  1 INJ   0.1421E-13            
t =   10.7202 + 0.0200 : net it  0 NET   0.2774E-05                       
                         inj it  0 INJ   0.1421E-13                          4 S  =>  0.1110E-15 (PV1)
                                   NET   0.2774E-05         
                         inj it  1 INJ   0.1421E-13            
t =   10.7402 + 0.0200 : net it  0 NET   0.2774E-05                       
                         inj it  0 INJ   0.1421E-13                          4 S  =>  0.1110E-15 (PV1)
                                   NET   0.2774E-05         
                         inj it  1 INJ   0.1421E-13            
t =   10.7602 + 0.0200 : net it  0 NET   0.2774E-05                       
                         inj it  0 INJ   0.1421E-13                          4 S  =>  0.1439E-15 (PV1)
                                   NET   0.2774E-05         
                         inj it  1 INJ   0.1421E-13            
t =   10.7802 + 0.0200 : net it  0 NET   0.2774E-05                       
                         inj it  0 INJ   0.1421E-13                          4 S  =>  0.2359E-15 (PV1)
                                   NET   0.2774E-05         
                         inj it  1 INJ   0.1421E-13            
t =   10.8002 + 0.0200 : net it  0 NET   0.2774E-05                       
                         inj it  0 INJ   0.1421E-13                          4 S  =>  0.2557E-15 (PV1)
                                   NET   0.2774E-05         
                         inj it  1 INJ   0.1421E-13            
t =   10.8202 + 0.0200 : net it  0 NET   0.2774E-05                       
                         inj it  0 INJ   0.1421E-13                          4 S  =>  0.2295E-15 (PV1)
                                   NET   0.2774E-05         
                         inj it  1 INJ   0.1421E-13            
t =   10.8402 + 0.0200 : net it  0 NET   0.2774E-05                       
                         inj it  0 INJ   0.1421E-13                          4 S  =>  0.2218E-15 (PV1)
                                   NET   0.2774E-05         
                         inj it  1 INJ   0.1421E-13            
t =   10.8602 + 0.0200 : net it  0 NET   0.2774E-05                       
                         inj it  0 INJ   0.1421E-13                          4 S  =>  0.1675E-15 (PV1)
                                   NET   0.2774E-05         
                         inj it  1 INJ   0.1421E-13            
t =   10.8802 + 0.0200 : net it  0 NET   0.2774E-05                       
                         inj it  0 INJ   0.1421E-13                          4 S  =>  0.1110E-15 (PV1)
                                   NET   0.2774E-05         
                         inj it  1 INJ   0.1421E-13            
t =   10.9002 + 0.0200 : net it  0 NET   0.2774E-05                       
                         inj it  0 INJ   0.1421E-13                          4 S  =>  0.1110E-15 (PV1)
                                   NET   0.2774E-05         
                         inj it  1 INJ   0.1421E-13            
t =   10.9202 + 0.0200 : net it  0 NET   0.2774E-05                       
                         inj it  0 INJ   0.1421E-13                          4 S  =>  0.1110E-15 (PV1)
                                   NET   0.2774E-05         
                         inj it  1 INJ   0.1421E-13            
t =   10.9402 + 0.0200 : net it  0 NET   0.2774E-05                       
                         inj it  0 INJ   0.1421E-13                          4 S  =>  0.1110E-15 (PV1)
                                   NET   0.2774E-05         
                         inj it  1 INJ   0.1421E-13            
t =   10.9602 + 0.0200 : net it  0 NET   0.2774E-05                       
                         inj it  0 INJ   0.1421E-13                          4 S  =>  0.1574E-15 (PV1)
                                   NET   0.2774E-05         
                         inj it  1 INJ   0.1421E-13            
t =   10.9802 + 0.0200 : net it  0 NET   0.2774E-05                       
                         inj it  0 INJ   0.1421E-13                          4 S  =>  0.1651E-15 (PV1)
                                   NET   0.2774E-05         
                         inj it  1 INJ   0.1421E-13            
t =   11.0002 + 0.0200 : net it  0 NET   0.2774E-05                       
                         inj it  0 INJ   0.1421E-13                          4 S  =>  0.1951E-15 (PV1)
                                   NET   0.2774E-05         
                         inj it  1 INJ   0.1421E-13            
t =   11.0202 + 0.0200 : net it  0 NET   0.2774E-05                       
                         inj it  0 INJ   0.1421E-13                          4 S  =>  0.1699E-15 (PV1)
                                   NET   0.2774E-05         
                         inj it  1 INJ   0.1421E-13            
t =   11.0402 + 0.0200 : net it  0 NET   0.2774E-05                       
                         inj it  0 INJ   0.1421E-13                          4 S  =>  0.1509E-15 (PV1)
                                   NET   0.2774E-05         
                         inj it  1 INJ   0.1421E-13            
t =   11.0602 + 0.0200 : net it  0 NET   0.2774E-05                       
                         inj it  0 INJ   0.1421E-13                          4 S  =>  0.1110E-15 (PV1)
                                   NET   0.2774E-05         
                         inj it  1 INJ   0.1421E-13            
t =   11.0802 + 0.0200 : net it  0 NET   0.2774E-05                       
                         inj it  0 INJ   0.1421E-13                          4 S  =>  0.1110E-15 (PV1)
                                   NET   0.2774E-05         
                         inj it  1 INJ   0.1421E-13            
t =   11.1002 + 0.0200 : net it  0 NET   0.2774E-05                       
                         inj it  0 INJ   0.1421E-13                          4 S  =>  0.1110E-15 (PV1)
                                   NET   0.2774E-05         
                         inj it  1 INJ   0.1421E-13            
t =   11.1202 + 0.0200 : net it  0 NET   0.2774E-05                       
                         inj it  0 INJ   0.1421E-13                          4 S  =>  0.1110E-15 (PV1)
                                   NET   0.2774E-05         
                         inj it  1 INJ   0.1421E-13            
t =   11.1402 + 0.0200 : net it  0 NET   0.2774E-05                       
                         inj it  0 INJ   0.1421E-13                          4 S  =>  0.1110E-15 (PV1)
                                   NET   0.2774E-05         
                         inj it  1 INJ   0.1421E-13            
t =   11.1602 + 0.0200 : net it  0 NET   0.2774E-05                       
                         inj it  0 INJ   0.1421E-13                          4 S  =>  0.1110E-15 (PV1)
                                   NET   0.2774E-05         
                         inj it  1 INJ   0.1421E-13            
t =   11.1802 + 0.0200 : net it  0 NET   0.2774E-05                       
                         inj it  0 INJ   0.1421E-13                          4 S  =>  0.1110E-15 (PV1)
                                   NET   0.2774E-05         
                         inj it  1 INJ   0.1421E-13            
t =   11.2002 + 0.0200 : net it  0 NET   0.2774E-05                       
                         inj it  0 INJ   0.1421E-13                          4 S  =>  0.1110E-15 (PV1)
                                   NET   0.2774E-05         
                         inj it  1 INJ   0.1421E-13            
t =   11.2202 + 0.0200 : net it  0 NET   0.2774E-05                       
                         inj it  0 INJ   0.1421E-13                          4 S  =>  0.1110E-15 (PV1)
                                   NET   0.2774E-05         
                         inj it  1 INJ   0.1421E-13            
t =   11.2402 + 0.0200 : net it  0 NET   0.2774E-05                       
                         inj it  0 INJ   0.1421E-13                          4 S  =>  0.1110E-15 (PV1)
                                   NET   0.2774E-05         
                         inj it  1 INJ   0.1421E-13            
t =   11.2602 + 0.0200 : net it  0 NET   0.2774E-05                       
                         inj it  0 INJ   0.1421E-13                          4 S  =>  0.1110E-15 (PV1)
                                   NET   0.2774E-05         
                         inj it  1 INJ   0.1421E-13            
t =   11.2802 + 0.0200 : net it  0 NET   0.2774E-05                       
                         inj it  0 INJ   0.1421E-13                          4 S  =>  0.1110E-15 (PV1)
                                   NET   0.2774E-05         
                         inj it  1 INJ   0.1421E-13            
t =   11.3002 + 0.0200 : net it  0 NET   0.2774E-05                       
                         inj it  0 INJ   0.1421E-13                          4 S  =>  0.1110E-15 (PV1)
                                   NET   0.2774E-05         
                         inj it  1 INJ   0.1421E-13            
t =   11.3202 + 0.0200 : net it  0 NET   0.2774E-05                       
                         inj it  0 INJ   0.1421E-13                          4 S  =>  0.1110E-15 (PV1)
                                   NET   0.2774E-05         
                         inj it  1 INJ   0.1421E-13            
t =   11.3402 + 0.0200 : net it  0 NET   0.2774E-05                       
                         inj it  0 INJ   0.1421E-13                          4 S  =>  0.1110E-15 (PV1)
                                   NET   0.2774E-05         
                         inj it  1 INJ   0.1421E-13            
t =   11.3602 + 0.0200 : net it  0 NET   0.2774E-05                       
                         inj it  0 INJ   0.1421E-13                          4 S  =>  0.1110E-15 (PV1)
                                   NET   0.2774E-05         
                         inj it  1 INJ   0.1421E-13            
t =   11.3802 + 0.0200 : net it  0 NET   0.2774E-05                       
                         inj it  0 INJ   0.1421E-13                          4 S  =>  0.1110E-15 (PV1)
                                   NET   0.2774E-05         
                         inj it  1 INJ   0.1421E-13            
t =   11.4002 + 0.0200 : net it  0 NET   0.2774E-05                       
                         inj it  0 INJ   0.1421E-13                          4 S  =>  0.1110E-15 (PV1)
                                   NET   0.2774E-05         
                         inj it  1 INJ   0.1421E-13            
t =   11.4202 + 0.0200 : net it  0 NET   0.2774E-05                       
                         inj it  0 INJ   0.1421E-13                          4 S  =>  0.1110E-15 (PV1)
                                   NET   0.2774E-05         
                         inj it  1 INJ   0.1421E-13            
t =   11.4402 + 0.0200 : net it  0 NET   0.2774E-05                       
                         inj it  0 INJ   0.1421E-13                          4 S  =>  0.1110E-15 (PV1)
                                   NET   0.2774E-05         
                         inj it  1 INJ   0.1421E-13            
t =   11.4602 + 0.0200 : net it  0 NET   0.2774E-05                       
                         inj it  0 INJ   0.1421E-13                          4 S  =>  0.1110E-15 (PV1)
                                   NET   0.2774E-05         
                         inj it  1 INJ   0.1421E-13            
t =   11.4802 + 0.0200 : net it  0 NET   0.2774E-05                       
                         inj it  0 INJ   0.1421E-13                          4 S  =>  0.1110E-15 (PV1)
                                   NET   0.2774E-05         
                         inj it  1 INJ   0.1421E-13            
t =   11.5002 + 0.0200 : net it  0 NET   0.2774E-05                       
                         inj it  0 INJ   0.1421E-13                          4 S  =>  0.1110E-15 (PV1)
                                   NET   0.2774E-05         
                         inj it  1 INJ   0.1421E-13            
t =   11.5202 + 0.0200 : net it  0 NET   0.2774E-05                       
                         inj it  0 INJ   0.1421E-13                          4 S  =>  0.1110E-15 (PV1)
                                   NET   0.2774E-05         
                         inj it  1 INJ   0.1421E-13            
t =   11.5402 + 0.0200 : net it  0 NET   0.2774E-05                       
                         inj it  0 INJ   0.1421E-13                          4 S  =>  0.1110E-15 (PV1)
                                   NET   0.2774E-05         
                         inj it  1 INJ   0.1421E-13            
t =   11.5602 + 0.0200 : net it  0 NET   0.2774E-05                       
                         inj it  0 INJ   0.1421E-13                          4 S  =>  0.1110E-15 (PV1)
                                   NET   0.2774E-05         
                         inj it  1 INJ   0.1421E-13            
t =   11.5802 + 0.0200 : net it  0 NET   0.2774E-05                       
                         inj it  0 INJ   0.1421E-13                          4 S  =>  0.1110E-15 (PV1)
                                   NET   0.2774E-05         
                         inj it  1 INJ   0.1421E-13            
t =   11.6002 + 0.0200 : net it  0 NET   0.2774E-05                       
                         inj it  0 INJ   0.1421E-13                          4 S  =>  0.1110E-15 (PV1)
                                   NET   0.2774E-05         
                         inj it  1 INJ   0.1421E-13            
t =   11.6202 + 0.0200 : net it  0 NET   0.2774E-05                       
                         inj it  0 INJ   0.1421E-13                          4 S  =>  0.1110E-15 (PV1)
                                   NET   0.2774E-05         
                         inj it  1 INJ   0.1421E-13            
t =   11.6402 + 0.0200 : net it  0 NET   0.2774E-05                       
                         inj it  0 INJ   0.1421E-13                          4 S  =>  0.1110E-15 (PV1)
                                   NET   0.2774E-05         
                         inj it  1 INJ   0.1421E-13            
t =   11.6602 + 0.0200 : net it  0 NET   0.2774E-05                       
                         inj it  0 INJ   0.1421E-13                          4 S  =>  0.1110E-15 (PV1)
                                   NET   0.2774E-05         
                         inj it  1 INJ   0.1421E-13            
t =   11.6802 + 0.0200 : net it  0 NET   0.2774E-05                       
                         inj it  0 INJ   0.1421E-13                          4 S  =>  0.1110E-15 (PV1)
                                   NET   0.2774E-05         
                         inj it  1 INJ   0.1421E-13            
t =   11.7002 + 0.0200 : net it  0 NET   0.2774E-05                       
                         inj it  0 INJ   0.1421E-13                          4 S  =>  0.1110E-15 (PV1)
                                   NET   0.2774E-05         
                         inj it  1 INJ   0.1421E-13            
t =   11.7202 + 0.0200 : net it  0 NET   0.2774E-05                       
                         inj it  0 INJ   0.1421E-13                          4 S  =>  0.1110E-15 (PV1)
                                   NET   0.2774E-05         
                         inj it  1 INJ   0.1421E-13            
t =   11.7402 + 0.0200 : net it  0 NET   0.2774E-05                       
                         inj it  0 INJ   0.1421E-13                          4 S  =>  0.1110E-15 (PV1)
                                   NET   0.2774E-05         
                         inj it  1 INJ   0.1421E-13            
t =   11.7602 + 0.0200 : net it  0 NET   0.2774E-05                       
                         inj it  0 INJ   0.1421E-13                          4 S  =>  0.1300E-15 (PV1)
                                   NET   0.2774E-05         
                         inj it  1 INJ   0.1421E-13            
t =   11.7802 + 0.0200 : net it  0 NET   0.2774E-05                       
                         inj it  0 INJ   0.1421E-13                          4 S  =>  0.1435E-15 (PV1)
                                   NET   0.2774E-05         
                         inj it  1 INJ   0.1421E-13            
t =   11.8002 + 0.0200 : net it  0 NET   0.2774E-05                       
                         inj it  0 INJ   0.1421E-13                          4 S  =>  0.1535E-15 (PV1)
                                   NET   0.2774E-05         
                         inj it  1 INJ   0.1421E-13            
t =   11.8202 + 0.0200 : net it  0 NET   0.2774E-05                       
                         inj it  0 INJ   0.1421E-13                          4 S  =>  0.1843E-15 (PV1)
                                   NET   0.2774E-05         
                         inj it  1 INJ   0.1421E-13            
t =   11.8402 + 0.0200 : net it  0 NET   0.2774E-05                       
                         inj it  0 INJ   0.1421E-13                          4 S  =>  0.1287E-15 (PV1)
                                   NET   0.2774E-05         
                         inj it  1 INJ   0.1421E-13            
t =   11.8602 + 0.0200 : net it  0 NET   0.2774E-05                       
                         inj it  0 INJ   0.1421E-13                          4 S  =>  0.1110E-15 (PV1)
                                   NET   0.2774E-05         
                         inj it  1 INJ   0.1421E-13            
t =   11.8802 + 0.0200 : net it  0 NET   0.2774E-05                       
                         inj it  0 INJ   0.1421E-13                          4 S  =>  0.1110E-15 (PV1)
                                   NET   0.2774E-05         
                         inj it  1 INJ   0.1421E-13            
t =   11.9002 + 0.0200 : net it  0 NET   0.2774E-05                       
                         inj it  0 INJ   0.1421E-13                          4 S  =>  0.1110E-15 (PV1)
                                   NET   0.2774E-05         
                         inj it  1 INJ   0.1421E-13            
t =   11.9202 + 0.0200 : net it  0 NET   0.2774E-05                       
                         inj it  0 INJ   0.1421E-13                          4 S  =>  0.1110E-15 (PV1)
                                   NET   0.2774E-05         
                         inj it  1 INJ   0.1421E-13            
t =   11.9402 + 0.0200 : net it  0 NET   0.2774E-05                       
                         inj it  0 INJ   0.1421E-13                          4 S  =>  0.1254E-15 (PV1)
                                   NET   0.2774E-05         
                         inj it  1 INJ   0.1421E-13            
t =   11.9602 + 0.0200 : net it  0 NET   0.2774E-05                       
                         inj it  0 INJ   0.1421E-13                          4 S  =>  0.1572E-15 (PV1)
                                   NET   0.2774E-05         
                         inj it  1 INJ   0.1421E-13            
t =   11.9802 + 0.0200 : net it  0 NET   0.2774E-05                       
                         inj it  0 INJ   0.1421E-13                          4 S  =>  0.1346E-15 (PV1)
                                   NET   0.2774E-05         
                         inj it  1 INJ   0.1421E-13            
t =   12.0002 + 0.0200 : net it  0 NET   0.2774E-05                       
                         inj it  0 INJ   0.1421E-13                          4 S  =>  0.1110E-15 (PV1)
                                   NET   0.2774E-05         
                         inj it  1 INJ   0.1421E-13            
t =   12.0202 + 0.0200 : net it  0 NET   0.2774E-05                       
                         inj it  0 INJ   0.1421E-13                          4 S  =>  0.1110E-15 (PV1)
                                   NET   0.2774E-05         
                         inj it  1 INJ   0.1421E-13            
t =   12.0402 + 0.0200 : net it  0 NET   0.2774E-05                       
                         inj it  0 INJ   0.1421E-13                          4 S  =>  0.1110E-15 (PV1)
                                   NET   0.2774E-05         
                         inj it  1 INJ   0.1421E-13            
t =   12.0602 + 0.0200 : net it  0 NET   0.2774E-05                       
                         inj it  0 INJ   0.1421E-13                          4 S  =>  0.1110E-15 (PV1)
                                   NET   0.2774E-05         
                         inj it  1 INJ   0.1421E-13            
t =   12.0802 + 0.0200 : net it  0 NET   0.2774E-05                       
                         inj it  0 INJ   0.1421E-13                          4 S  =>  0.1110E-15 (PV1)
                                   NET   0.2774E-05         
                         inj it  1 INJ   0.1421E-13            
t =   12.1002 + 0.0200 : net it  0 NET   0.2774E-05                       
                         inj it  0 INJ   0.1421E-13                          4 S  =>  0.1110E-15 (PV1)
                                   NET   0.2774E-05         
                         inj it  1 INJ   0.1421E-13            
t =   12.1202 + 0.0200 : net it  0 NET   0.2774E-05                       
                         inj it  0 INJ   0.1421E-13                          4 S  =>  0.1110E-15 (PV1)
                                   NET   0.2774E-05         
                         inj it  1 INJ   0.1421E-13            
t =   12.1402 + 0.0200 : net it  0 NET   0.2774E-05                       
                         inj it  0 INJ   0.1421E-13                          4 S  =>  0.1110E-15 (PV1)
                                   NET   0.2774E-05         
                         inj it  1 INJ   0.1421E-13            
t =   12.1602 + 0.0200 : net it  0 NET   0.2774E-05                       
                         inj it  0 INJ   0.1421E-13                          4 S  =>  0.1110E-15 (PV1)
                                   NET   0.2774E-05         
                         inj it  1 INJ   0.1421E-13            
t =   12.1802 + 0.0200 : net it  0 NET   0.2774E-05                       
                         inj it  0 INJ   0.1421E-13                          4 S  =>  0.1466E-15 (PV1)
                                   NET   0.2774E-05         
                         inj it  1 INJ   0.1421E-13            
t =   12.2002 + 0.0200 : net it  0 NET   0.2774E-05                       
                         inj it  0 INJ   0.1421E-13                          4 S  =>  0.2354E-15 (PV1)
                                   NET   0.2774E-05         
                         inj it  1 INJ   0.1421E-13            
t =   12.2202 + 0.0200 : net it  0 NET   0.2774E-05                       
                         inj it  0 INJ   0.1421E-13                          4 S  =>  0.2583E-15 (PV1)
                                   NET   0.2774E-05         
                         inj it  1 INJ   0.1421E-13            
t =   12.2402 + 0.0200 : net it  0 NET   0.2774E-05                       
                         inj it  0 INJ   0.1421E-13                          4 S  =>  0.2288E-15 (PV1)
                                   NET   0.2774E-05         
                         inj it  1 INJ   0.1421E-13            
t =   12.2602 + 0.0200 : net it  0 NET   0.2774E-05                       
                         inj it  0 INJ   0.1421E-13                          4 S  =>  0.2242E-15 (PV1)
                                   NET   0.2774E-05         
                         inj it  1 INJ   0.1421E-13            
t =   12.2802 + 0.0200 : net it  0 NET   0.2774E-05                       
                         inj it  0 INJ   0.1421E-13                          4 S  =>  0.1668E-15 (PV1)
                                   NET   0.2774E-05         
                         inj it  1 INJ   0.1421E-13            
t =   12.3002 + 0.0200 : net it  0 NET   0.2774E-05                       
                         inj it  0 INJ   0.1421E-13                          4 S  =>  0.1110E-15 (PV1)
                                   NET   0.2774E-05         
                         inj it  1 INJ   0.1421E-13            
t =   12.3202 + 0.0200 : net it  0 NET   0.2774E-05                       
                         inj it  0 INJ   0.1421E-13                          4 S  =>  0.1110E-15 (PV1)
                                   NET   0.2774E-05         
                         inj it  1 INJ   0.1421E-13            
t =   12.3402 + 0.0200 : net it  0 NET   0.2774E-05                       
                         inj it  0 INJ   0.1421E-13                          4 S  =>  0.1110E-15 (PV1)
                                   NET   0.2774E-05         
                         inj it  1 INJ   0.1421E-13            
t =   12.3602 + 0.0200 : net it  0 NET   0.2774E-05                       
                         inj it  0 INJ   0.1421E-13                          4 S  =>  0.1212E-15 (PV1)
                                   NET   0.2774E-05         
                         inj it  1 INJ   0.1421E-13            
t =   12.3802 + 0.0200 : net it  0 NET   0.2774E-05                       
                         inj it  0 INJ   0.1421E-13                          4 S  =>  0.1625E-15 (PV1)
                                   NET   0.2774E-05         
                         inj it  1 INJ   0.1421E-13            
t =   12.4002 + 0.0200 : net it  0 NET   0.2774E-05                       
                         inj it  0 INJ   0.1421E-13                          4 S  =>  0.2229E-15 (PV1)
                                   NET   0.2774E-05         
                         inj it  1 INJ   0.1421E-13            
t =   12.4202 + 0.0200 : net it  0 NET   0.2774E-05                       
                         inj it  0 INJ   0.1421E-13                          4 S  =>  0.2445E-15 (PV1)
                                   NET   0.2774E-05         
                         inj it  1 INJ   0.1421E-13            
t =   12.4402 + 0.0200 : net it  0 NET   0.2774E-05                       
                         inj it  0 INJ   0.1421E-13                          4 S  =>  0.2686E-15 (PV1)
                                   NET   0.2774E-05         
                         inj it  1 INJ   0.1421E-13            
t =   12.4602 + 0.0200 : net it  0 NET   0.2774E-05                       
                         inj it  0 INJ   0.1421E-13                          4 S  =>  0.2384E-15 (PV1)
                                   NET   0.2774E-05         
                         inj it  1 INJ   0.1421E-13            
t =   12.4802 + 0.0200 : net it  0 NET   0.2774E-05                       
                         inj it  0 INJ   0.1421E-13                          4 S  =>  0.2020E-15 (PV1)
                                   NET   0.2774E-05         
                         inj it  1 INJ   0.1421E-13            
t =   12.5002 + 0.0200 : net it  0 NET   0.2774E-05                       
                         inj it  0 INJ   0.1421E-13                          4 S  =>  0.1342E-15 (PV1)
                                   NET   0.2774E-05         
                         inj it  1 INJ   0.1421E-13            
t =   12.5202 + 0.0200 : net it  0 NET   0.2774E-05                       
                         inj it  0 INJ   0.1421E-13                          4 S  =>  0.1110E-15 (PV1)
                                   NET   0.2774E-05         
                         inj it  1 INJ   0.1421E-13            
t =   12.5402 + 0.0200 : net it  0 NET   0.2774E-05                       
                         inj it  0 INJ   0.1421E-13                          4 S  =>  0.1110E-15 (PV1)
                                   NET   0.2774E-05         
                         inj it  1 INJ   0.1421E-13            
t =   12.5602 + 0.0200 : net it  0 NET   0.2774E-05                       
                         inj it  0 INJ   0.1421E-13                          4 S  =>  0.1540E-15 (PV1)
                                   NET   0.2774E-05         
                         inj it  1 INJ   0.1421E-13            
t =   12.5802 + 0.0200 : net it  0 NET   0.2774E-05                       
                         inj it  0 INJ   0.1421E-13                          4 S  =>  0.2448E-15 (PV1)
                                   NET   0.2774E-05         
                         inj it  1 INJ   0.1421E-13            
t =   12.6002 + 0.0200 : net it  0 NET   0.2774E-05                       
                         inj it  0 INJ   0.1421E-13                          4 S  =>  0.2768E-15 (PV1)
                                   NET   0.2774E-05         
                         inj it  1 INJ   0.1421E-13            
t =   12.6202 + 0.0200 : net it  0 NET   0.2774E-05                       
                         inj it  0 INJ   0.1421E-13                          4 S  =>  0.2798E-15 (PV1)
                                   NET   0.2774E-05         
                         inj it  1 INJ   0.1421E-13            
t =   12.6402 + 0.0200 : net it  0 NET   0.2774E-05                       
                         inj it  0 INJ   0.1421E-13                          4 S  =>  0.2678E-15 (PV1)
                                   NET   0.2774E-05         
                         inj it  1 INJ   0.1421E-13            
t =   12.6602 + 0.0200 : net it  0 NET   0.2774E-05                       
                         inj it  0 INJ   0.1421E-13                          4 S  =>  0.2288E-15 (PV1)
                                   NET   0.2774E-05         
                         inj it  1 INJ   0.1421E-13            
t =   12.6802 + 0.0200 : net it  0 NET   0.2774E-05                       
                         inj it  0 INJ   0.1421E-13                          4 S  =>  0.1408E-15 (PV1)
                                   NET   0.2774E-05         
                         inj it  1 INJ   0.1421E-13            
t =   12.7002 + 0.0200 : net it  0 NET   0.2774E-05                       
                         inj it  0 INJ   0.1421E-13                          4 S  =>  0.1110E-15 (PV1)
                                   NET   0.2774E-05         
                         inj it  1 INJ   0.1421E-13            
t =   12.7202 + 0.0200 : net it  0 NET   0.2774E-05                       
                         inj it  0 INJ   0.1421E-13                          4 S  =>  0.1110E-15 (PV1)
                                   NET   0.2774E-05         
                         inj it  1 INJ   0.1421E-13            
t =   12.7402 + 0.0200 : net it  0 NET   0.2774E-05                       
                         inj it  0 INJ   0.1421E-13                          4 S  =>  0.1110E-15 (PV1)
                                   NET   0.2774E-05         
                         inj it  1 INJ   0.1421E-13            
t =   12.7602 + 0.0200 : net it  0 NET   0.2774E-05                       
                         inj it  0 INJ   0.1421E-13                          4 S  =>  0.1856E-15 (PV1)
                                   NET   0.2774E-05         
                         inj it  1 INJ   0.1421E-13            
t =   12.7802 + 0.0200 : net it  0 NET   0.2774E-05                       
                         inj it  0 INJ   0.1421E-13                          4 S  =>  0.2216E-15 (PV1)
                                   NET   0.2774E-05         
                         inj it  1 INJ   0.1421E-13            
t =   12.8002 + 0.0200 : net it  0 NET   0.2774E-05                       
                         inj it  0 INJ   0.1421E-13                          4 S  =>  0.2469E-15 (PV1)
                                   NET   0.2774E-05         
                         inj it  1 INJ   0.1421E-13            
t =   12.8202 + 0.0200 : net it  0 NET   0.2774E-05                       
                         inj it  0 INJ   0.1421E-13                          4 S  =>  0.2678E-15 (PV1)
                                   NET   0.2774E-05         
                         inj it  1 INJ   0.1421E-13            
t =   12.8402 + 0.0200 : net it  0 NET   0.2774E-05                       
                         inj it  0 INJ   0.1421E-13                          4 S  =>  0.2406E-15 (PV1)
                                   NET   0.2774E-05         
                         inj it  1 INJ   0.1421E-13            
t =   12.8602 + 0.0200 : net it  0 NET   0.2774E-05                       
                         inj it  0 INJ   0.1421E-13                          4 S  =>  0.2010E-15 (PV1)
                                   NET   0.2774E-05         
                         inj it  1 INJ   0.1421E-13            
t =   12.8802 + 0.0200 : net it  0 NET   0.2774E-05                       
                         inj it  0 INJ   0.1421E-13                          4 S  =>  0.1363E-15 (PV1)
                                   NET   0.2774E-05         
                         inj it  1 INJ   0.1421E-13            
t =   12.9002 + 0.0200 : net it  0 NET   0.2774E-05                       
                         inj it  0 INJ   0.1421E-13                          4 S  =>  0.1110E-15 (PV1)
                                   NET   0.2774E-05         
                         inj it  1 INJ   0.1421E-13            
t =   12.9202 + 0.0200 : net it  0 NET   0.2774E-05                       
                         inj it  0 INJ   0.1421E-13                          4 S  =>  0.1110E-15 (PV1)
                                   NET   0.2774E-05         
                         inj it  1 INJ   0.1421E-13            
t =   12.9402 + 0.0200 : net it  0 NET   0.2774E-05                       
                         inj it  0 INJ   0.1421E-13                          4 S  =>  0.1551E-15 (PV1)
                                   NET   0.2774E-05         
                         inj it  1 INJ   0.1421E-13            
t =   12.9602 + 0.0200 : net it  0 NET   0.2774E-05                       
                         inj it  0 INJ   0.1421E-13                          4 S  =>  0.2428E-15 (PV1)
                                   NET   0.2774E-05         
                         inj it  1 INJ   0.1421E-13            
t =   12.9802 + 0.0200 : net it  0 NET   0.2774E-05                       
                         inj it  0 INJ   0.1421E-13                          4 S  =>  0.2779E-15 (PV1)
                                   NET   0.2774E-05         
                         inj it  1 INJ   0.1421E-13            
t =   13.0002 + 0.0200 : net it  0 NET   0.2774E-05                       
                         inj it  0 INJ   0.1421E-13                          4 S  =>  0.2467E-15 (PV1)
                                   NET   0.2774E-05         
                         inj it  1 INJ   0.1421E-13            
t =   13.0202 + 0.0200 : net it  0 NET   0.2774E-05                       
                         inj it  0 INJ   0.1421E-13                          4 S  =>  0.2097E-15 (PV1)
                                   NET   0.2774E-05         
                         inj it  1 INJ   0.1421E-13            
t =   13.0402 + 0.0200 : net it  0 NET   0.2774E-05                       
                         inj it  0 INJ   0.1421E-13                          4 S  =>  0.1230E-15 (PV1)
                                   NET   0.2774E-05         
                         inj it  1 INJ   0.1421E-13            
t =   13.0602 + 0.0200 : net it  0 NET   0.2774E-05                       
                         inj it  0 INJ   0.1421E-13                          4 S  =>  0.1110E-15 (PV1)
                                   NET   0.2774E-05         
                         inj it  1 INJ   0.1421E-13            
t =   13.0802 + 0.0200 : net it  0 NET   0.2774E-05                       
                         inj it  0 INJ   0.1421E-13                          4 S  =>  0.1110E-15 (PV1)
                                   NET   0.2774E-05         
                         inj it  1 INJ   0.1421E-13            
t =   13.1002 + 0.0200 : net it  0 NET   0.2774E-05                       
                         inj it  0 INJ   0.1421E-13                          4 S  =>  0.1110E-15 (PV1)
                                   NET   0.2774E-05         
                         inj it  1 INJ   0.1421E-13            
t =   13.1202 + 0.0200 : net it  0 NET   0.2774E-05                       
                         inj it  0 INJ   0.1421E-13                          4 S  =>  0.1544E-15 (PV1)
                                   NET   0.2774E-05         
                         inj it  1 INJ   0.1421E-13            
t =   13.1402 + 0.0200 : net it  0 NET   0.2774E-05                       
                         inj it  0 INJ   0.1421E-13                          4 S  =>  0.2115E-15 (PV1)
                                   NET   0.2774E-05         
                         inj it  1 INJ   0.1421E-13            
t =   13.1602 + 0.0200 : net it  0 NET   0.2774E-05                       
                         inj it  0 INJ   0.1421E-13                          4 S  =>  0.2369E-15 (PV1)
                                   NET   0.2774E-05         
                         inj it  1 INJ   0.1421E-13            
t =   13.1802 + 0.0200 : net it  0 NET   0.2774E-05                       
                         inj it  0 INJ   0.1421E-13                          4 S  =>  0.2273E-15 (PV1)
                                   NET   0.2774E-05         
                         inj it  1 INJ   0.1421E-13            
t =   13.2002 + 0.0200 : net it  0 NET   0.2774E-05                       
                         inj it  0 INJ   0.1421E-13                          4 S  =>  0.1727E-15 (PV1)
                                   NET   0.2774E-05         
                         inj it  1 INJ   0.1421E-13            
t =   13.2202 + 0.0200 : net it  0 NET   0.2774E-05                       
                         inj it  0 INJ   0.1421E-13                          4 S  =>  0.1110E-15 (PV1)
                                   NET   0.2774E-05         
                         inj it  1 INJ   0.1421E-13            
t =   13.2402 + 0.0200 : net it  0 NET   0.2774E-05                       
                         inj it  0 INJ   0.1421E-13                          4 S  =>  0.1110E-15 (PV1)
                                   NET   0.2774E-05         
                         inj it  1 INJ   0.1421E-13            
t =   13.2602 + 0.0200 : net it  0 NET   0.2774E-05                       
                         inj it  0 INJ   0.1421E-13                          4 S  =>  0.1110E-15 (PV1)
                                   NET   0.2774E-05         
                         inj it  1 INJ   0.1421E-13            
t =   13.2802 + 0.0200 : net it  0 NET   0.2774E-05                       
                         inj it  0 INJ   0.1421E-13                          4 S  =>  0.1110E-15 (PV1)
                                   NET   0.2774E-05         
                         inj it  1 INJ   0.1421E-13            
t =   13.3002 + 0.0200 : net it  0 NET   0.2774E-05                       
                         inj it  0 INJ   0.1421E-13                          4 S  =>  0.1638E-15 (PV1)
                                   NET   0.2774E-05         
                         inj it  1 INJ   0.1421E-13            
t =   13.3202 + 0.0200 : net it  0 NET   0.2774E-05                       
                         inj it  0 INJ   0.1421E-13                          4 S  =>  0.2334E-15 (PV1)
                                   NET   0.2774E-05         
                         inj it  1 INJ   0.1421E-13            
t =   13.3402 + 0.0200 : net it  0 NET   0.2774E-05                       
                         inj it  0 INJ   0.1421E-13                          4 S  =>  0.2570E-15 (PV1)
                                   NET   0.2774E-05         
                         inj it  1 INJ   0.1421E-13            
t =   13.3602 + 0.0200 : net it  0 NET   0.2774E-05                       
                         inj it  0 INJ   0.1421E-13                          4 S  =>  0.2276E-15 (PV1)
                                   NET   0.2774E-05         
                         inj it  1 INJ   0.1421E-13            
t =   13.3802 + 0.0200 : net it  0 NET   0.2774E-05                       
                         inj it  0 INJ   0.1421E-13                          4 S  =>  0.2230E-15 (PV1)
                                   NET   0.2774E-05         
                         inj it  1 INJ   0.1421E-13            
t =   13.4002 + 0.0200 : net it  0 NET   0.2774E-05                       
                         inj it  0 INJ   0.1421E-13                          4 S  =>  0.1657E-15 (PV1)
                                   NET   0.2774E-05         
                         inj it  1 INJ   0.1421E-13            
t =   13.4202 + 0.0200 : net it  0 NET   0.2774E-05                       
                         inj it  0 INJ   0.1421E-13                          4 S  =>  0.1110E-15 (PV1)
                                   NET   0.2774E-05         
                         inj it  1 INJ   0.1421E-13            
t =   13.4402 + 0.0200 : net it  0 NET   0.2774E-05                       
                         inj it  0 INJ   0.1421E-13                          4 S  =>  0.1110E-15 (PV1)
                                   NET   0.2774E-05         
                         inj it  1 INJ   0.1421E-13            
t =   13.4602 + 0.0200 : net it  0 NET   0.2774E-05                       
                         inj it  0 INJ   0.1421E-13                          4 S  =>  0.1110E-15 (PV1)
                                   NET   0.2774E-05         
                         inj it  1 INJ   0.1421E-13            
t =   13.4802 + 0.0200 : net it  0 NET   0.2774E-05                       
                         inj it  0 INJ   0.1421E-13                          4 S  =>  0.1813E-15 (PV1)
                                   NET   0.2774E-05         
                         inj it  1 INJ   0.1421E-13            
t =   13.5002 + 0.0200 : net it  0 NET   0.2774E-05                       
                         inj it  0 INJ   0.1421E-13                          4 S  =>  0.2176E-15 (PV1)
                                   NET   0.2774E-05         
                         inj it  1 INJ   0.1421E-13            
t =   13.5202 + 0.0200 : net it  0 NET   0.2774E-05                       
                         inj it  0 INJ   0.1421E-13                          4 S  =>  0.2431E-15 (PV1)
                                   NET   0.2774E-05         
                         inj it  1 INJ   0.1421E-13            
t =   13.5402 + 0.0200 : net it  0 NET   0.2774E-05                       
                         inj it  0 INJ   0.1421E-13                          4 S  =>  0.2643E-15 (PV1)
                                   NET   0.2774E-05         
                         inj it  1 INJ   0.1421E-13            
t =   13.5602 + 0.0200 : net it  0 NET   0.2774E-05                       
                         inj it  0 INJ   0.1421E-13                          4 S  =>  0.2558E-15 (PV1)
                                   NET   0.2774E-05         
                         inj it  1 INJ   0.1421E-13            
t =   13.5802 + 0.0200 : net it  0 NET   0.2774E-05                       
                         inj it  0 INJ   0.1421E-13                          4 S  =>  0.1962E-15 (PV1)
                                   NET   0.2774E-05         
                         inj it  1 INJ   0.1421E-13            
t =   13.6002 + 0.0200 : net it  0 NET   0.2774E-05                       
                         inj it  0 INJ   0.1421E-13                          4 S  =>  0.1324E-15 (PV1)
                                   NET   0.2774E-05         
                         inj it  1 INJ   0.1421E-13            
t =   13.6202 + 0.0200 : net it  0 NET   0.2774E-05                       
                         inj it  0 INJ   0.1421E-13                          4 S  =>  0.1110E-15 (PV1)
                                   NET   0.2774E-05         
                         inj it  1 INJ   0.1421E-13            
t =   13.6402 + 0.0200 : net it  0 NET   0.2774E-05                       
                         inj it  0 INJ   0.1421E-13                          4 S  =>  0.1110E-15 (PV1)
                                   NET   0.2774E-05         
                         inj it  1 INJ   0.1421E-13            
t =   13.6602 + 0.0200 : net it  0 NET   0.2774E-05                       
                         inj it  0 INJ   0.1421E-13                          4 S  =>  0.1583E-15 (PV1)
                                   NET   0.2774E-05         
                         inj it  1 INJ   0.1421E-13            
t =   13.6802 + 0.0200 : net it  0 NET   0.2774E-05                       
                         inj it  0 INJ   0.1421E-13                          4 S  =>  0.2457E-15 (PV1)
                                   NET   0.2774E-05         
                         inj it  1 INJ   0.1421E-13            
t =   13.7002 + 0.0200 : net it  0 NET   0.2774E-05                       
                         inj it  0 INJ   0.1421E-13                          4 S  =>  0.2495E-15 (PV1)
                                   NET   0.2774E-05         
                         inj it  1 INJ   0.1421E-13            
t =   13.7202 + 0.0200 : net it  0 NET   0.2774E-05                       
                         inj it  0 INJ   0.1421E-13                          4 S  =>  0.2396E-15 (PV1)
                                   NET   0.2774E-05         
                         inj it  1 INJ   0.1421E-13            
t =   13.7402 + 0.0200 : net it  0 NET   0.2774E-05                       
                         inj it  0 INJ   0.1421E-13                          4 S  =>  0.2153E-15 (PV1)
                                   NET   0.2774E-05         
                         inj it  1 INJ   0.1421E-13            
t =   13.7602 + 0.0200 : net it  0 NET   0.2774E-05                       
                         inj it  0 INJ   0.1421E-13                          4 S  =>  0.1590E-15 (PV1)
                                   NET   0.2774E-05         
                         inj it  1 INJ   0.1421E-13            
t =   13.7802 + 0.0200 : net it  0 NET   0.2774E-05                       
                         inj it  0 INJ   0.1421E-13                          4 S  =>  0.1110E-15 (PV1)
                                   NET   0.2774E-05         
                         inj it  1 INJ   0.1421E-13            
t =   13.8002 + 0.0200 : net it  0 NET   0.2774E-05                       
                         inj it  0 INJ   0.1421E-13                          4 S  =>  0.1110E-15 (PV1)
                                   NET   0.2774E-05         
                         inj it  1 INJ   0.1421E-13            
t =   13.8202 + 0.0200 : net it  0 NET   0.2774E-05                       
                         inj it  0 INJ   0.1421E-13                          4 S  =>  0.1110E-15 (PV1)
                                   NET   0.2774E-05         
                         inj it  1 INJ   0.1421E-13            
t =   13.8402 + 0.0200 : net it  0 NET   0.2774E-05                       
                         inj it  0 INJ   0.1421E-13                          4 S  =>  0.1110E-15 (PV1)
                                   NET   0.2774E-05         
                         inj it  1 INJ   0.1421E-13            
t =   13.8602 + 0.0200 : net it  0 NET   0.2774E-05                       
                         inj it  0 INJ   0.1421E-13                          4 S  =>  0.1446E-15 (PV1)
                                   NET   0.2774E-05         
                         inj it  1 INJ   0.1421E-13            
t =   13.8802 + 0.0200 : net it  0 NET   0.2774E-05                       
                         inj it  0 INJ   0.1421E-13                          4 S  =>  0.1751E-15 (PV1)
                                   NET   0.2774E-05         
                         inj it  1 INJ   0.1421E-13            
t =   13.9002 + 0.0200 : net it  0 NET   0.2774E-05                       
                         inj it  0 INJ   0.1421E-13                          4 S  =>  0.1824E-15 (PV1)
                                   NET   0.2774E-05         
                         inj it  1 INJ   0.1421E-13            
t =   13.9202 + 0.0200 : net it  0 NET   0.2774E-05                       
                         inj it  0 INJ   0.1421E-13                          4 S  =>  0.1801E-15 (PV1)
                                   NET   0.2774E-05         
                         inj it  1 INJ   0.1421E-13            
t =   13.9402 + 0.0200 : net it  0 NET   0.2774E-05                       
                         inj it  0 INJ   0.1421E-13                          4 S  =>  0.1568E-15 (PV1)
                                   NET   0.2774E-05         
                         inj it  1 INJ   0.1421E-13            
t =   13.9602 + 0.0200 : net it  0 NET   0.2774E-05                       
                         inj it  0 INJ   0.1421E-13                          4 S  =>  0.1110E-15 (PV1)
                                   NET   0.2774E-05         
                         inj it  1 INJ   0.1421E-13            
t =   13.9802 + 0.0200 : net it  0 NET   0.2774E-05                       
                         inj it  0 INJ   0.1421E-13                          4 S  =>  0.1110E-15 (PV1)
                                   NET   0.2774E-05         
                         inj it  1 INJ   0.1421E-13            
t =   14.0002 + 0.0200 : net it  0 NET   0.2774E-05                       
                         inj it  0 INJ   0.1421E-13                          4 S  =>  0.1110E-15 (PV1)
                                   NET   0.2774E-05         
                         inj it  1 INJ   0.1421E-13            
t =   14.0202 + 0.0200 : net it  0 NET   0.2774E-05                       
                         inj it  0 INJ   0.1421E-13                          4 S  =>  0.1110E-15 (PV1)
                                   NET   0.2774E-05         
                         inj it  1 INJ   0.1421E-13            
t =   14.0402 + 0.0200 : net it  0 NET   0.2774E-05                       
                         inj it  0 INJ   0.1421E-13                          4 S  =>  0.1110E-15 (PV1)
                                   NET   0.2774E-05         
                         inj it  1 INJ   0.1421E-13            
t =   14.0602 + 0.0200 : net it  0 NET   0.2774E-05                       
                         inj it  0 INJ   0.1421E-13                          4 S  =>  0.1219E-15 (PV1)
                                   NET   0.2774E-05         
                         inj it  1 INJ   0.1421E-13            
t =   14.0802 + 0.0200 : net it  0 NET   0.2774E-05                       
                         inj it  0 INJ   0.1421E-13                          4 S  =>  0.1110E-15 (PV1)
                                   NET   0.2774E-05         
                         inj it  1 INJ   0.1421E-13            
t =   14.1002 + 0.0200 : net it  0 NET   0.2774E-05                       
                         inj it  0 INJ   0.1421E-13                          4 S  =>  0.1110E-15 (PV1)
                                   NET   0.2774E-05         
                         inj it  1 INJ   0.1421E-13            
t =   14.1202 + 0.0200 : net it  0 NET   0.2774E-05                       
                         inj it  0 INJ   0.1421E-13                          4 S  =>  0.1110E-15 (PV1)
                                   NET   0.2774E-05         
                         inj it  1 INJ   0.1421E-13            
t =   14.1402 + 0.0200 : net it  0 NET   0.2774E-05                       
                         inj it  0 INJ   0.1421E-13                          4 S  =>  0.1110E-15 (PV1)
                                   NET   0.2774E-05         
                         inj it  1 INJ   0.1421E-13            
t =   14.1602 + 0.0200 : net it  0 NET   0.2774E-05                       
                         inj it  0 INJ   0.1421E-13                          4 S  =>  0.1110E-15 (PV1)
                                   NET   0.2774E-05         
                         inj it  1 INJ   0.1421E-13            
t =   14.1802 + 0.0200 : net it  0 NET   0.2774E-05                       
                         inj it  0 INJ   0.1421E-13                          4 S  =>  0.1110E-15 (PV1)
                                   NET   0.2774E-05         
                         inj it  1 INJ   0.1421E-13            
t =   14.2002 + 0.0200 : net it  0 NET   0.2774E-05                       
                         inj it  0 INJ   0.1421E-13                          4 S  =>  0.1110E-15 (PV1)
                                   NET   0.2774E-05         
                         inj it  1 INJ   0.1421E-13            
t =   14.2202 + 0.0200 : net it  0 NET   0.2774E-05                       
                         inj it  0 INJ   0.1421E-13                          4 S  =>  0.1110E-15 (PV1)
                                   NET   0.2774E-05         
                         inj it  1 INJ   0.1421E-13            
t =   14.2402 + 0.0200 : net it  0 NET   0.2774E-05                       
                         inj it  0 INJ   0.1421E-13                          4 S  =>  0.1110E-15 (PV1)
                                   NET   0.2774E-05         
                         inj it  1 INJ   0.1421E-13            
t =   14.2602 + 0.0200 : net it  0 NET   0.2774E-05                       
                         inj it  0 INJ   0.1421E-13                          4 S  =>  0.1110E-15 (PV1)
                                   NET   0.2774E-05         
                         inj it  1 INJ   0.1421E-13            
t =   14.2802 + 0.0200 : net it  0 NET   0.2774E-05                       
                         inj it  0 INJ   0.1421E-13                          4 S  =>  0.1110E-15 (PV1)
                                   NET   0.2774E-05         
                         inj it  1 INJ   0.1421E-13            
t =   14.3002 + 0.0200 : net it  0 NET   0.2774E-05                       
                         inj it  0 INJ   0.1421E-13                          4 S  =>  0.1110E-15 (PV1)
                                   NET   0.2774E-05         
                         inj it  1 INJ   0.1421E-13            
t =   14.3202 + 0.0200 : net it  0 NET   0.2774E-05                       
                         inj it  0 INJ   0.1421E-13                          4 S  =>  0.1110E-15 (PV1)
                                   NET   0.2774E-05         
                         inj it  1 INJ   0.1421E-13            
t =   14.3402 + 0.0200 : net it  0 NET   0.2774E-05                       
                         inj it  0 INJ   0.1421E-13                          4 S  =>  0.1110E-15 (PV1)
                                   NET   0.2774E-05         
                         inj it  1 INJ   0.1421E-13            
t =   14.3602 + 0.0200 : net it  0 NET   0.2774E-05                       
                         inj it  0 INJ   0.1421E-13                          4 S  =>  0.1110E-15 (PV1)
                                   NET   0.2774E-05         
                         inj it  1 INJ   0.1421E-13            
t =   14.3802 + 0.0200 : net it  0 NET   0.2774E-05                       
                         inj it  0 INJ   0.1421E-13                          4 S  =>  0.1110E-15 (PV1)
                                   NET   0.2774E-05         
                         inj it  1 INJ   0.1421E-13            
t =   14.4002 + 0.0200 : net it  0 NET   0.2774E-05                       
                         inj it  0 INJ   0.1421E-13                          4 S  =>  0.1110E-15 (PV1)
                                   NET   0.2774E-05         
                         inj it  1 INJ   0.1421E-13            
t =   14.4202 + 0.0200 : net it  0 NET   0.2774E-05                       
                         inj it  0 INJ   0.1421E-13                          4 S  =>  0.1110E-15 (PV1)
                                   NET   0.2774E-05         
                         inj it  1 INJ   0.1421E-13            
t =   14.4402 + 0.0200 : net it  0 NET   0.2774E-05                       
                         inj it  0 INJ   0.1421E-13                          4 S  =>  0.1110E-15 (PV1)
                                   NET   0.2774E-05         
                         inj it  1 INJ   0.1421E-13            
t =   14.4602 + 0.0200 : net it  0 NET   0.2774E-05                       
                         inj it  0 INJ   0.1421E-13                          4 S  =>  0.1110E-15 (PV1)
                                   NET   0.2774E-05         
                         inj it  1 INJ   0.1421E-13            
t =   14.4802 + 0.0200 : net it  0 NET   0.2774E-05                       
                         inj it  0 INJ   0.1421E-13                          4 S  =>  0.1110E-15 (PV1)
                                   NET   0.2774E-05         
                         inj it  1 INJ   0.1421E-13            
t =   14.5002 + 0.0200 : net it  0 NET   0.2774E-05                       
                         inj it  0 INJ   0.1421E-13                          4 S  =>  0.1139E-15 (PV1)
                                   NET   0.2774E-05         
                         inj it  1 INJ   0.1421E-13            
t =   14.5202 + 0.0200 : net it  0 NET   0.2774E-05                       
                         inj it  0 INJ   0.1421E-13                          4 S  =>  0.1254E-15 (PV1)
                                   NET   0.2774E-05         
                         inj it  1 INJ   0.1421E-13            
t =   14.5402 + 0.0200 : net it  0 NET   0.2774E-05                       
                         inj it  0 INJ   0.1421E-13                          4 S  =>  0.1397E-15 (PV1)
                                   NET   0.2774E-05         
                         inj it  1 INJ   0.1421E-13            
t =   14.5602 + 0.0200 : net it  0 NET   0.2774E-05                       
                         inj it  0 INJ   0.1421E-13                          4 S  =>  0.1500E-15 (PV1)
                                   NET   0.2774E-05         
                         inj it  1 INJ   0.1421E-13            
t =   14.5802 + 0.0200 : net it  0 NET   0.2774E-05                       
                         inj it  0 INJ   0.1421E-13                          4 S  =>  0.1810E-15 (PV1)
                                   NET   0.2774E-05         
                         inj it  1 INJ   0.1421E-13            
t =   14.6002 + 0.0200 : net it  0 NET   0.2774E-05                       
                         inj it  0 INJ   0.1421E-13                          4 S  =>  0.1257E-15 (PV1)
                                   NET   0.2774E-05         
                         inj it  1 INJ   0.1421E-13            
t =   14.6202 + 0.0200 : net it  0 NET   0.2774E-05                       
                         inj it  0 INJ   0.1421E-13                          4 S  =>  0.1110E-15 (PV1)
                                   NET   0.2774E-05         
                         inj it  1 INJ   0.1421E-13            
t =   14.6402 + 0.0200 : net it  0 NET   0.2774E-05                       
                         inj it  0 INJ   0.1421E-13                          4 S  =>  0.1110E-15 (PV1)
                                   NET   0.2774E-05         
                         inj it  1 INJ   0.1421E-13            
t =   14.6602 + 0.0200 : net it  0 NET   0.2774E-05                       
                         inj it  0 INJ   0.1421E-13                          4 S  =>  0.1110E-15 (PV1)
                                   NET   0.2774E-05         
                         inj it  1 INJ   0.1421E-13            
t =   14.6802 + 0.0200 : net it  0 NET   0.2774E-05                       
                         inj it  0 INJ   0.1421E-13                          4 S  =>  0.1110E-15 (PV1)
                                   NET   0.2774E-05         
                         inj it  1 INJ   0.1421E-13            
t =   14.7002 + 0.0200 : net it  0 NET   0.2774E-05                       
                         inj it  0 INJ   0.1421E-13                          4 S  =>  0.1110E-15 (PV1)
                                   NET   0.2774E-05         
                         inj it  1 INJ   0.1421E-13            
t =   14.7202 + 0.0200 : net it  0 NET   0.2774E-05                       
                         inj it  0 INJ   0.1421E-13                          4 S  =>  0.1110E-15 (PV1)
                                   NET   0.2774E-05         
                         inj it  1 INJ   0.1421E-13            
t =   14.7402 + 0.0200 : net it  0 NET   0.2774E-05                       
                         inj it  0 INJ   0.1421E-13                          4 S  =>  0.1110E-15 (PV1)
                                   NET   0.2774E-05         
                         inj it  1 INJ   0.1421E-13            
t =   14.7602 + 0.0200 : net it  0 NET   0.2774E-05                       
                         inj it  0 INJ   0.1421E-13                          4 S  =>  0.1133E-15 (PV1)
                                   NET   0.2774E-05         
                         inj it  1 INJ   0.1421E-13            
t =   14.7802 + 0.0200 : net it  0 NET   0.2774E-05                       
                         inj it  0 INJ   0.1421E-13                          4 S  =>  0.1110E-15 (PV1)
                                   NET   0.2774E-05         
                         inj it  1 INJ   0.1421E-13            
t =   14.8002 + 0.0200 : net it  0 NET   0.2774E-05                       
                         inj it  0 INJ   0.1421E-13                          4 S  =>  0.1110E-15 (PV1)
                                   NET   0.2774E-05         
                         inj it  1 INJ   0.1421E-13            
t =   14.8202 + 0.0200 : net it  0 NET   0.2774E-05                       
                         inj it  0 INJ   0.1421E-13                          4 S  =>  0.1110E-15 (PV1)
                                   NET   0.2774E-05         
                         inj it  1 INJ   0.1421E-13            
t =   14.8402 + 0.0200 : net it  0 NET   0.2774E-05                       
                         inj it  0 INJ   0.1421E-13                          4 S  =>  0.1110E-15 (PV1)
                                   NET   0.2774E-05         
                         inj it  1 INJ   0.1421E-13            
t =   14.8602 + 0.0200 : net it  0 NET   0.2774E-05                       
                         inj it  0 INJ   0.1421E-13                          4 S  =>  0.1110E-15 (PV1)
                                   NET   0.2774E-05         
                         inj it  1 INJ   0.1421E-13            
t =   14.8802 + 0.0200 : net it  0 NET   0.2774E-05                       
                         inj it  0 INJ   0.1421E-13                          4 S  =>  0.1110E-15 (PV1)
                                   NET   0.2774E-05         
                         inj it  1 INJ   0.1421E-13            
t =   14.9002 + 0.0200 : net it  0 NET   0.2774E-05                       
                         inj it  0 INJ   0.1421E-13                          4 S  =>  0.1110E-15 (PV1)
                                   NET   0.2774E-05         
                         inj it  1 INJ   0.1421E-13            
t =   14.9202 + 0.0200 : net it  0 NET   0.2774E-05                       
                         inj it  0 INJ   0.1421E-13                          4 S  =>  0.1110E-15 (PV1)
                                   NET   0.2774E-05         
                         inj it  1 INJ   0.1421E-13            
t =   14.9402 + 0.0200 : net it  0 NET   0.2774E-05                       
                         inj it  0 INJ   0.1421E-13                          4 S  =>  0.1110E-15 (PV1)
                                   NET   0.2774E-05         
                         inj it  1 INJ   0.1421E-13            
t =   14.9602 + 0.0200 : net it  0 NET   0.2774E-05                       
                         inj it  0 INJ   0.1421E-13                          4 S  =>  0.1110E-15 (PV1)
                                   NET   0.2774E-05         
                         inj it  1 INJ   0.1421E-13            
t =   14.9802 + 0.0200 : net it  0 NET   0.2774E-05                       
                         inj it  0 INJ   0.1421E-13                          4 S  =>  0.1130E-15 (PV1)
                                   NET   0.2774E-05         
                         inj it  1 INJ   0.1421E-13            
t =   15.0002 + 0.0200 : net it  0 NET   0.2774E-05                       
                         inj it  0 INJ   0.1421E-13                          4 S  =>  0.1246E-15 (PV1)
                                   NET   0.2774E-05         
                         inj it  1 INJ   0.1421E-13            
t =   15.0202 + 0.0200 : net it  0 NET   0.2774E-05                       
                         inj it  0 INJ   0.1421E-13                          4 S  =>  0.1389E-15 (PV1)
                                   NET   0.2774E-05         
                         inj it  1 INJ   0.1421E-13            
t =   15.0402 + 0.0200 : net it  0 NET   0.2774E-05                       
                         inj it  0 INJ   0.1421E-13                          4 S  =>  0.1493E-15 (PV1)
                                   NET   0.2774E-05         
                         inj it  1 INJ   0.1421E-13            
t =   15.0602 + 0.0200 : net it  0 NET   0.2774E-05                       
                         inj it  0 INJ   0.1421E-13                          4 S  =>  0.1804E-15 (PV1)
                                   NET   0.2774E-05         
                         inj it  1 INJ   0.1421E-13            
t =   15.0802 + 0.0200 : net it  0 NET   0.2774E-05                       
                         inj it  0 INJ   0.1421E-13                          4 S  =>  0.1250E-15 (PV1)
                                   NET   0.2774E-05         
                         inj it  1 INJ   0.1421E-13            
t =   15.1002 + 0.0200 : net it  0 NET   0.2774E-05                       
                         inj it  0 INJ   0.1421E-13                          4 S  =>  0.1110E-15 (PV1)
                                   NET   0.2774E-05         
                         inj it  1 INJ   0.1421E-13            
t =   15.1202 + 0.0200 : net it  0 NET   0.2774E-05                       
                         inj it  0 INJ   0.1421E-13                          4 S  =>  0.1110E-15 (PV1)
                                   NET   0.2774E-05         
                         inj it  1 INJ   0.1421E-13            
t =   15.1402 + 0.0200 : net it  0 NET   0.2774E-05                       
                         inj it  0 INJ   0.1421E-13                          4 S  =>  0.1110E-15 (PV1)
                                   NET   0.2774E-05         
                         inj it  1 INJ   0.1421E-13            
t =   15.1602 + 0.0200 : net it  0 NET   0.2774E-05                       
                         inj it  0 INJ   0.1421E-13                          4 S  =>  0.1110E-15 (PV1)
                                   NET   0.2774E-05         
                         inj it  1 INJ   0.1421E-13            
t =   15.1802 + 0.0200 : net it  0 NET   0.2774E-05                       
                         inj it  0 INJ   0.1421E-13                          4 S  =>  0.1110E-15 (PV1)
                                   NET   0.2774E-05         
                         inj it  1 INJ   0.1421E-13            
t =   15.2002 + 0.0200 : net it  0 NET   0.2774E-05                       
                         inj it  0 INJ   0.1421E-13                          4 S  =>  0.1110E-15 (PV1)
                                   NET   0.2774E-05         
                         inj it  1 INJ   0.1421E-13            
t =   15.2202 + 0.0200 : net it  0 NET   0.2774E-05                       
                         inj it  0 INJ   0.1421E-13                          4 S  =>  0.1110E-15 (PV1)
                                   NET   0.2774E-05         
                         inj it  1 INJ   0.1421E-13            
t =   15.2402 + 0.0200 : net it  0 NET   0.2774E-05                       
                         inj it  0 INJ   0.1421E-13                          4 S  =>  0.1136E-15 (PV1)
                                   NET   0.2774E-05         
                         inj it  1 INJ   0.1421E-13            
t =   15.2602 + 0.0200 : net it  0 NET   0.2774E-05                       
                         inj it  0 INJ   0.1421E-13                          4 S  =>  0.1110E-15 (PV1)
                                   NET   0.2774E-05         
                         inj it  1 INJ   0.1421E-13            
t =   15.2802 + 0.0200 : net it  0 NET   0.2774E-05                       
                         inj it  0 INJ   0.1421E-13                          4 S  =>  0.1110E-15 (PV1)
                                   NET   0.2774E-05         
                         inj it  1 INJ   0.1421E-13            
t =   15.3002 + 0.0200 : net it  0 NET   0.2774E-05                       
                         inj it  0 INJ   0.1421E-13                          4 S  =>  0.1110E-15 (PV1)
                                   NET   0.2774E-05         
                         inj it  1 INJ   0.1421E-13            
t =   15.3202 + 0.0200 : net it  0 NET   0.2774E-05                       
                         inj it  0 INJ   0.1421E-13                          4 S  =>  0.1110E-15 (PV1)
                                   NET   0.2774E-05         
                         inj it  1 INJ   0.1421E-13            
t =   15.3402 + 0.0200 : net it  0 NET   0.2774E-05                       
                         inj it  0 INJ   0.1421E-13                          4 S  =>  0.1110E-15 (PV1)
                                   NET   0.2774E-05         
                         inj it  1 INJ   0.1421E-13            
t =   15.3602 + 0.0200 : net it  0 NET   0.2774E-05                       
                         inj it  0 INJ   0.1421E-13                          4 S  =>  0.1110E-15 (PV1)
                                   NET   0.2774E-05         
                         inj it  1 INJ   0.1421E-13            
t =   15.3802 + 0.0200 : net it  0 NET   0.2774E-05                       
                         inj it  0 INJ   0.1421E-13                          4 S  =>  0.1110E-15 (PV1)
                                   NET   0.2774E-05         
                         inj it  1 INJ   0.1421E-13            
t =   15.4002 + 0.0200 : net it  0 NET   0.2774E-05                       
                         inj it  0 INJ   0.1421E-13                          4 S  =>  0.1110E-15 (PV1)
                                   NET   0.2774E-05         
                         inj it  1 INJ   0.1421E-13            
t =   15.4202 + 0.0200 : net it  0 NET   0.2774E-05                       
                         inj it  0 INJ   0.1421E-13                          4 S  =>  0.1110E-15 (PV1)
                                   NET   0.2774E-05         
                         inj it  1 INJ   0.1421E-13            
t =   15.4402 + 0.0200 : net it  0 NET   0.2774E-05                       
                         inj it  0 INJ   0.1421E-13                          4 S  =>  0.1110E-15 (PV1)
                                   NET   0.2774E-05         
                         inj it  1 INJ   0.1421E-13            
t =   15.4602 + 0.0200 : net it  0 NET   0.2774E-05                       
                         inj it  0 INJ   0.1421E-13                          4 S  =>  0.1110E-15 (PV1)
                                   NET   0.2774E-05         
                         inj it  1 INJ   0.1421E-13            
t =   15.4802 + 0.0200 : net it  0 NET   0.2774E-05                       
                         inj it  0 INJ   0.1421E-13                          4 S  =>  0.1110E-15 (PV1)
                                   NET   0.2774E-05         
                         inj it  1 INJ   0.1421E-13            
t =   15.5002 + 0.0200 : net it  0 NET   0.2774E-05                       
                         inj it  0 INJ   0.1421E-13                          4 S  =>  0.1210E-15 (PV1)
                                   NET   0.2774E-05         
                         inj it  1 INJ   0.1421E-13            
t =   15.5202 + 0.0200 : net it  0 NET   0.2774E-05                       
                         inj it  0 INJ   0.1421E-13                          4 S  =>  0.1326E-15 (PV1)
                                   NET   0.2774E-05         
                         inj it  1 INJ   0.1421E-13            
t =   15.5402 + 0.0200 : net it  0 NET   0.2774E-05                       
                         inj it  0 INJ   0.1421E-13                          4 S  =>  0.1648E-15 (PV1)
                                   NET   0.2774E-05         
                         inj it  1 INJ   0.1421E-13            
t =   15.5602 + 0.0200 : net it  0 NET   0.2774E-05                       
                         inj it  0 INJ   0.1421E-13                          4 S  =>  0.1729E-15 (PV1)
                                   NET   0.2774E-05         
                         inj it  1 INJ   0.1421E-13            
t =   15.5802 + 0.0200 : net it  0 NET   0.2774E-05                       
                         inj it  0 INJ   0.1421E-13                          4 S  =>  0.1400E-15 (PV1)
                                   NET   0.2774E-05         
                         inj it  1 INJ   0.1421E-13            
t =   15.6002 + 0.0200 : net it  0 NET   0.2774E-05                       
                         inj it  0 INJ   0.1421E-13                          4 S  =>  0.1110E-15 (PV1)
                                   NET   0.2774E-05         
                         inj it  1 INJ   0.1421E-13            
t =   15.6202 + 0.0200 : net it  0 NET   0.2774E-05                       
                         inj it  0 INJ   0.1421E-13                          4 S  =>  0.1110E-15 (PV1)
                                   NET   0.2774E-05         
                         inj it  1 INJ   0.1421E-13            
t =   15.6402 + 0.0200 : net it  0 NET   0.2774E-05                       
                         inj it  0 INJ   0.1421E-13                          4 S  =>  0.1110E-15 (PV1)
                                   NET   0.2774E-05         
                         inj it  1 INJ   0.1421E-13            
t =   15.6602 + 0.0200 : net it  0 NET   0.2774E-05                       
                         inj it  0 INJ   0.1421E-13                          4 S  =>  0.1110E-15 (PV1)
                                   NET   0.2774E-05         
                         inj it  1 INJ   0.1421E-13            
t =   15.6802 + 0.0200 : net it  0 NET   0.2774E-05                       
                         inj it  0 INJ   0.1421E-13                          4 S  =>  0.1156E-15 (PV1)
                                   NET   0.2774E-05         
                         inj it  1 INJ   0.1421E-13            
t =   15.7002 + 0.0200 : net it  0 NET   0.2774E-05                       
                         inj it  0 INJ   0.1421E-13                          4 S  =>  0.1110E-15 (PV1)
                                   NET   0.2774E-05         
                         inj it  1 INJ   0.1421E-13            
t =   15.7202 + 0.0200 : net it  0 NET   0.2774E-05                       
                         inj it  0 INJ   0.1421E-13                          4 S  =>  0.1110E-15 (PV1)
                                   NET   0.2774E-05         
                         inj it  1 INJ   0.1421E-13            
t =   15.7402 + 0.0200 : net it  0 NET   0.2774E-05                       
                         inj it  0 INJ   0.1421E-13                          4 S  =>  0.1110E-15 (PV1)
                                   NET   0.2774E-05         
                         inj it  1 INJ   0.1421E-13            
t =   15.7602 + 0.0200 : net it  0 NET   0.2774E-05                       
                         inj it  0 INJ   0.1421E-13                          4 S  =>  0.1110E-15 (PV1)
                                   NET   0.2774E-05         
                         inj it  1 INJ   0.1421E-13            
t =   15.7802 + 0.0200 : net it  0 NET   0.2774E-05                       
                         inj it  0 INJ   0.1421E-13                          4 S  =>  0.1110E-15 (PV1)
                                   NET   0.2774E-05         
                         inj it  1 INJ   0.1421E-13            
t =   15.8002 + 0.0200 : net it  0 NET   0.2774E-05                       
                         inj it  0 INJ   0.1421E-13                          4 S  =>  0.1110E-15 (PV1)
                                   NET   0.2774E-05         
                         inj it  1 INJ   0.1421E-13            
t =   15.8202 + 0.0200 : net it  0 NET   0.2774E-05                       
                         inj it  0 INJ   0.1421E-13                          4 S  =>  0.1110E-15 (PV1)
                                   NET   0.2774E-05         
                         inj it  1 INJ   0.1421E-13            
t =   15.8402 + 0.0200 : net it  0 NET   0.2774E-05                       
                         inj it  0 INJ   0.1421E-13                          4 S  =>  0.1110E-15 (PV1)
                                   NET   0.2774E-05         
                         inj it  1 INJ   0.1421E-13            
t =   15.8602 + 0.0200 : net it  0 NET   0.2774E-05                       
                         inj it  0 INJ   0.1421E-13                          4 S  =>  0.1110E-15 (PV1)
                                   NET   0.2774E-05         
                         inj it  1 INJ   0.1421E-13            
t =   15.8802 + 0.0200 : net it  0 NET   0.2774E-05                       
                         inj it  0 INJ   0.1421E-13                          4 S  =>  0.1110E-15 (PV1)
                                   NET   0.2774E-05         
                         inj it  1 INJ   0.1421E-13            
t =   15.9002 + 0.0200 : net it  0 NET   0.2774E-05                       
                         inj it  0 INJ   0.1421E-13                          4 S  =>  0.1110E-15 (PV1)
                                   NET   0.2774E-05         
                         inj it  1 INJ   0.1421E-13            
t =   15.9202 + 0.0200 : net it  0 NET   0.2774E-05                       
                         inj it  0 INJ   0.1421E-13                          4 S  =>  0.1110E-15 (PV1)
                                   NET   0.2774E-05         
                         inj it  1 INJ   0.1421E-13            
t =   15.9402 + 0.0200 : net it  0 NET   0.2774E-05                       
                         inj it  0 INJ   0.1421E-13                          4 S  =>  0.1110E-15 (PV1)
                                   NET   0.2774E-05         
                         inj it  1 INJ   0.1421E-13            
t =   15.9602 + 0.0200 : net it  0 NET   0.2774E-05                       
                         inj it  0 INJ   0.1421E-13                          4 S  =>  0.1110E-15 (PV1)
                                   NET   0.2774E-05         
                         inj it  1 INJ   0.1421E-13            
t =   15.9802 + 0.0200 : net it  0 NET   0.2774E-05                       
                         inj it  0 INJ   0.1421E-13                          4 S  =>  0.1184E-15 (PV1)
                                   NET   0.2774E-05         
                         inj it  1 INJ   0.1421E-13            
t =   16.0002 + 0.0200 : net it  0 NET   0.2774E-05                       
                         inj it  0 INJ   0.1421E-13                          4 S  =>  0.1486E-15 (PV1)
                                   NET   0.2774E-05         
                         inj it  1 INJ   0.1421E-13            
t =   16.0202 + 0.0200 : net it  0 NET   0.2774E-05                       
                         inj it  0 INJ   0.1421E-13                          4 S  =>  0.1296E-15 (PV1)
                                   NET   0.2774E-05         
                         inj it  1 INJ   0.1421E-13            
t =   16.0402 + 0.0200 : net it  0 NET   0.2774E-05                       
                         inj it  0 INJ   0.1421E-13                          4 S  =>  0.1287E-15 (PV1)
                                   NET   0.2774E-05         
                         inj it  1 INJ   0.1421E-13            
t =   16.0602 + 0.0200 : net it  0 NET   0.2774E-05                       
                         inj it  0 INJ   0.1421E-13                          4 S  =>  0.1304E-15 (PV1)
                                   NET   0.2774E-05         
                         inj it  1 INJ   0.1421E-13            
t =   16.0802 + 0.0200 : net it  0 NET   0.2774E-05                       
                         inj it  0 INJ   0.1421E-13                          4 S  =>  0.1110E-15 (PV1)
                                   NET   0.2774E-05         
                         inj it  1 INJ   0.1421E-13            
t =   16.1002 + 0.0200 : net it  0 NET   0.2774E-05                       
                         inj it  0 INJ   0.1421E-13                          4 S  =>  0.1110E-15 (PV1)
                                   NET   0.2774E-05         
                         inj it  1 INJ   0.1421E-13            
t =   16.1202 + 0.0200 : net it  0 NET   0.2774E-05                       
                         inj it  0 INJ   0.1421E-13                          4 S  =>  0.1110E-15 (PV1)
                                   NET   0.2774E-05         
                         inj it  1 INJ   0.1421E-13            
t =   16.1402 + 0.0200 : net it  0 NET   0.2774E-05                       
                         inj it  0 INJ   0.1421E-13                          4 S  =>  0.1110E-15 (PV1)
                                   NET   0.2774E-05         
                         inj it  1 INJ   0.1421E-13            
t =   16.1602 + 0.0200 : net it  0 NET   0.2774E-05                       
                         inj it  0 INJ   0.1421E-13                          4 S  =>  0.1110E-15 (PV1)
                                   NET   0.2774E-05         
                         inj it  1 INJ   0.1421E-13            
t =   16.1802 + 0.0200 : net it  0 NET   0.2774E-05                       
                         inj it  0 INJ   0.1421E-13                          4 S  =>  0.1110E-15 (PV1)
                                   NET   0.2774E-05         
                         inj it  1 INJ   0.1421E-13            
t =   16.2002 + 0.0200 : net it  0 NET   0.2774E-05                       
                         inj it  0 INJ   0.1421E-13                          4 S  =>  0.1219E-15 (PV1)
                                   NET   0.2774E-05         
                         inj it  1 INJ   0.1421E-13            
t =   16.2202 + 0.0200 : net it  0 NET   0.2774E-05                       
                         inj it  0 INJ   0.1421E-13                          4 S  =>  0.1110E-15 (PV1)
                                   NET   0.2774E-05         
                         inj it  1 INJ   0.1421E-13            
t =   16.2402 + 0.0200 : net it  0 NET   0.2774E-05                       
                         inj it  0 INJ   0.1421E-13                          4 S  =>  0.1110E-15 (PV1)
                                   NET   0.2774E-05         
                         inj it  1 INJ   0.1421E-13            
t =   16.2602 + 0.0200 : net it  0 NET   0.2774E-05                       
                         inj it  0 INJ   0.1421E-13                          4 S  =>  0.1110E-15 (PV1)
                                   NET   0.2774E-05         
                         inj it  1 INJ   0.1421E-13            
t =   16.2802 + 0.0200 : net it  0 NET   0.2774E-05                       
                         inj it  0 INJ   0.1421E-13                          4 S  =>  0.1110E-15 (PV1)
                                   NET   0.2774E-05         
                         inj it  1 INJ   0.1421E-13            
t =   16.3002 + 0.0200 : net it  0 NET   0.2774E-05                       
                         inj it  0 INJ   0.1421E-13                          4 S  =>  0.1110E-15 (PV1)
                                   NET   0.2774E-05         
                         inj it  1 INJ   0.1421E-13            
t =   16.3202 + 0.0200 : net it  0 NET   0.2774E-05                       
                         inj it  0 INJ   0.1421E-13                          4 S  =>  0.1110E-15 (PV1)
                                   NET   0.2774E-05         
                         inj it  1 INJ   0.1421E-13            
t =   16.3402 + 0.0200 : net it  0 NET   0.2774E-05                       
                         inj it  0 INJ   0.1421E-13                          4 S  =>  0.1110E-15 (PV1)
                                   NET   0.2774E-05         
                         inj it  1 INJ   0.1421E-13            
t =   16.3602 + 0.0200 : net it  0 NET   0.2774E-05                       
                         inj it  0 INJ   0.1421E-13                          4 S  =>  0.1110E-15 (PV1)
                                   NET   0.2774E-05         
                         inj it  1 INJ   0.1421E-13            
t =   16.3802 + 0.0200 : net it  0 NET   0.2774E-05                       
                         inj it  0 INJ   0.1421E-13                          4 S  =>  0.1110E-15 (PV1)
                                   NET   0.2774E-05         
                         inj it  1 INJ   0.1421E-13            
t =   16.4002 + 0.0200 : net it  0 NET   0.2774E-05                       
                         inj it  0 INJ   0.1421E-13                          4 S  =>  0.1110E-15 (PV1)
                                   NET   0.2774E-05         
                         inj it  1 INJ   0.1421E-13            
t =   16.4202 + 0.0200 : net it  0 NET   0.2774E-05                       
                         inj it  0 INJ   0.1421E-13                          4 S  =>  0.1110E-15 (PV1)
                                   NET   0.2774E-05         
                         inj it  1 INJ   0.1421E-13            
t =   16.4402 + 0.0200 : net it  0 NET   0.2774E-05                       
                         inj it  0 INJ   0.1421E-13                          4 S  =>  0.1110E-15 (PV1)
                                   NET   0.2774E-05         
                         inj it  1 INJ   0.1421E-13            
t =   16.4602 + 0.0200 : net it  0 NET   0.2774E-05                       
                         inj it  0 INJ   0.1421E-13                          4 S  =>  0.1346E-15 (PV1)
                                   NET   0.2774E-05         
                         inj it  1 INJ   0.1421E-13            
t =   16.4802 + 0.0200 : net it  0 NET   0.2774E-05                       
                         inj it  0 INJ   0.1421E-13                          4 S  =>  0.1448E-15 (PV1)
                                   NET   0.2774E-05         
                         inj it  1 INJ   0.1421E-13            
t =   16.5002 + 0.0200 : net it  0 NET   0.2774E-05                       
                         inj it  0 INJ   0.1421E-13                          4 S  =>  0.1577E-15 (PV1)
                                   NET   0.2774E-05         
                         inj it  1 INJ   0.1421E-13            
t =   16.5202 + 0.0200 : net it  0 NET   0.2774E-05                       
                         inj it  0 INJ   0.1421E-13                          4 S  =>  0.1852E-15 (PV1)
                                   NET   0.2774E-05         
                         inj it  1 INJ   0.1421E-13            
t =   16.5402 + 0.0200 : net it  0 NET   0.2774E-05                       
                         inj it  0 INJ   0.1421E-13                          4 S  =>  0.1326E-15 (PV1)
                                   NET   0.2774E-05         
                         inj it  1 INJ   0.1421E-13            
t =   16.5602 + 0.0200 : net it  0 NET   0.2774E-05                       
                         inj it  0 INJ   0.1421E-13                          4 S  =>  0.1110E-15 (PV1)
                                   NET   0.2774E-05         
                         inj it  1 INJ   0.1421E-13            
t =   16.5802 + 0.0200 : net it  0 NET   0.2774E-05                       
                         inj it  0 INJ   0.1421E-13                          4 S  =>  0.1110E-15 (PV1)
                                   NET   0.2774E-05         
                         inj it  1 INJ   0.1421E-13            
t =   16.6002 + 0.0200 : net it  0 NET   0.2774E-05                       
                         inj it  0 INJ   0.1421E-13                          4 S  =>  0.1110E-15 (PV1)
                                   NET   0.2774E-05         
                         inj it  1 INJ   0.1421E-13            
t =   16.6202 + 0.0200 : net it  0 NET   0.2774E-05                       
                         inj it  0 INJ   0.1421E-13                          4 S  =>  0.1110E-15 (PV1)
                                   NET   0.2774E-05         
                         inj it  1 INJ   0.1421E-13            
t =   16.6402 + 0.0200 : net it  0 NET   0.2774E-05                       
                         inj it  0 INJ   0.1421E-13                          4 S  =>  0.1215E-15 (PV1)
                                   NET   0.2774E-05         
                         inj it  1 INJ   0.1421E-13            
t =   16.6602 + 0.0200 : net it  0 NET   0.2774E-05                       
                         inj it  0 INJ   0.1421E-13                          4 S  =>  0.1110E-15 (PV1)
                                   NET   0.2774E-05         
                         inj it  1 INJ   0.1421E-13            
t =   16.6802 + 0.0200 : net it  0 NET   0.2774E-05                       
                         inj it  0 INJ   0.1421E-13                          4 S  =>  0.1110E-15 (PV1)
                                   NET   0.2774E-05         
                         inj it  1 INJ   0.1421E-13            
t =   16.7002 + 0.0200 : net it  0 NET   0.2774E-05                       
                         inj it  0 INJ   0.1421E-13                          4 S  =>  0.1110E-15 (PV1)
                                   NET   0.2774E-05         
                         inj it  1 INJ   0.1421E-13            
t =   16.7202 + 0.0200 : net it  0 NET   0.2774E-05                       
                         inj it  0 INJ   0.1421E-13                          4 S  =>  0.1110E-15 (PV1)
                                   NET   0.2774E-05         
                         inj it  1 INJ   0.1421E-13            
t =   16.7402 + 0.0200 : net it  0 NET   0.2774E-05                       
                         inj it  0 INJ   0.1421E-13                          4 S  =>  0.1110E-15 (PV1)
                                   NET   0.2774E-05         
                         inj it  1 INJ   0.1421E-13            
t =   16.7602 + 0.0200 : net it  0 NET   0.2774E-05                       
                         inj it  0 INJ   0.1421E-13                          4 S  =>  0.1110E-15 (PV1)
                                   NET   0.2774E-05         
                         inj it  1 INJ   0.1421E-13            
t =   16.7802 + 0.0200 : net it  0 NET   0.2774E-05                       
                         inj it  0 INJ   0.1421E-13                          4 S  =>  0.1110E-15 (PV1)
                                   NET   0.2774E-05         
                         inj it  1 INJ   0.1421E-13            
t =   16.8002 + 0.0200 : net it  0 NET   0.2774E-05                       
                         inj it  0 INJ   0.1421E-13                          4 S  =>  0.1110E-15 (PV1)
                                   NET   0.2774E-05         
                         inj it  1 INJ   0.1421E-13            
t =   16.8202 + 0.0200 : net it  0 NET   0.2774E-05                       
                         inj it  0 INJ   0.1421E-13                          4 S  =>  0.1110E-15 (PV1)
                                   NET   0.2774E-05         
                         inj it  1 INJ   0.1421E-13            
t =   16.8402 + 0.0200 : net it  0 NET   0.2774E-05                       
                         inj it  0 INJ   0.1421E-13                          4 S  =>  0.1110E-15 (PV1)
                                   NET   0.2774E-05         
                         inj it  1 INJ   0.1421E-13            
t =   16.8602 + 0.0200 : net it  0 NET   0.2774E-05                       
                         inj it  0 INJ   0.1421E-13                          4 S  =>  0.1110E-15 (PV1)
                                   NET   0.2774E-05         
                         inj it  1 INJ   0.1421E-13            
t =   16.8802 + 0.0200 : net it  0 NET   0.2774E-05                       
                         inj it  0 INJ   0.1421E-13                          4 S  =>  0.1110E-15 (PV1)
                                   NET   0.2774E-05         
                         inj it  1 INJ   0.1421E-13            
t =   16.9002 + 0.0200 : net it  0 NET   0.2774E-05                       
                         inj it  0 INJ   0.1421E-13                          4 S  =>  0.1110E-15 (PV1)
                                   NET   0.2774E-05         
                         inj it  1 INJ   0.1421E-13            
t =   16.9202 + 0.0200 : net it  0 NET   0.2774E-05                       
                         inj it  0 INJ   0.1421E-13                          4 S  =>  0.1110E-15 (PV1)
                                   NET   0.2774E-05         
                         inj it  1 INJ   0.1421E-13            
t =   16.9402 + 0.0200 : net it  0 NET   0.2774E-05                       
                         inj it  0 INJ   0.1421E-13                          4 S  =>  0.1329E-15 (PV1)
                                   NET   0.2774E-05         
                         inj it  1 INJ   0.1421E-13            
t =   16.9602 + 0.0200 : net it  0 NET   0.2774E-05                       
                         inj it  0 INJ   0.1421E-13                          4 S  =>  0.1431E-15 (PV1)
                                   NET   0.2774E-05         
                         inj it  1 INJ   0.1421E-13            
t =   16.9802 + 0.0200 : net it  0 NET   0.2774E-05                       
                         inj it  0 INJ   0.1421E-13                          4 S  =>  0.1251E-15 (PV1)
                                   NET   0.2774E-05         
                         inj it  1 INJ   0.1421E-13            
t =   17.0002 + 0.0200 : net it  0 NET   0.2774E-05                       
                         inj it  0 INJ   0.1421E-13                          4 S  =>  0.1245E-15 (PV1)
                                   NET   0.2774E-05         
                         inj it  1 INJ   0.1421E-13            
t =   17.0202 + 0.0200 : net it  0 NET   0.2774E-05                       
                         inj it  0 INJ   0.1421E-13                          4 S  =>  0.1265E-15 (PV1)
                                   NET   0.2774E-05         
                         inj it  1 INJ   0.1421E-13            
t =   17.0402 + 0.0200 : net it  0 NET   0.2774E-05                       
                         inj it  0 INJ   0.1421E-13                          4 S  =>  0.1253E-15 (PV1)
                                   NET   0.2774E-05         
                         inj it  1 INJ   0.1421E-13            
t =   17.0602 + 0.0200 : net it  0 NET   0.2774E-05                       
                         inj it  0 INJ   0.1421E-13                          4 S  =>  0.1110E-15 (PV1)
                                   NET   0.2774E-05         
                         inj it  1 INJ   0.1421E-13            
t =   17.0802 + 0.0200 : net it  0 NET   0.2774E-05                       
                         inj it  0 INJ   0.1421E-13                          4 S  =>  0.1110E-15 (PV1)
                                   NET   0.2774E-05         
                         inj it  1 INJ   0.1421E-13            
t =   17.1002 + 0.0200 : net it  0 NET   0.2774E-05                       
                         inj it  0 INJ   0.1421E-13                          4 S  =>  0.1110E-15 (PV1)
                                   NET   0.2774E-05         
                         inj it  1 INJ   0.1421E-13            
t =   17.1202 + 0.0200 : net it  0 NET   0.2774E-05                       
                         inj it  0 INJ   0.1421E-13                          4 S  =>  0.1110E-15 (PV1)
                                   NET   0.2774E-05         
                         inj it  1 INJ   0.1421E-13            
t =   17.1402 + 0.0200 : net it  0 NET   0.2774E-05                       
                         inj it  0 INJ   0.1421E-13                          4 S  =>  0.1110E-15 (PV1)
                                   NET   0.2774E-05         
                         inj it  1 INJ   0.1421E-13            
t =   17.1602 + 0.0200 : net it  0 NET   0.2774E-05                       
                         inj it  0 INJ   0.1421E-13                          4 S  =>  0.1429E-15 (PV1)
                                   NET   0.2774E-05         
                         inj it  1 INJ   0.1421E-13            
t =   17.1802 + 0.0200 : net it  0 NET   0.2774E-05                       
                         inj it  0 INJ   0.1421E-13                          4 S  =>  0.1524E-15 (PV1)
                                   NET   0.2774E-05         
                         inj it  1 INJ   0.1421E-13            
t =   17.2002 + 0.0200 : net it  0 NET   0.2774E-05                       
                         inj it  0 INJ   0.1421E-13                          4 S  =>  0.1337E-15 (PV1)
                                   NET   0.2774E-05         
                         inj it  1 INJ   0.1421E-13            
t =   17.2202 + 0.0200 : net it  0 NET   0.2774E-05                       
                         inj it  0 INJ   0.1421E-13                          4 S  =>  0.1110E-15 (PV1)
                                   NET   0.2774E-05         
                         inj it  1 INJ   0.1421E-13            
t =   17.2402 + 0.0200 : net it  0 NET   0.2774E-05                       
                         inj it  0 INJ   0.1421E-13                          4 S  =>  0.1110E-15 (PV1)
                                   NET   0.2774E-05         
                         inj it  1 INJ   0.1421E-13            
t =   17.2602 + 0.0200 : net it  0 NET   0.2774E-05                       
                         inj it  0 INJ   0.1421E-13                          4 S  =>  0.1110E-15 (PV1)
                                   NET   0.2774E-05         
                         inj it  1 INJ   0.1421E-13            
t =   17.2802 + 0.0200 : net it  0 NET   0.2774E-05                       
                         inj it  0 INJ   0.1421E-13                          4 S  =>  0.1110E-15 (PV1)
                                   NET   0.2774E-05         
                         inj it  1 INJ   0.1421E-13            
t =   17.3002 + 0.0200 : net it  0 NET   0.2774E-05                       
                         inj it  0 INJ   0.1421E-13                          4 S  =>  0.1110E-15 (PV1)
                                   NET   0.2774E-05         
                         inj it  1 INJ   0.1421E-13            
t =   17.3202 + 0.0200 : net it  0 NET   0.2774E-05                       
                         inj it  0 INJ   0.1421E-13                          4 S  =>  0.1110E-15 (PV1)
                                   NET   0.2774E-05         
                         inj it  1 INJ   0.1421E-13            
t =   17.3402 + 0.0200 : net it  0 NET   0.2774E-05                       
                         inj it  0 INJ   0.1421E-13                          4 S  =>  0.1110E-15 (PV1)
                                   NET   0.2774E-05         
                         inj it  1 INJ   0.1421E-13            
t =   17.3602 + 0.0200 : net it  0 NET   0.2774E-05                       
                         inj it  0 INJ   0.1421E-13                          4 S  =>  0.1110E-15 (PV1)
                                   NET   0.2774E-05         
                         inj it  1 INJ   0.1421E-13            
t =   17.3802 + 0.0200 : net it  0 NET   0.2774E-05                       
                         inj it  0 INJ   0.1421E-13                          4 S  =>  0.1110E-15 (PV1)
                                   NET   0.2774E-05         
                         inj it  1 INJ   0.1421E-13            
t =   17.4002 + 0.0200 : net it  0 NET   0.2774E-05                       
                         inj it  0 INJ   0.1421E-13                          4 S  =>  0.1159E-15 (PV1)
                                   NET   0.2774E-05         
                         inj it  1 INJ   0.1421E-13            
t =   17.4202 + 0.0200 : net it  0 NET   0.2774E-05                       
                         inj it  0 INJ   0.1421E-13                          4 S  =>  0.1484E-15 (PV1)
                                   NET   0.2774E-05         
                         inj it  1 INJ   0.1421E-13            
t =   17.4402 + 0.0200 : net it  0 NET   0.2774E-05                       
                         inj it  0 INJ   0.1421E-13                          4 S  =>  0.1576E-15 (PV1)
                                   NET   0.2774E-05         
                         inj it  1 INJ   0.1421E-13            
t =   17.4602 + 0.0200 : net it  0 NET   0.2774E-05                       
                         inj it  0 INJ   0.1421E-13                          4 S  =>  0.1881E-15 (PV1)
                                   NET   0.2774E-05         
                         inj it  1 INJ   0.1421E-13            
t =   17.4802 + 0.0200 : net it  0 NET   0.2774E-05                       
                         inj it  0 INJ   0.1421E-13                          4 S  =>  0.1634E-15 (PV1)
                                   NET   0.2774E-05         
                         inj it  1 INJ   0.1421E-13            
t =   17.5002 + 0.0200 : net it  0 NET   0.2774E-05                       
                         inj it  0 INJ   0.1421E-13                          4 S  =>  0.1448E-15 (PV1)
                                   NET   0.2774E-05         
                         inj it  1 INJ   0.1421E-13            
t =   17.5202 + 0.0200 : net it  0 NET   0.2774E-05                       
                         inj it  0 INJ   0.1421E-13                          4 S  =>  0.1110E-15 (PV1)
                                   NET   0.2774E-05         
                         inj it  1 INJ   0.1421E-13            
t =   17.5402 + 0.0200 : net it  0 NET   0.2774E-05                       
                         inj it  0 INJ   0.1421E-13                          4 S  =>  0.1110E-15 (PV1)
                                   NET   0.2774E-05         
                         inj it  1 INJ   0.1421E-13            
t =   17.5602 + 0.0200 : net it  0 NET   0.2774E-05                       
                         inj it  0 INJ   0.1421E-13                          4 S  =>  0.1110E-15 (PV1)
                                   NET   0.2774E-05         
                         inj it  1 INJ   0.1421E-13            
t =   17.5802 + 0.0200 : net it  0 NET   0.2774E-05                       
                         inj it  0 INJ   0.1421E-13                          4 S  =>  0.1110E-15 (PV1)
                                   NET   0.2774E-05         
                         inj it  1 INJ   0.1421E-13            
t =   17.6002 + 0.0200 : net it  0 NET   0.2774E-05                       
                         inj it  0 INJ   0.1421E-13                          4 S  =>  0.1125E-15 (PV1)
                                   NET   0.2774E-05         
                         inj it  1 INJ   0.1421E-13            
t =   17.6202 + 0.0200 : net it  0 NET   0.2774E-05                       
                         inj it  0 INJ   0.1421E-13                          4 S  =>  0.1417E-15 (PV1)
                                   NET   0.2774E-05         
                         inj it  1 INJ   0.1421E-13            
t =   17.6402 + 0.0200 : net it  0 NET   0.2774E-05                       
                         inj it  0 INJ   0.1421E-13                          4 S  =>  0.1543E-15 (PV1)
                                   NET   0.2774E-05         
                         inj it  1 INJ   0.1421E-13            
t =   17.6602 + 0.0200 : net it  0 NET   0.2774E-05                       
                         inj it  0 INJ   0.1421E-13                          4 S  =>  0.1325E-15 (PV1)
                                   NET   0.2774E-05         
                         inj it  1 INJ   0.1421E-13            
t =   17.6802 + 0.0200 : net it  0 NET   0.2774E-05                       
                         inj it  0 INJ   0.1421E-13                          4 S  =>  0.1110E-15 (PV1)
                                   NET   0.2774E-05         
                         inj it  1 INJ   0.1421E-13            
t =   17.7002 + 0.0200 : net it  0 NET   0.2774E-05                       
                         inj it  0 INJ   0.1421E-13                          4 S  =>  0.1110E-15 (PV1)
                                   NET   0.2774E-05         
                         inj it  1 INJ   0.1421E-13            
t =   17.7202 + 0.0200 : net it  0 NET   0.2774E-05                       
                         inj it  0 INJ   0.1421E-13                          4 S  =>  0.1110E-15 (PV1)
                                   NET   0.2774E-05         
                         inj it  1 INJ   0.1421E-13            
t =   17.7402 + 0.0200 : net it  0 NET   0.2774E-05                       
                         inj it  0 INJ   0.1421E-13                          4 S  =>  0.1110E-15 (PV1)
                                   NET   0.2774E-05         
                         inj it  1 INJ   0.1421E-13            
t =   17.7602 + 0.0200 : net it  0 NET   0.2774E-05                       
                         inj it  0 INJ   0.1421E-13                          4 S  =>  0.1110E-15 (PV1)
                                   NET   0.2774E-05         
                         inj it  1 INJ   0.1421E-13            
t =   17.7802 + 0.0200 : net it  0 NET   0.2774E-05                       
                         inj it  0 INJ   0.1421E-13                          4 S  =>  0.1110E-15 (PV1)
                                   NET   0.2774E-05         
                         inj it  1 INJ   0.1421E-13            
t =   17.8002 + 0.0200 : net it  0 NET   0.2774E-05                       
                         inj it  0 INJ   0.1421E-13                          4 S  =>  0.1110E-15 (PV1)
                                   NET   0.2774E-05         
                         inj it  1 INJ   0.1421E-13            
t =   17.8202 + 0.0200 : net it  0 NET   0.2774E-05                       
                         inj it  0 INJ   0.1421E-13                          4 S  =>  0.1110E-15 (PV1)
                                   NET   0.2774E-05         
                         inj it  1 INJ   0.1421E-13            
t =   17.8402 + 0.0200 : net it  0 NET   0.2774E-05                       
                         inj it  0 INJ   0.1421E-13                          4 S  =>  0.1110E-15 (PV1)
                                   NET   0.2774E-05         
                         inj it  1 INJ   0.1421E-13            
t =   17.8602 + 0.0200 : net it  0 NET   0.2774E-05                       
                         inj it  0 INJ   0.1421E-13                          4 S  =>  0.1485E-15 (PV1)
                                   NET   0.2774E-05         
                         inj it  1 INJ   0.1421E-13            
t =   17.8802 + 0.0200 : net it  0 NET   0.2774E-05                       
                         inj it  0 INJ   0.1421E-13                          4 S  =>  0.2372E-15 (PV1)
                                   NET   0.2774E-05         
                         inj it  1 INJ   0.1421E-13            
t =   17.9002 + 0.0200 : net it  0 NET   0.2774E-05                       
                         inj it  0 INJ   0.1421E-13                          4 S  =>  0.2415E-15 (PV1)
                                   NET   0.2774E-05         
                         inj it  1 INJ   0.1421E-13            
t =   17.9202 + 0.0200 : net it  0 NET   0.2774E-05                       
                         inj it  0 INJ   0.1421E-13                          4 S  =>  0.2321E-15 (PV1)
                                   NET   0.2774E-05         
                         inj it  1 INJ   0.1421E-13            
t =   17.9402 + 0.0200 : net it  0 NET   0.2774E-05                       
                         inj it  0 INJ   0.1421E-13                          4 S  =>  0.2268E-15 (PV1)
                                   NET   0.2774E-05         
                         inj it  1 INJ   0.1421E-13            
t =   17.9602 + 0.0200 : net it  0 NET   0.2774E-05                       
                         inj it  0 INJ   0.1421E-13                          4 S  =>  0.1692E-15 (PV1)
                                   NET   0.2774E-05         
                         inj it  1 INJ   0.1421E-13            
t =   17.9802 + 0.0200 : net it  0 NET   0.2774E-05                       
                         inj it  0 INJ   0.1421E-13                          4 S  =>  0.1110E-15 (PV1)
                                   NET   0.2774E-05         
                         inj it  1 INJ   0.1421E-13            
t =   18.0002 + 0.0200 : net it  0 NET   0.2774E-05                       
                         inj it  0 INJ   0.1421E-13                          4 S  =>  0.1110E-15 (PV1)
                                   NET   0.2774E-05         
                         inj it  1 INJ   0.1421E-13            
t =   18.0202 + 0.0200 : net it  0 NET   0.2774E-05                       
                         inj it  0 INJ   0.1421E-13                          4 S  =>  0.1110E-15 (PV1)
                                   NET   0.2774E-05         
                         inj it  1 INJ   0.1421E-13            
t =   18.0402 + 0.0200 : net it  0 NET   0.2774E-05                       
                         inj it  0 INJ   0.1421E-13                          4 S  =>  0.1787E-15 (PV1)
                                   NET   0.2774E-05         
                         inj it  1 INJ   0.1421E-13            
t =   18.0602 + 0.0200 : net it  0 NET   0.2774E-05                       
                         inj it  0 INJ   0.1421E-13                          4 S  =>  0.2152E-15 (PV1)
                                   NET   0.2774E-05         
                         inj it  1 INJ   0.1421E-13            
t =   18.0802 + 0.0200 : net it  0 NET   0.2774E-05                       
                         inj it  0 INJ   0.1421E-13                          4 S  =>  0.2409E-15 (PV1)
                                   NET   0.2774E-05         
                         inj it  1 INJ   0.1421E-13            
t =   18.1002 + 0.0200 : net it  0 NET   0.2774E-05                       
                         inj it  0 INJ   0.1421E-13                          4 S  =>  0.2622E-15 (PV1)
                                   NET   0.2774E-05         
                         inj it  1 INJ   0.1421E-13            
t =   18.1202 + 0.0200 : net it  0 NET   0.2774E-05                       
                         inj it  0 INJ   0.1421E-13                          4 S  =>  0.2538E-15 (PV1)
                                   NET   0.2774E-05         
                         inj it  1 INJ   0.1421E-13            
t =   18.1402 + 0.0200 : net it  0 NET   0.2774E-05                       
                         inj it  0 INJ   0.1421E-13                          4 S  =>  0.1944E-15 (PV1)
                                   NET   0.2774E-05         
                         inj it  1 INJ   0.1421E-13            
t =   18.1602 + 0.0200 : net it  0 NET   0.2774E-05                       
                         inj it  0 INJ   0.1421E-13                          4 S  =>  0.1307E-15 (PV1)
                                   NET   0.2774E-05         
                         inj it  1 INJ   0.1421E-13            
t =   18.1802 + 0.0200 : net it  0 NET   0.2774E-05                       
                         inj it  0 INJ   0.1421E-13                          4 S  =>  0.1110E-15 (PV1)
                                   NET   0.2774E-05         
                         inj it  1 INJ   0.1421E-13            
t =   18.2002 + 0.0200 : net it  0 NET   0.2774E-05                       
                         inj it  0 INJ   0.1421E-13                          4 S  =>  0.1110E-15 (PV1)
                                   NET   0.2774E-05         
                         inj it  1 INJ   0.1421E-13            
t =   18.2202 + 0.0200 : net it  0 NET   0.2774E-05                       
                         inj it  0 INJ   0.1421E-13                          4 S  =>  0.1597E-15 (PV1)
                                   NET   0.2774E-05         
                         inj it  1 INJ   0.1421E-13            
t =   18.2402 + 0.0200 : net it  0 NET   0.2774E-05                       
                         inj it  0 INJ   0.1421E-13                          4 S  =>  0.2470E-15 (PV1)
                                   NET   0.2774E-05         
                         inj it  1 INJ   0.1421E-13            
t =   18.2602 + 0.0200 : net it  0 NET   0.2774E-05                       
                         inj it  0 INJ   0.1421E-13                          4 S  =>  0.2507E-15 (PV1)
                                   NET   0.2774E-05         
                         inj it  1 INJ   0.1421E-13            
t =   18.2802 + 0.0200 : net it  0 NET   0.2774E-05                       
                         inj it  0 INJ   0.1421E-13                          4 S  =>  0.2407E-15 (PV1)
                                   NET   0.2774E-05         
                         inj it  1 INJ   0.1421E-13            
t =   18.3002 + 0.0200 : net it  0 NET   0.2774E-05                       
                         inj it  0 INJ   0.1421E-13                          4 S  =>  0.2163E-15 (PV1)
                                   NET   0.2774E-05         
                         inj it  1 INJ   0.1421E-13            
t =   18.3202 + 0.0200 : net it  0 NET   0.2774E-05                       
                         inj it  0 INJ   0.1421E-13                          4 S  =>  0.1600E-15 (PV1)
                                   NET   0.2774E-05         
                         inj it  1 INJ   0.1421E-13            
t =   18.3402 + 0.0200 : net it  0 NET   0.2774E-05                       
                         inj it  0 INJ   0.1421E-13                          4 S  =>  0.1110E-15 (PV1)
                                   NET   0.2774E-05         
                         inj it  1 INJ   0.1421E-13            
t =   18.3602 + 0.0200 : net it  0 NET   0.2774E-05                       
                         inj it  0 INJ   0.1421E-13                          4 S  =>  0.1110E-15 (PV1)
                                   NET   0.2774E-05         
                         inj it  1 INJ   0.1421E-13            
t =   18.3802 + 0.0200 : net it  0 NET   0.2774E-05                       
                         inj it  0 INJ   0.1421E-13                          4 S  =>  0.1110E-15 (PV1)
                                   NET   0.2774E-05         
                         inj it  1 INJ   0.1421E-13            
t =   18.4002 + 0.0200 : net it  0 NET   0.2774E-05                       
                         inj it  0 INJ   0.1421E-13                          4 S  =>  0.1110E-15 (PV1)
                                   NET   0.2774E-05         
                         inj it  1 INJ   0.1421E-13            
t =   18.4202 + 0.0200 : net it  0 NET   0.2774E-05                       
                         inj it  0 INJ   0.1421E-13                          4 S  =>  0.1585E-15 (PV1)
                                   NET   0.2774E-05         
                         inj it  1 INJ   0.1421E-13            
t =   18.4402 + 0.0200 : net it  0 NET   0.2774E-05                       
                         inj it  0 INJ   0.1421E-13                          4 S  =>  0.2183E-15 (PV1)
                                   NET   0.2774E-05         
                         inj it  1 INJ   0.1421E-13            
t =   18.4602 + 0.0200 : net it  0 NET   0.2774E-05                       
                         inj it  0 INJ   0.1421E-13                          4 S  =>  0.2403E-15 (PV1)
                                   NET   0.2774E-05         
                         inj it  1 INJ   0.1421E-13            
t =   18.4802 + 0.0200 : net it  0 NET   0.2774E-05                       
                         inj it  0 INJ   0.1421E-13                          4 S  =>  0.2646E-15 (PV1)
                                   NET   0.2774E-05         
                         inj it  1 INJ   0.1421E-13            
t =   18.5002 + 0.0200 : net it  0 NET   0.2774E-05                       
                         inj it  0 INJ   0.1421E-13                          4 S  =>  0.2531E-15 (PV1)
                                   NET   0.2774E-05         
                         inj it  1 INJ   0.1421E-13            
t =   18.5202 + 0.0200 : net it  0 NET   0.2774E-05                       
                         inj it  0 INJ   0.1421E-13                          4 S  =>  0.1967E-15 (PV1)
                                   NET   0.2774E-05         
                         inj it  1 INJ   0.1421E-13            
t =   18.5402 + 0.0200 : net it  0 NET   0.2774E-05                       
                         inj it  0 INJ   0.1421E-13                          4 S  =>  0.1298E-15 (PV1)
                                   NET   0.2774E-05         
                         inj it  1 INJ   0.1421E-13            
t =   18.5602 + 0.0200 : net it  0 NET   0.2774E-05                       
                         inj it  0 INJ   0.1421E-13                          4 S  =>  0.1110E-15 (PV1)
                                   NET   0.2774E-05         
                         inj it  1 INJ   0.1421E-13            
t =   18.5802 + 0.0200 : net it  0 NET   0.2774E-05                       
                         inj it  0 INJ   0.1421E-13                          4 S  =>  0.1110E-15 (PV1)
                                   NET   0.2774E-05         
                         inj it  1 INJ   0.1421E-13            
t =   18.6002 + 0.0200 : net it  0 NET   0.2774E-05                       
                         inj it  0 INJ   0.1421E-13                          4 S  =>  0.1575E-15 (PV1)
                                   NET   0.2774E-05         
                         inj it  1 INJ   0.1421E-13            
t =   18.6202 + 0.0200 : net it  0 NET   0.2774E-05                       
                         inj it  0 INJ   0.1421E-13                          4 S  =>  0.2481E-15 (PV1)
                                   NET   0.2774E-05         
                         inj it  1 INJ   0.1421E-13            
t =   18.6402 + 0.0200 : net it  0 NET   0.2774E-05                       
                         inj it  0 INJ   0.1421E-13                          4 S  =>  0.2798E-15 (PV1)
                                   NET   0.2774E-05         
                         inj it  1 INJ   0.1421E-13            
t =   18.6602 + 0.0200 : net it  0 NET   0.2774E-05                       
                         inj it  0 INJ   0.1421E-13                          4 S  =>  0.2827E-15 (PV1)
                                   NET   0.2774E-05         
                         inj it  1 INJ   0.1421E-13            
t =   18.6802 + 0.0200 : net it  0 NET   0.2774E-05                       
                         inj it  0 INJ   0.1421E-13                          4 S  =>  0.2705E-15 (PV1)
                                   NET   0.2774E-05         
                         inj it  1 INJ   0.1421E-13            
t =   18.7002 + 0.0200 : net it  0 NET   0.2774E-05                       
                         inj it  0 INJ   0.1421E-13                          4 S  =>  0.2313E-15 (PV1)
                                   NET   0.2774E-05         
                         inj it  1 INJ   0.1421E-13            
t =   18.7202 + 0.0200 : net it  0 NET   0.2774E-05                       
                         inj it  0 INJ   0.1421E-13                          4 S  =>  0.1431E-15 (PV1)
                                   NET   0.2774E-05         
                         inj it  1 INJ   0.1421E-13            
t =   18.7402 + 0.0200 : net it  0 NET   0.2774E-05                       
                         inj it  0 INJ   0.1421E-13                          4 S  =>  0.1110E-15 (PV1)
                                   NET   0.2774E-05         
                         inj it  1 INJ   0.1421E-13            
t =   18.7602 + 0.0200 : net it  0 NET   0.2774E-05                       
                         inj it  0 INJ   0.1421E-13                          4 S  =>  0.1110E-15 (PV1)
                                   NET   0.2774E-05         
                         inj it  1 INJ   0.1421E-13            
t =   18.7802 + 0.0200 : net it  0 NET   0.2774E-05                       
                         inj it  0 INJ   0.1421E-13                          4 S  =>  0.1183E-15 (PV1)
                                   NET   0.2774E-05         
                         inj it  1 INJ   0.1421E-13            
t =   18.8002 + 0.0200 : net it  0 NET   0.2774E-05                       
                         inj it  0 INJ   0.1421E-13                          4 S  =>  0.1808E-15 (PV1)
                                   NET   0.2774E-05         
                         inj it  1 INJ   0.1421E-13            
t =   18.8202 + 0.0200 : net it  0 NET   0.2774E-05                       
                         inj it  0 INJ   0.1421E-13                          4 S  =>  0.2053E-15 (PV1)
                                   NET   0.2774E-05         
                         inj it  1 INJ   0.1421E-13            
t =   18.8402 + 0.0200 : net it  0 NET   0.2774E-05                       
                         inj it  0 INJ   0.1421E-13                          4 S  =>  0.2009E-15 (PV1)
                                   NET   0.2774E-05         
                         inj it  1 INJ   0.1421E-13            
t =   18.8602 + 0.0200 : net it  0 NET   0.2774E-05                       
                         inj it  0 INJ   0.1421E-13                          4 S  =>  0.1450E-15 (PV1)
                                   NET   0.2774E-05         
                         inj it  1 INJ   0.1421E-13            
t =   18.8802 + 0.0200 : net it  0 NET   0.2774E-05                       
                         inj it  0 INJ   0.1421E-13                          4 S  =>  0.1159E-15 (PV1)
                                   NET   0.2774E-05         
                         inj it  1 INJ   0.1421E-13            
t =   18.9002 + 0.0200 : net it  0 NET   0.2774E-05                       
                         inj it  0 INJ   0.1421E-13                          4 S  =>  0.1110E-15 (PV1)
                                   NET   0.2774E-05         
                         inj it  1 INJ   0.1421E-13            
t =   18.9202 + 0.0200 : net it  0 NET   0.2774E-05                       
                         inj it  0 INJ   0.1421E-13                          4 S  =>  0.1110E-15 (PV1)
                                   NET   0.2774E-05         
                         inj it  1 INJ   0.1421E-13            
t =   18.9402 + 0.0200 : net it  0 NET   0.2774E-05                       
                         inj it  0 INJ   0.1421E-13                          4 S  =>  0.1110E-15 (PV1)
                                   NET   0.2774E-05         
                         inj it  1 INJ   0.1421E-13            
t =   18.9602 + 0.0200 : net it  0 NET   0.2774E-05                       
                         inj it  0 INJ   0.1421E-13                          4 S  =>  0.1110E-15 (PV1)
                                   NET   0.2774E-05         
                         inj it  1 INJ   0.1421E-13            
t =   18.9802 + 0.0200 : net it  0 NET   0.2774E-05                       
                         inj it  0 INJ   0.1421E-13                          4 S  =>  0.1110E-15 (PV1)
                                   NET   0.2774E-05         
                         inj it  1 INJ   0.1421E-13            
t =   19.0002 + 0.0200 : net it  0 NET   0.2774E-05                       
                         inj it  0 INJ   0.1421E-13                          4 S  =>  0.1110E-15 (PV1)
                                   NET   0.2774E-05         
                         inj it  1 INJ   0.1421E-13            
t =   19.0202 + 0.0200 : net it  0 NET   0.2774E-05                       
                         inj it  0 INJ   0.1421E-13                          4 S  =>  0.1110E-15 (PV1)
                                   NET   0.2774E-05         
                         inj it  1 INJ   0.1421E-13            
t =   19.0402 + 0.0200 : net it  0 NET   0.2774E-05                       
                         inj it  0 INJ   0.1421E-13                          4 S  =>  0.1110E-15 (PV1)
                                   NET   0.2774E-05         
                         inj it  1 INJ   0.1421E-13            
t =   19.0602 + 0.0200 : net it  0 NET   0.2774E-05                       
                         inj it  0 INJ   0.1421E-13                          4 S  =>  0.1110E-15 (PV1)
                                   NET   0.2774E-05         
                         inj it  1 INJ   0.1421E-13            
t =   19.0802 + 0.0200 : net it  0 NET   0.2774E-05                       
                         inj it  0 INJ   0.1421E-13                          4 S  =>  0.1110E-15 (PV1)
                                   NET   0.2774E-05         
                         inj it  1 INJ   0.1421E-13            
t =   19.1002 + 0.0200 : net it  0 NET   0.2774E-05                       
                         inj it  0 INJ   0.1421E-13                          4 S  =>  0.1110E-15 (PV1)
                                   NET   0.2774E-05         
                         inj it  1 INJ   0.1421E-13            
t =   19.1202 + 0.0200 : net it  0 NET   0.2774E-05                       
                         inj it  0 INJ   0.1421E-13                          4 S  =>  0.1110E-15 (PV1)
                                   NET   0.2774E-05         
                         inj it  1 INJ   0.1421E-13            
t =   19.1402 + 0.0200 : net it  0 NET   0.2774E-05                       
                         inj it  0 INJ   0.1421E-13                          4 S  =>  0.1110E-15 (PV1)
                                   NET   0.2774E-05         
                         inj it  1 INJ   0.1421E-13            
t =   19.1602 + 0.0200 : net it  0 NET   0.2774E-05                       
                         inj it  0 INJ   0.1421E-13                          4 S  =>  0.1110E-15 (PV1)
                                   NET   0.2774E-05         
                         inj it  1 INJ   0.1421E-13            
t =   19.1802 + 0.0200 : net it  0 NET   0.2774E-05                       
                         inj it  0 INJ   0.1421E-13                          4 S  =>  0.1110E-15 (PV1)
                                   NET   0.2774E-05         
                         inj it  1 INJ   0.1421E-13            
t =   19.2002 + 0.0200 : net it  0 NET   0.2774E-05                       
                         inj it  0 INJ   0.1421E-13                          4 S  =>  0.1110E-15 (PV1)
                                   NET   0.2774E-05         
                         inj it  1 INJ   0.1421E-13            
t =   19.2202 + 0.0200 : net it  0 NET   0.2774E-05                       
                         inj it  0 INJ   0.1421E-13                          4 S  =>  0.1110E-15 (PV1)
                                   NET   0.2774E-05         
                         inj it  1 INJ   0.1421E-13            
t =   19.2402 + 0.0200 : net it  0 NET   0.2774E-05                       
                         inj it  0 INJ   0.1421E-13                          4 S  =>  0.1110E-15 (PV1)
                                   NET   0.2774E-05         
                         inj it  1 INJ   0.1421E-13            
t =   19.2602 + 0.0200 : net it  0 NET   0.2774E-05                       
                         inj it  0 INJ   0.1421E-13                          4 S  =>  0.1128E-15 (PV1)
                                   NET   0.2774E-05         
                         inj it  1 INJ   0.1421E-13            
t =   19.2802 + 0.0200 : net it  0 NET   0.2774E-05                       
                         inj it  0 INJ   0.1421E-13                          4 S  =>  0.1110E-15 (PV1)
                                   NET   0.2774E-05         
                         inj it  1 INJ   0.1421E-13            
t =   19.3002 + 0.0200 : net it  0 NET   0.2774E-05                       
                         inj it  0 INJ   0.1421E-13                          4 S  =>  0.1110E-15 (PV1)
                                   NET   0.2774E-05         
                         inj it  1 INJ   0.1421E-13            
t =   19.3202 + 0.0200 : net it  0 NET   0.2774E-05                       
                         inj it  0 INJ   0.1421E-13                          4 S  =>  0.1110E-15 (PV1)
                                   NET   0.2774E-05         
                         inj it  1 INJ   0.1421E-13            
t =   19.3402 + 0.0200 : net it  0 NET   0.2774E-05                       
                         inj it  0 INJ   0.1421E-13                          4 S  =>  0.1110E-15 (PV1)
                                   NET   0.2774E-05         
                         inj it  1 INJ   0.1421E-13            
t =   19.3602 + 0.0200 : net it  0 NET   0.2774E-05                       
                         inj it  0 INJ   0.1421E-13                          4 S  =>  0.1110E-15 (PV1)
                                   NET   0.2774E-05         
                         inj it  1 INJ   0.1421E-13            
t =   19.3802 + 0.0200 : net it  0 NET   0.2774E-05                       
                         inj it  0 INJ   0.1421E-13                          4 S  =>  0.1110E-15 (PV1)
                                   NET   0.2774E-05         
                         inj it  1 INJ   0.1421E-13            
t =   19.4002 + 0.0200 : net it  0 NET   0.2774E-05                       
                         inj it  0 INJ   0.1421E-13                          4 S  =>  0.1110E-15 (PV1)
                                   NET   0.2774E-05         
                         inj it  1 INJ   0.1421E-13            
t =   19.4202 + 0.0200 : net it  0 NET   0.2774E-05                       
                         inj it  0 INJ   0.1421E-13                          4 S  =>  0.1110E-15 (PV1)
                                   NET   0.2774E-05         
                         inj it  1 INJ   0.1421E-13            
t =   19.4402 + 0.0200 : net it  0 NET   0.2774E-05                       
                         inj it  0 INJ   0.1421E-13                          4 S  =>  0.1110E-15 (PV1)
                                   NET   0.2774E-05         
                         inj it  1 INJ   0.1421E-13            
t =   19.4602 + 0.0200 : net it  0 NET   0.2774E-05                       
                         inj it  0 INJ   0.1421E-13                          4 S  =>  0.1110E-15 (PV1)
                                   NET   0.2774E-05         
                         inj it  1 INJ   0.1421E-13            
t =   19.4802 + 0.0200 : net it  0 NET   0.2774E-05                       
                         inj it  0 INJ   0.1421E-13                          4 S  =>  0.1110E-15 (PV1)
                                   NET   0.2774E-05         
                         inj it  1 INJ   0.1421E-13            
t =   19.5002 + 0.0200 : net it  0 NET   0.2774E-05                       
                         inj it  0 INJ   0.1421E-13                          4 S  =>  0.1110E-15 (PV1)
                                   NET   0.2774E-05         
                         inj it  1 INJ   0.1421E-13            
t =   19.5202 + 0.0200 : net it  0 NET   0.2774E-05                       
                         inj it  0 INJ   0.1421E-13                          4 S  =>  0.1215E-15 (PV1)
                                   NET   0.2774E-05         
                         inj it  1 INJ   0.1421E-13            
t =   19.5402 + 0.0200 : net it  0 NET   0.2774E-05                       
                         inj it  0 INJ   0.1421E-13                          4 S  =>  0.1360E-15 (PV1)
                                   NET   0.2774E-05         
                         inj it  1 INJ   0.1421E-13            
t =   19.5602 + 0.0200 : net it  0 NET   0.2774E-05                       
                         inj it  0 INJ   0.1421E-13                          4 S  =>  0.1650E-15 (PV1)
                                   NET   0.2774E-05         
                         inj it  1 INJ   0.1421E-13            
t =   19.5802 + 0.0200 : net it  0 NET   0.2774E-05                       
                         inj it  0 INJ   0.1421E-13                          4 S  =>  0.1761E-15 (PV1)
                                   NET   0.2774E-05         
                         inj it  1 INJ   0.1421E-13            
t =   19.6002 + 0.0200 : net it  0 NET   0.2774E-05                       
                         inj it  0 INJ   0.1421E-13                          4 S  =>  0.1399E-15 (PV1)
                                   NET   0.2774E-05         
                         inj it  1 INJ   0.1421E-13            
t =   19.6202 + 0.0200 : net it  0 NET   0.2774E-05                       
                         inj it  0 INJ   0.1421E-13                          4 S  =>  0.1110E-15 (PV1)
                                   NET   0.2774E-05         
                         inj it  1 INJ   0.1421E-13            
t =   19.6402 + 0.0200 : net it  0 NET   0.2774E-05                       
                         inj it  0 INJ   0.1421E-13                          4 S  =>  0.1110E-15 (PV1)
                                   NET   0.2774E-05         
                         inj it  1 INJ   0.1421E-13            
t =   19.6602 + 0.0200 : net it  0 NET   0.2774E-05                       
                         inj it  0 INJ   0.1421E-13                          4 S  =>  0.1110E-15 (PV1)
                                   NET   0.2774E-05         
                         inj it  1 INJ   0.1421E-13            
t =   19.6802 + 0.0200 : net it  0 NET   0.2774E-05                       
                         inj it  0 INJ   0.1421E-13                          4 S  =>  0.1110E-15 (PV1)
                                   NET   0.2774E-05         
                         inj it  1 INJ   0.1421E-13            
t =   19.7002 + 0.0200 : net it  0 NET   0.2774E-05                       
                         inj it  0 INJ   0.1421E-13                          4 S  =>  0.1130E-15 (PV1)
                                   NET   0.2774E-05         
                         inj it  1 INJ   0.1421E-13            
t =   19.7202 + 0.0011 : net it  0 NET   0.2774E-05             1 NET JU  
                         inj it  0 INJ   0.5821E-10                4  JU     4 S  =>  0.6243E-13 (PV1)
                                   NET   0.2774E-05         
                         inj it  1 INJ   0.1137E-12            
t =   19.7213          Horizon reached 
t =   19.7213 FAULT BUS N1 0.001775 0.003235                                                                                                    
t =   19.7213 FAULT BUS N1 0.001775 0.003235                                                                                                    
t =   19.7213 + 0.0001 : net it  0 NET    38.18                 1 NET JU          =>  0.9725     (transm,N1)
                         inj it  0 INJ    4.007                    4  JU     4 S  =>  0.9726     (PV1)
                         net it  1 NET   0.3794E-02                               =>  0.7600E-04 (transm,N1)
                         inj it  1 INJ   0.8265E-01                4  JU     4 S  =>  0.6718E-03 (PV1)
                         net it  2 NET   0.1712E-06                       
                         inj it  2 INJ   0.1596E-06                          4 S  =>  0.1596E-06 (PV1)
                                   NET   0.1712E-06         
                         inj it  3 INJ   0.1819E-11            
t =   19.7214 + 0.0001 : net it  0 NET   0.1712E-06             1 NET JU  
                         inj it  0 INJ    4.011                    4  JU     4 S  =>  0.9534E-02 (PV1)
                                   NET   0.9901E-06                       
                         inj it  1 INJ   0.2718E-05                          2 S  =>  0.2718E-05 (PV1)
                                   NET   0.1004E-05         
                         inj it  2 INJ   0.3836E-08            
t =   19.7215 + 0.0200 : net it  0 NET   0.1004E-05             1 NET JU          =>  0.1872E-03 (transm,N1)
                         inj it  0 INJ    8.013                    4  JU     4 S  =>  0.9522     (PV1)
                         net it  1 NET   0.7864E-08                               =>  0.8176E-02 (transm,N1)
                         inj it  1 INJ    1.248                    2  JU     4 S  =>  0.9562     (PV1)
                         net it  2 NET   0.1294E-03                               =>  0.7689E-03 (transm,N1)
                         inj it  2 INJ   0.3958                    2  JU     4 S  =>  0.3967     (PV1)
                         net it  3 NET   0.4784E-02                               =>  0.9875E-04 (transm,N1)
                         inj it  3 INJ   0.1241E-01                2  JU     4 S  =>  0.7825E-03 (PV1)
                         net it  4 NET   0.5599E-03                               =>  0.1101E-04 (transm,N1)
                         inj it  4 INJ   0.1387E-02                2  JU     4 S  =>  0.1540E-03 (PV1)
                         net it  5 NET   0.6252E-04             1 NET JU          =>  0.1105E-05 (transm,N1)
                         inj it  5 INJ   0.1391E-03                2  JU     4 S  =>  0.1561E-04 (PV1)
                         net it  6 NET   0.1856E-11                       
                         inj it  6 INJ   0.7773E-08                          1 S  =>  0.2056E-08 (PV1)
                                   NET   0.8229E-09         
                         inj it  7 INJ   0.1091E-10            
                             7 z changes applied  (   0 EXC    0 TOR    7 INJ    0 TWOP)
t =   19.7215 + 0.0200 : net it  0 NET   0.1004E-05                               =>  0.6018E-03 (transm,N1)
                         inj it  0 INJ    7.866                    2  JU     4 S  =>   1.000     (PV1)
                         net it  1 NET   0.4779E-02                               =>  0.1851E-03 (transm,N1)
                         inj it  1 INJ    1.271                    4  JU     4 S  =>  0.9572     (PV1)
                         net it  2 NET   0.1565E-02                               =>  0.2767E-04 (transm,N1)
                         inj it  2 INJ   0.4910E-01                2  JU     4 S  =>  0.4910E-01 (PV1)
                         net it  3 NET   0.1573E-03                               =>  0.2773E-05 (transm,N1)
                         inj it  3 INJ   0.1594E-03                2  JU     4 S  =>  0.1903E-04 (PV1)
                         net it  4 NET   0.1584E-04                               =>  0.2792E-06 (transm,N1)
                         inj it  4 INJ   0.1604E-04                2  JU     4 S  =>  0.1963E-05 (PV1)
                         net it  5 NET   0.1594E-05         
                         inj it  5 INJ   0.1244E-08            
t =   19.7215 + 0.0200 : Limit cycle detected     (   0 EXC    0 TOR    3 INJ    0 TWOP)
t =   19.7215 + 0.0001 : net it  0 NET   0.1004E-05             1 NET JU  
                         inj it  0 INJ    4.011                    4  JU     4 S  =>  0.9440E-02 (PV1)
                                   NET   0.3559E-05                       
                         inj it  1 INJ   0.2743E-05                          2 S  =>  0.2743E-05 (PV1)
                                   NET   0.3573E-05         
                         inj it  2 INJ   0.3913E-08            
                             1 z changes applied  (   0 EXC    0 TOR    1 INJ    0 TWOP)
t =   19.7215 + 0.0001 : net it  0 NET   0.1004E-05                       
                         inj it  0 INJ    4.011                    2  JU     4 S  =>  0.9440E-02 (PV1)
                                   NET   0.2914E-05                       
                         inj it  1 INJ   0.2743E-05                          2 S  =>  0.2743E-05 (PV1)
                                   NET   0.2914E-05         
                         inj it  2 INJ   0.3913E-08            
t =   19.7216 + 0.0001 : net it  0 NET   0.2914E-05                       
                         inj it  0 INJ    4.011                              4 S  =>  0.9346E-02 (PV1)
                                   NET   0.4827E-05                       
                         inj it  1 INJ   0.8222E-05                          2 S  =>  0.8222E-05 (PV1)
                                   NET   0.4827E-05         
                         inj it  2 INJ   0.2373E-07            
t =   19.7217 + 0.0098 : net it  0 NET   0.4827E-05             1 NET JU          =>  0.4318E-05 (transm,N1)
                         inj it  0 INJ    7.982                    4  JU     4 S  =>  0.6137     (PV1)
                         net it  1 NET   0.1831E-11                       
                         inj it  1 INJ   0.3403E-01                          2 S  =>  0.3403E-01 (PV1)
                                   NET   0.1151E-06                       
                         inj it  2 INJ   0.6759E-02                          1 S  =>  0.6759E-02 (PV1)
                                   NET   0.1164E-06                       
                         inj it  3 INJ   0.1597E-07                          1 S  =>  0.8720E-07 (PV1)
                                   NET   0.1165E-06         
                         inj it  4 INJ   0.2635E-09            
                             4 z changes applied  (   0 EXC    0 TOR    4 INJ    0 TWOP)
t =   19.7217 + 0.0098 : net it  0 NET   0.4827E-05                               =>  0.1573E-02 (transm,N1)
                         inj it  0 INJ    8.322                    2  JU     4 S  =>   1.000     (PV1)
                         net it  1 NET   0.6867E-04                               =>  0.1776E-05 (transm,N1)
                         inj it  1 INJ   0.1846                    4  JU     4 S  =>  0.1846     (PV1)
                         net it  2 NET   0.7623E-07                       
                         inj it  2 INJ   0.1297E-08                          2 S  =>  0.1297E-08 (PV1)
                                   NET   0.7622E-07         
                         inj it  3 INJ   0.2966E-14            
                             2 z changes applied  (   0 EXC    0 TOR    2 INJ    0 TWOP)
t =   19.7217 + 0.0098 : net it  0 NET   0.4827E-05                               =>  0.9852E-03 (transm,N1)
                         inj it  0 INJ    8.195                    2  JU     4 S  =>   1.000     (PV1)
                         net it  1 NET   0.2186E-08                               =>  0.1419E-03 (transm,N1)
                         inj it  1 INJ   0.9132E-01                2  JU     4 S  =>  0.9132E-01 (PV1)
                         net it  2 NET   0.1163E-05                               =>  0.1161E-05 (transm,N1)
                         inj it  2 INJ   0.9332E-01                          4 S  =>  0.9332E-01 (PV1)
                         net it  3 NET   0.9542E-08                               =>  0.5385E-04 (transm,N1)
                         inj it  3 INJ   0.1389E-01                          4 S  =>  0.1389E-01 (PV1)
                         net it  4 NET   0.4425E-06                       
                         inj it  4 INJ   0.1683E-02                          4 S  =>  0.1683E-02 (PV1)
                                   NET   0.4473E-06                       
                         inj it  5 INJ   0.9486E-06                          1 S  =>  0.1352E-05 (PV1)
                                   NET   0.4258E-06         
                         inj it  6 INJ   0.1352E-05            
t =   19.7217 + 0.0098 : Limit cycle detected     (   0 EXC    0 TOR    1 INJ    0 TWOP)
t =   19.7217 + 0.0001 : net it  0 NET   0.4827E-05             1 NET JU  
                         inj it  0 INJ    4.011                    4  JU     4 S  =>  0.9254E-02 (PV1)
                                   NET   0.6742E-05                       
                         inj it  1 INJ   0.2795E-05                          2 S  =>  0.2795E-05 (PV1)
                                   NET   0.6742E-05         
                         inj it  2 INJ   0.4070E-08            
                             2 z changes applied  (   0 EXC    0 TOR    2 INJ    0 TWOP)
t =   19.7217 + 0.0001 : net it  0 NET   0.4827E-05                               =>  0.4236E-05 (transm,N1)
                         inj it  0 INJ    4.012                    2  JU     4 S  =>   1.000     (PV1)
                         net it  1 NET   0.1384E-09                       
                         inj it  1 INJ   0.1246E-01                          2 S  =>  0.1246E-01 (PV1)
                                   NET   0.3709E-09                       
                         inj it  2 INJ   0.4161E-06                          1 S  =>  0.4161E-06 (PV1)
                                   NET   0.3709E-09         
                         inj it  3 INJ   0.7276E-11            
t =   19.7218 + 0.0001 : net it  0 NET   0.3709E-09                               =>  0.4721E-05 (transm,N1)
                         inj it  0 INJ    4.013                              4 S  =>  0.9162E-02 (PV1)
                         net it  1 NET   0.3813E-09                       
                         inj it  1 INJ   0.8669E-03                          2 S  =>  0.8669E-03 (PV1)
                                   NET   0.1217E-08                       
                         inj it  2 INJ   0.1247E-05                          1 S  =>  0.1247E-05 (PV1)
                                   NET   0.1217E-08         
                         inj it  3 INJ   0.2842E-13            
t =   19.7219 + 0.0047 : net it  0 NET   0.1217E-08             1 NET JU          =>  0.6328E-03 (transm,N1)
                         inj it  0 INJ    8.079                    4  JU     4 S  =>  0.3479     (PV1)
                         net it  1 NET   0.5204E-09                       
                         inj it  1 INJ   0.1410                    2  JU     4 S  =>  0.1410     (PV1)
                                   NET   0.3481E-05                       
                         inj it  2 INJ   0.2057E-06                          1 S  =>  0.2775E-06 (PV1)
                                   NET   0.3486E-05         
                         inj it  3 INJ   0.1606E-08            
                             4 z changes applied  (   0 EXC    0 TOR    4 INJ    0 TWOP)
t =   19.7219 + 0.0047 : net it  0 NET   0.1217E-08                               =>  0.6328E-03 (transm,N1)
                         inj it  0 INJ    8.079                    2  JU     4 S  =>  0.3479     (PV1)
                         net it  1 NET   0.5204E-09                       
                         inj it  1 INJ   0.1410                    2  JU     4 S  =>  0.1410     (PV1)
                                   NET   0.3481E-05                       
                         inj it  2 INJ   0.2057E-06                          1 S  =>  0.2775E-06 (PV1)
                                   NET   0.3486E-05         
                         inj it  3 INJ   0.1606E-08            
t =   19.7266          Horizon reached 
t =   19.7266 + 0.0200 : net it  0 NET   0.3486E-05             1 NET JU          =>  0.2808E-02 (transm,N1)
                         inj it  0 INJ    4.754                    4  JU     4 S  =>  0.3685     (PV1)
                         net it  1 NET   0.1368E-07                               =>  0.1185E-05 (transm,N1)
                         inj it  1 INJ   0.2816                    2  JU     4 S  =>  0.2816     (PV1)
                         net it  2 NET   0.1277E-07                       
                         inj it  2 INJ   0.7505E-05                          2 S  =>  0.8270E-05 (PV1)
                                   NET   0.7021E-06         
                         inj it  3 INJ   0.3026E-07            
                             4 z changes applied  (   0 EXC    0 TOR    4 INJ    0 TWOP)
t =   19.7266 + 0.0200 : net it  0 NET   0.3486E-05                               =>  0.1702E-02 (transm,N1)
                         inj it  0 INJ    4.515                    2  JU     4 S  =>   1.000     (PV1)
                         net it  1 NET   0.2134E-03                               =>  0.3655E-05 (transm,N1)
                         inj it  1 INJ   0.4570E-01                4  JU     4 S  =>  0.4570E-01 (PV1)
                         net it  2 NET   0.4458E-06                       
                         inj it  2 INJ   0.8910E-07                          2 S  =>  0.8910E-07 (PV1)
                                   NET   0.4455E-06         
                         inj it  3 INJ   0.2274E-12            
                             2 z changes applied  (   0 EXC    0 TOR    2 INJ    0 TWOP)
t =   19.7266 + 0.0200 : net it  0 NET   0.3486E-05                               =>  0.2053E-02 (transm,N1)
                         inj it  0 INJ    4.605                    2  JU     4 S  =>   1.000     (PV1)
                         net it  1 NET   0.2648E-03                               =>  0.1011E-02 (transm,N1)
                         inj it  1 INJ   0.2027                    4  JU     4 S  =>  0.4601E-01 (PV1)
                         net it  2 NET   0.1141E-03                               =>  0.2158E-05 (transm,N1)
                         inj it  2 INJ   0.4960E-03                2  JU     4 S  =>  0.2436E-04 (PV1)
                         net it  3 NET   0.2586E-06                       
                         inj it  3 INJ   0.2181E-09                          1 S  =>  0.2181E-09 (PV1)
                                   NET   0.2586E-06         
                         inj it  4 INJ   0.1230E-09            
t =   19.7266 + 0.0200 : Limit cycle detected     (   0 EXC    0 TOR    1 INJ    0 TWOP)
t =   19.7266 + 0.0001 : net it  0 NET   0.3486E-05             1 NET JU          =>  0.2217E-04 (transm,N1)
                         inj it  0 INJ    4.153                    4  JU     4 S  =>  0.6988E-02 (PV1)
                         net it  1 NET   0.2226E-12                       
                         inj it  1 INJ   0.3765E-03                2  JU     4 S  =>  0.3765E-03 (PV1)
                                   NET   0.3240E-08                       
                         inj it  2 INJ   0.4535E-11                          1 S  =>  0.4535E-11 (PV1)
                                   NET   0.3240E-08         
                         inj it  3 INJ   0.5684E-13            
t =   19.7267 + 0.0001 : net it  0 NET   0.3240E-08             1 NET JU          =>  0.2245E-04 (transm,N1)
                         inj it  0 INJ    4.158                    4  JU     4 S  =>  0.7701E-02 (PV1)
                         net it  1 NET   0.2217E-12                       
                         inj it  1 INJ   0.4907E-03                2  JU     4 S  =>  0.4907E-03 (PV1)
                                   NET   0.3299E-08                       
                         inj it  2 INJ   0.4657E-09                          1 S  =>  0.6032E-11 (PV1)
                                   NET   0.3299E-08         
                         inj it  3 INJ   0.4657E-09            
t =   19.7268 + 0.0098 : net it  0 NET   0.3299E-08             1 NET JU          =>  0.2613E-02 (transm,N1)
                         inj it  0 INJ    8.837                    4  JU     4 S  =>  0.5725     (PV1)
                         net it  1 NET   0.5423E-08                               =>  0.8067E-06 (transm,N1)
                         inj it  1 INJ   0.5012                    2  JU     4 S  =>  0.5012     (PV1)
                         net it  2 NET   0.7167E-08                       
                         inj it  2 INJ   0.5239E-05                          2 S  =>  0.5223E-05 (PV1)
                                   NET   0.2395E-06         
                         inj it  3 INJ   0.1542E-07            
                             4 z changes applied  (   0 EXC    0 TOR    4 INJ    0 TWOP)
t =   19.7268 + 0.0098 : net it  0 NET   0.3299E-08                               =>  0.1815E-02 (transm,N1)
                         inj it  0 INJ    8.665                    2  JU     4 S  =>   1.000     (PV1)
                         net it  1 NET   0.7943E-04                               =>  0.1249E-05 (transm,N1)
                         inj it  1 INJ   0.5268E-01                4  JU     4 S  =>  0.5268E-01 (PV1)
                         net it  2 NET   0.4272E-07                       
                         inj it  2 INJ   0.7233E-07                          2 S  =>  0.7233E-07 (PV1)
                                   NET   0.4263E-07         
                         inj it  3 INJ   0.7105E-14            
                             2 z changes applied  (   0 EXC    0 TOR    2 INJ    0 TWOP)
t =   19.7268 + 0.0098 : net it  0 NET   0.3299E-08                               =>  0.1997E-02 (transm,N1)
                         inj it  0 INJ    8.716                    2  JU     4 S  =>   1.000     (PV1)
                         net it  1 NET   0.8963E-04                               =>  0.6588E-03 (transm,N1)
                         inj it  1 INJ   0.1348                    4  JU     4 S  =>  0.5278E-01 (PV1)
                         net it  2 NET   0.2502E-04                               =>  0.4424E-06 (transm,N1)
                         inj it  2 INJ   0.1060E-03                2  JU     4 S  =>  0.6686E-05 (PV1)
                         net it  3 NET   0.1722E-07         
                         inj it  3 INJ   0.6081E-10            
t =   19.7268 + 0.0098 : Limit cycle detected     (   0 EXC    0 TOR    1 INJ    0 TWOP)
t =   19.7268 + 0.0001 : net it  0 NET   0.3299E-08             1 NET JU          =>  0.2266E-04 (transm,N1)
                         inj it  0 INJ    4.163                    4  JU     4 S  =>  0.8656E-02 (PV1)
                         net it  1 NET   0.2237E-12                       
                         inj it  1 INJ   0.6865E-03                2  JU     4 S  =>  0.6865E-03 (PV1)
                                   NET   0.3353E-08                       
                         inj it  2 INJ   0.4657E-09                          1 S  =>  0.8753E-11 (PV1)
                                   NET   0.3353E-08         
                         inj it  3 INJ   0.4657E-09            
t =   19.7269 + 0.0001 : net it  0 NET   0.3353E-08                               =>  0.2287E-04 (transm,N1)
                         inj it  0 INJ    4.167                              4 S  =>  0.8569E-02 (PV1)
                         net it  1 NET   0.1934E-08                       
                         inj it  1 INJ   0.2547E-02                2  JU     4 S  =>  0.2547E-02 (PV1)
                                   NET   0.1016E-07                       
                         inj it  2 INJ   0.4657E-09                          1 S  =>  0.3590E-10 (PV1)
                                   NET   0.1016E-07         
                         inj it  3 INJ   0.1819E-11            
t =   19.7270 + 0.0047 : net it  0 NET   0.1016E-07             1 NET JU          =>  0.1219E-02 (transm,N1)
                         inj it  0 INJ    8.511                    4  JU     4 S  =>  0.4719     (PV1)
                         net it  1 NET   0.9831E-09                       
                         inj it  1 INJ   0.4211                    2  JU     4 S  =>  0.4211     (PV1)
                                   NET   0.9751E-05                       
                         inj it  2 INJ   0.1106E-05                          1 S  =>  0.1106E-05 (PV1)
                                   NET   0.9764E-05         
                         inj it  3 INJ   0.7047E-08            
                             3 z changes applied  (   0 EXC    0 TOR    3 INJ    0 TWOP)
t =   19.7270 + 0.0047 : net it  0 NET   0.1016E-07                               =>  0.9743E-03 (transm,N1)
                         inj it  0 INJ    8.458                    2  JU     4 S  =>   1.000     (PV1)
                         net it  1 NET   0.1332E-04                               =>  0.2406E-06 (transm,N1)
                         inj it  1 INJ   0.2585E-01                4  JU     4 S  =>  0.2585E-01 (PV1)
                         net it  2 NET   0.1451E-08                       
                         inj it  2 INJ   0.5135E-07                          1 S  =>  0.5135E-07 (PV1)
                                   NET   0.1450E-08         
                         inj it  3 INJ   0.1787E-13            
                             1 z changes applied  (   0 EXC    0 TOR    1 INJ    0 TWOP)
t =   19.7270 + 0.0047 : net it  0 NET   0.1016E-07                               =>  0.9701E-03 (transm,N1)
                         inj it  0 INJ    8.458                    2  JU     4 S  =>   1.000     (PV1)
                         net it  1 NET   0.1330E-04                               =>  0.5406E-04 (transm,N1)
                         inj it  1 INJ   0.2585E-01                4  JU     4 S  =>  0.2585E-01 (PV1)
                         net it  2 NET   0.4002E-06                       
                         inj it  2 INJ   0.9446E-07                          4 S  =>  0.9446E-07 (PV1)
                                   NET   0.3531E-06         
                         inj it  3 INJ   0.5877E-12            
t =   19.7317          Horizon reached 
t =   19.7317 + 0.0200 : net it  0 NET   0.3531E-06             1 NET JU          =>  0.1220E-02 (transm,N1)
                         inj it  0 INJ    4.651                    4  JU     4 S  =>  0.1765     (PV1)
                         net it  1 NET   0.3742E-07                               =>  0.3322E-06 (transm,N1)
                         inj it  1 INJ   0.3691E-01                2  JU     4 S  =>  0.3690E-01 (PV1)
                         net it  2 NET   0.3399E-08                       
                         inj it  2 INJ   0.1992E-05                          2 S  =>  0.1993E-05 (PV1)
                                   NET   0.5431E-08         
                         inj it  3 INJ   0.1813E-08            
                             1 z changes applied  (   0 EXC    0 TOR    1 INJ    0 TWOP)
t =   19.7317 + 0.0200 : net it  0 NET   0.3531E-06                               =>  0.1220E-02 (transm,N1)
                         inj it  0 INJ    4.651                    2  JU     4 S  =>   1.000     (PV1)
                         net it  1 NET   0.3742E-07                               =>  0.3322E-06 (transm,N1)
                         inj it  1 INJ   0.3691E-01                2  JU     4 S  =>  0.3690E-01 (PV1)
                         net it  2 NET   0.3399E-08                       
                         inj it  2 INJ   0.1992E-05                          2 S  =>  0.1993E-05 (PV1)
                                   NET   0.5431E-08         
                         inj it  3 INJ   0.1813E-08            
                             1 z changes applied  (   0 EXC    0 TOR    1 INJ    0 TWOP)
t =   19.7317 + 0.0200 : net it  0 NET   0.3531E-06                               =>  0.1145E-02 (transm,N1)
                         inj it  0 INJ    4.617                    2  JU     4 S  =>   1.000     (PV1)
                         net it  1 NET   0.1142E-06                               =>  0.6429E-03 (transm,N1)
                         inj it  1 INJ   0.1473                    2  JU     4 S  =>  0.3705E-01 (PV1)
                         net it  2 NET   0.6698E-05                       
                         inj it  2 INJ   0.6261E-02                          4 S  =>  0.6261E-02 (PV1)
                                   NET   0.6804E-05                       
                         inj it  3 INJ   0.2610E-05                          1 S  =>  0.2610E-05 (PV1)
                                   NET   0.6804E-05         
                         inj it  4 INJ   0.3837E-09            
                             1 z changes applied  (   0 EXC    0 TOR    1 INJ    0 TWOP)
t =   19.7317 + 0.0200 : net it  0 NET   0.3531E-06                               =>  0.1145E-02 (transm,N1)
                         inj it  0 INJ    4.617                    2  JU     4 S  =>   1.000     (PV1)
                         net it  1 NET   0.1142E-06                               =>  0.6429E-03 (transm,N1)
                         inj it  1 INJ   0.1473                    2  JU     4 S  =>  0.3705E-01 (PV1)
                         net it  2 NET   0.6698E-05                       
                         inj it  2 INJ   0.6261E-02                          4 S  =>  0.6261E-02 (PV1)
                                   NET   0.6804E-05                       
                         inj it  3 INJ   0.2610E-05                          1 S  =>  0.2610E-05 (PV1)
                                   NET   0.6804E-05         
                         inj it  4 INJ   0.3837E-09            
t =   19.7517 + 0.0200 : net it  0 NET   0.6804E-05             1 NET JU          =>  0.2266E-03 (transm,N1)
                         inj it  0 INJ    5.701                    4  JU     4 S  =>  0.3464     (PV1)
                         net it  1 NET   0.1396E-07                               =>  0.3917E-03 (transm,N1)
                         inj it  1 INJ   0.1736                    2  JU     4 S  =>  0.1738     (PV1)
                         net it  2 NET   0.6036E-05                       
                         inj it  2 INJ   0.2533E-02                          4 S  =>  0.2533E-02 (PV1)
                                   NET   0.5927E-05                       
                         inj it  3 INJ   0.3678E-05                          1 S  =>  0.3678E-05 (PV1)
                                   NET   0.5927E-05         
                         inj it  4 INJ   0.2698E-09            
                             1 z changes applied  (   0 EXC    0 TOR    1 INJ    0 TWOP)
t =   19.7517 + 0.0200 : net it  0 NET   0.6804E-05                               =>  0.9156E-03 (transm,N1)
                         inj it  0 INJ    5.897                    2  JU     4 S  =>   1.000     (PV1)
                         net it  1 NET   0.1075E-08                               =>  0.2540E-03 (transm,N1)
                         inj it  1 INJ   0.1703                    2  JU     4 S  =>  0.1702     (PV1)
                         net it  2 NET   0.4042E-05                       
                         inj it  2 INJ   0.1625E-02                          4 S  =>  0.1625E-02 (PV1)
                                   NET   0.4222E-05                       
                         inj it  3 INJ   0.3843E-05                          1 S  =>  0.3843E-05 (PV1)
                                   NET   0.4222E-05         
                         inj it  4 INJ   0.1648E-08            
                             1 z changes applied  (   0 EXC    0 TOR    1 INJ    0 TWOP)
t =   19.7517 + 0.0200 : net it  0 NET   0.6804E-05                               =>  0.3245E-03 (transm,N1)
                         inj it  0 INJ    5.762                    2  JU     4 S  =>   1.000     (PV1)
                         net it  1 NET   0.1217E-07                               =>  0.1904E-03 (transm,N1)
                         inj it  1 INJ   0.1725                    2  JU     4 S  =>  0.1726     (PV1)
                         net it  2 NET   0.2965E-05                       
                         inj it  2 INJ   0.1226E-02                          4 S  =>  0.1226E-02 (PV1)
                                   NET   0.2971E-05                       
                         inj it  3 INJ   0.2150E-05                          1 S  =>  0.2150E-05 (PV1)
                                   NET   0.2971E-05         
                         inj it  4 INJ   0.7645E-11            
t =   19.7717 + 0.0200 : net it  0 NET   0.2971E-05                               =>  0.2225E-03 (transm,N1)
                         inj it  0 INJ    6.435                              4 S  =>  0.6830E-01 (L1)
                         net it  1 NET   0.3444E-05                               =>  0.1998E-03 (transm,N1)
                         inj it  1 INJ   0.6700                    2  JU     4 S  =>  0.5930     (PV1)
                         net it  2 NET   0.6556E-05                       
                         inj it  2 INJ   0.6059E-02                          4 S  =>  0.5333E-02 (PV1)
                                   NET   0.6565E-05                       
                         inj it  3 INJ   0.2327E-04                          1 S  =>  0.2048E-04 (PV1)
                                   NET   0.6565E-05                       
                         inj it  4 INJ   0.1570E-10                          1 S  =>  0.2885E-13 (PV1)
                                   NET   0.6565E-05         
                         inj it  5 INJ   0.1570E-10            
t =   19.7917 + 0.0200 : net it  0 NET   0.6565E-05                               =>  0.1200E-03 (transm,N1)
                         inj it  0 INJ    6.631                              4 S  =>  0.6579E-01 (L1)
                         net it  1 NET   0.3924E-05                               =>  0.8649E-04 (transm,N1)
                         inj it  1 INJ   0.4325                    2  JU     4 S  =>  0.2747     (PV1)
                         net it  2 NET   0.4373E-05                       
                         inj it  2 INJ   0.5118E-02                          4 S  =>  0.3240E-02 (PV1)
                                   NET   0.4379E-05                       
                         inj it  3 INJ   0.2023E-04                          1 S  =>  0.1281E-04 (PV1)
                                   NET   0.4379E-05                       
                         inj it  4 INJ   0.1162E-10                          1 S  =>  0.1556E-13 (PV1)
                                   NET   0.4379E-05         
                         inj it  5 INJ   0.1162E-10            
t =   19.8117 + 0.0017 : net it  0 NET   0.4379E-05             1 NET JU          =>  0.4880E-05 (transm,N1)
                         inj it  0 INJ    4.818                    4  JU     4 S  =>  0.3831E-01 (PV1)
                         net it  1 NET   0.1029E-11                       
                         inj it  1 INJ   0.2044E-02                          2 S  =>  0.1341E-02 (PV1)
                                   NET   0.4135E-06                       
                         inj it  2 INJ   0.6538E-09                          1 S  =>  0.4291E-09 (PV1)
                                   NET   0.4135E-06         
                         inj it  3 INJ   0.2274E-12            
t =   19.8134          Horizon reached 
t =   19.8134 CLEAR BUS N1                                                                                                                      
t =   19.8134 CLEAR BUS N1                                                                                                                      
t =   19.8134 + 0.0001 : net it  0 NET   0.9794                 1 NET JU          =>   1.061     (transm,N1)
                         inj it  0 INJ    108.4                    4  JU     4 S  =>  0.9800     (PV1)
                         net it  1 NET   0.1376E-03                               =>  0.2344E-02 (transm,N1)
                         inj it  1 INJ    2.307                    4  JU     4 S  =>  0.3083     (PV1)
                         net it  2 NET   0.9995E-05                       
                         inj it  2 INJ   0.8588E-04                          4 S  =>  0.3324E-04 (PV1)
                                   NET   0.9941E-05                       
                         inj it  3 INJ   0.1117E-07                          1 S  =>  0.1117E-07 (PV1)
                                   NET   0.9941E-05         
                         inj it  4 INJ   0.3196E-08            
t =   19.8135 + 0.0001 : net it  0 NET   0.9941E-05             1 NET JU          =>  0.2235E-02 (transm,N1)
                         inj it  0 INJ    106.5                    4  JU     4 S  =>  0.3504     (PV1)
                         net it  1 NET   0.2561E-07                       
                         inj it  1 INJ   0.9330E-01                2  JU     4 S  =>  0.9330E-01 (PV1)
                                   NET   0.4726E-05                       
                         inj it  2 INJ   0.3905E-06                          1 S  =>  0.3905E-06 (PV1)
                                   NET   0.4726E-05         
                         inj it  3 INJ   0.1304E-06            
t =   19.8136 + 0.0200 : net it  0 NET   0.4726E-05             1 NET JU          =>  0.1414     (transm,N1)
                         inj it  0 INJ    232.9                    4  JU     4 S  =>   1.083     (PV1)
                         net it  1 NET   0.3146E-02                               =>  0.2201E-01 (transm,N1)
                         inj it  1 INJ    21.73                    4  JU     4 S  =>   18.62     (PV1)
                         net it  2 NET   0.1070E-02                               =>  0.9929E-03 (transm,N1)
                         inj it  2 INJ   0.4801                    2  JU     4 S  =>  0.2877E-02 (PV1)
                         net it  3 NET   0.1533E-03                               =>  0.1804E-03 (transm,N1)
                         inj it  3 INJ   0.2252E-01                2  JU     4 S  =>  0.1611E-03 (inf_bus)
                         net it  4 NET   0.7503E-05                       
                         inj it  4 INJ   0.5176E-05                          4 S  =>  0.1424E-07 (L1)
                                   NET   0.7502E-05         
                         inj it  5 INJ   0.1190E-08            
                             6 z changes applied  (   0 EXC    0 TOR    6 INJ    0 TWOP)
t =   19.8136 + 0.0200 : net it  0 NET   0.4726E-05                               =>  0.1555     (transm,N1)
                         inj it  0 INJ    200.8                    2  JU     4 S  =>   2.000     (PV1)
                         net it  1 NET   0.2774E-02                               =>  0.1852E-01 (transm,N1)
                         inj it  1 INJ    17.90                    4  JU     4 S  =>   17.90     (PV1)
                         net it  2 NET   0.8447E-03                               =>  0.1133E-02 (transm,N1)
                         inj it  2 INJ   0.3026                    2  JU     4 S  =>  0.2629E-02 (PV1)
                         net it  3 NET   0.1593E-03                               =>  0.1916E-03 (transm,N1)
                         inj it  3 INJ   0.2304E-01                2  JU     4 S  =>  0.1748E-03 (PV1)
                         net it  4 NET   0.8499E-05                       
                         inj it  4 INJ   0.5712E-05                          4 S  =>  0.1657E-07 (L1)
                                   NET   0.8500E-05         
                         inj it  5 INJ   0.1415E-08            
t =   19.8136 + 0.0200 : Limit cycle detected     (   0 EXC    0 TOR    4 INJ    0 TWOP)
t =   19.8136 + 0.0001 : net it  0 NET   0.4726E-05             1 NET JU          =>  0.2189E-02 (transm,N1)
                         inj it  0 INJ    104.2                    4  JU     4 S  =>  0.1868     (PV1)
                         net it  1 NET   0.2420E-07                       
                         inj it  1 INJ   0.3899E-01                2  JU     4 S  =>  0.3899E-01 (PV1)
                                   NET   0.4530E-05                       
                         inj it  2 INJ   0.1626E-06                          1 S  =>  0.1626E-06 (PV1)
                                   NET   0.4530E-05         
                         inj it  3 INJ   0.1206E-06            
t =   19.8137 + 0.0001 : net it  0 NET   0.4530E-05                               =>  0.2142E-02 (transm,N1)
                         inj it  0 INJ    102.0                              4 S  =>  0.1851     (PV1)
                         net it  1 NET   0.4429E-05                               =>  0.1141E-04 (transm,N1)
                         inj it  1 INJ   0.8910E-01                2  JU     4 S  =>  0.8910E-01 (PV1)
                         net it  2 NET   0.4509E-07                       
                         inj it  2 INJ   0.7930E-06                          3 S  =>  0.5853E-06 (PV1)
                                   NET   0.4509E-07         
                         inj it  3 INJ   0.7930E-06            
t =   19.8138 + 0.0098 : net it  0 NET   0.4509E-07             1 NET JU          =>  0.1020     (transm,N1)
                         inj it  0 INJ    214.7                    4  JU     4 S  =>   1.096     (PV1)
                         net it  1 NET   0.1206E-02                               =>  0.1069E-01 (transm,N1)
                         inj it  1 INJ    11.12                    4  JU     4 S  =>   4.889     (PV1)
                         net it  2 NET   0.6700E-04                               =>  0.6754E-04 (transm,N1)
                         inj it  2 INJ   0.1224                    2  JU     4 S  =>  0.2645E-03 (L1)
                         net it  3 NET   0.5644E-05                       
                         inj it  3 INJ   0.2212E-05                          4 S  =>  0.4782E-08 (L1)
                                   NET   0.5640E-05         
                         inj it  4 INJ   0.4002E-10            
                             2 z changes applied  (   0 EXC    0 TOR    2 INJ    0 TWOP)
t =   19.8138 + 0.0098 : net it  0 NET   0.4509E-07                               =>  0.1028     (transm,N1)
                         inj it  0 INJ    212.2                    2  JU     4 S  =>   1.096     (PV1)
                         net it  1 NET   0.1153E-02                               =>  0.1284E-01 (transm,N1)
                         inj it  1 INJ    9.187                    4  JU     4 S  =>   4.873     (PV1)
                         net it  2 NET   0.9271E-03                               =>  0.8925E-03 (transm,N1)
                         inj it  2 INJ   0.2470                    2  JU     4 S  =>  0.7969E-03 (inf_bus)
                         net it  3 NET   0.5381E-05                       
                         inj it  3 INJ   0.2224E-03                          4 S  =>  0.4823E-06 (L1)
                                   NET   0.5364E-05         
                         inj it  4 INJ   0.2002E-06            
                             2 z changes applied  (   0 EXC    0 TOR    2 INJ    0 TWOP)
t =   19.8138 + 0.0098 : net it  0 NET   0.4509E-07                               =>  0.1029     (transm,N1)
                         inj it  0 INJ    212.2                    2  JU     4 S  =>   1.096     (PV1)
                         net it  1 NET   0.1154E-02                               =>  0.1116E-01 (transm,N1)
                         inj it  1 INJ    9.740                    4  JU     4 S  =>   4.873     (PV1)
                         net it  2 NET   0.8116E-04                               =>  0.1284E-03 (transm,N1)
                         inj it  2 INJ   0.8493E-01                2  JU     4 S  =>  0.1848E-03 (L1)
                         net it  3 NET   0.9697E-05                       
                         inj it  3 INJ   0.1057E-04                          4 S  =>  0.2300E-07 (L1)
                                   NET   0.9694E-05         
                         inj it  4 INJ   0.1315E-08            
t =   19.8236          Horizon reached 
t =   19.8236 + 0.0200 : net it  0 NET   0.9694E-05             1 NET JU          =>  0.2205E-01 (transm,N1)
                         inj it  0 INJ    10.87                    4  JU     4 S  =>  0.1932     (PV1)
                         net it  1 NET   0.5678E-04                               =>  0.5174E-03 (transm,N1)
                         inj it  1 INJ   0.4184                    4  JU     4 S  =>  0.3682E-01 (PV1)
                         net it  2 NET   0.6272E-06                       
                         inj it  2 INJ   0.2959E-03                          4 S  =>  0.8958E-06 (L1)
                                   NET   0.6417E-06         
                         inj it  3 INJ   0.2092E-06            
                             1 z changes applied  (   0 EXC    0 TOR    1 INJ    0 TWOP)
t =   19.8236 + 0.0200 : net it  0 NET   0.9694E-05                               =>  0.2205E-01 (transm,N1)
                         inj it  0 INJ    10.87                    2  JU     4 S  =>   1.000     (PV1)
                         net it  1 NET   0.5678E-04                               =>  0.5174E-03 (transm,N1)
                         inj it  1 INJ   0.4184                    4  JU     4 S  =>  0.3682E-01 (PV1)
                         net it  2 NET   0.6272E-06                       
                         inj it  2 INJ   0.2959E-03                          4 S  =>  0.8958E-06 (L1)
                                   NET   0.6417E-06         
                         inj it  3 INJ   0.2092E-06            
t =   19.8436 + 0.0200 : net it  0 NET   0.6417E-06             1 NET JU          =>  0.2644E-01 (transm,N1)
                         inj it  0 INJ    8.669                    4  JU     4 S  =>  0.1035     (PV1)
                         net it  1 NET   0.8771E-04                               =>  0.8383E-03 (transm,N1)
                         inj it  1 INJ   0.4830                    4  JU     4 S  =>  0.1072E-01 (PV1)
                         net it  2 NET   0.1724E-05                       
                         inj it  2 INJ   0.5765E-03                          4 S  =>  0.1861E-05 (L1)
                                   NET   0.1760E-05         
                         inj it  3 INJ   0.6881E-06            
                             2 z changes applied  (   0 EXC    0 TOR    2 INJ    0 TWOP)
t =   19.8436 + 0.0200 : net it  0 NET   0.6417E-06                               =>  0.2351E-01 (transm,N1)
                         inj it  0 INJ    8.116                    2  JU     4 S  =>   1.000     (PV1)
                         net it  1 NET   0.8299E-03                               =>  0.1677E-02 (transm,N1)
                         inj it  1 INJ   0.5977                    4  JU     4 S  =>  0.7270E-02 (PV1)
                         net it  2 NET   0.5931E-04                               =>  0.6329E-04 (transm,N1)
                         inj it  2 INJ   0.1411E-01                2  JU     4 S  =>  0.5916E-04 (PV1)
                         net it  3 NET   0.2236E-05                       
                         inj it  3 INJ   0.1267E-05                          4 S  =>  0.4081E-08 (L1)
                                   NET   0.2236E-05         
                         inj it  4 INJ   0.1137E-09            
t =   19.8636 + 0.0200 : net it  0 NET   0.2236E-05                               =>  0.1535E-01 (transm,N1)
                         inj it  0 INJ    4.905                              4 S  =>  0.5235E-01 (PV1)
                         net it  1 NET   0.5482E-03                               =>  0.1111E-02 (transm,N1)
                         inj it  1 INJ   0.3301                    4  JU     4 S  =>  0.1087E-02 (L1)
                         net it  2 NET   0.3863E-04                               =>  0.4083E-04 (transm,N1)
                         inj it  2 INJ   0.8781E-02                2  JU     4 S  =>  0.3885E-04 (PV1)
                         net it  3 NET   0.1415E-05                       
                         inj it  3 INJ   0.5137E-06                          4 S  =>  0.1694E-08 (L1)
                                   NET   0.1415E-05         
                         inj it  4 INJ   0.3003E-10            
                             1 z changes applied  (   0 EXC    0 TOR    1 INJ    0 TWOP)
t =   19.8636 + 0.0200 : net it  0 NET   0.2236E-05                               =>  0.2193E-01 (transm,N1)
                         inj it  0 INJ    6.175                    2  JU     4 S  =>  0.7212E-01 (PV1)
                         net it  1 NET   0.1013E-03                               =>  0.6856E-03 (transm,N1)
                         inj it  1 INJ   0.3278                    4  JU     4 S  =>  0.1090E-02 (L1)
                         net it  2 NET   0.3371E-05                       
                         inj it  2 INJ   0.3246E-03                          4 S  =>  0.1079E-05 (L1)
                                   NET   0.3404E-05         
                         inj it  3 INJ   0.3214E-06            
t =   19.8836 + 0.0200 : net it  0 NET   0.3404E-05                               =>  0.1275E-01 (transm,N1)
                         inj it  0 INJ    3.938                              4 S  =>  0.3801E-01 (PV1)
                         net it  1 NET   0.7285E-04                               =>  0.3443E-03 (transm,N1)
                         inj it  1 INJ   0.1454                    4  JU     4 S  =>  0.4928E-03 (L1)
                         net it  2 NET   0.2936E-05                       
                         inj it  2 INJ   0.7323E-04                          4 S  =>  0.2481E-06 (L1)
                                   NET   0.2947E-05         
                         inj it  3 INJ   0.3688E-07            
t =   19.9036 + 0.0200 : net it  0 NET   0.2947E-05                               =>  0.5395E-02 (transm,N1)
                         inj it  0 INJ    1.911                              4 S  =>  0.1990E-01 (PV1)
                         net it  1 NET   0.3171E-04                               =>  0.1031E-03 (transm,N1)
                         inj it  1 INJ   0.3713E-01                4  JU     4 S  =>  0.1269E-03 (L1)
                         net it  2 NET   0.1402E-05                       
                         inj it  2 INJ   0.5679E-05                          4 S  =>  0.1940E-07 (L1)
                                   NET   0.1403E-05         
                         inj it  3 INJ   0.8685E-09            
                             1 z changes applied  (   0 EXC    0 TOR    1 INJ    0 TWOP)
t =   19.9036 + 0.0200 : net it  0 NET   0.2947E-05                               =>  0.8399E-03 (transm,N1)
                         inj it  0 INJ    1.493                    2  JU     4 S  =>  0.4236E-01 (PV1)
                         net it  1 NET   0.3290E-04                               =>  0.2080E-04 (transm,N1)
                         inj it  1 INJ   0.5561E-02                4  JU     4 S  =>  0.7492E-04 (PV1)
                         net it  2 NET   0.5528E-06                       
                         inj it  2 INJ   0.1731E-06                          4 S  =>  0.5875E-09 (L1)
                                   NET   0.5527E-06         
                         inj it  3 INJ   0.5372E-11            
t =   19.9236 + 0.0200 : net it  0 NET   0.5527E-06                               =>  0.1725E-02 (transm,N1)
                         inj it  0 INJ    1.498                              4 S  =>  0.1997E-01 (PV1)
                         net it  1 NET   0.6424E-04                               =>  0.1585E-03 (transm,N1)
                         inj it  1 INJ   0.3137E-01                4  JU     4 S  =>  0.1532E-03 (PV1)
                         net it  2 NET   0.5459E-05                       
                         inj it  2 INJ   0.7170E-05                          4 S  =>  0.2428E-07 (L1)
                                   NET   0.5460E-05         
                         inj it  3 INJ   0.1639E-08            
t =   19.9436 + 0.0200 : net it  0 NET   0.5460E-05                               =>  0.1340E-02 (transm,N1)
                         inj it  0 INJ    1.499                              4 S  =>  0.1999E-01 (PV1)
                         net it  1 NET   0.5265E-04                               =>  0.1265E-03 (transm,N1)
                         inj it  1 INJ   0.2466E-01                4  JU     4 S  =>  0.1221E-03 (PV1)
                         net it  2 NET   0.4374E-05                       
                         inj it  2 INJ   0.4495E-05                          4 S  =>  0.1519E-07 (L1)
                                   NET   0.4374E-05         
                         inj it  3 INJ   0.8191E-09            
t =   19.9636 + 0.0200 : net it  0 NET   0.4374E-05                               =>  0.4499E-03 (transm,N1)
                         inj it  0 INJ    1.500                              4 S  =>  0.2000E-01 (PV1)
                         net it  1 NET   0.2081E-04                               =>  0.6194E-04 (transm,N1)
                         inj it  1 INJ   0.1233E-01                4  JU     4 S  =>  0.5952E-04 (PV1)
                         net it  2 NET   0.2193E-05                       
                         inj it  2 INJ   0.1094E-05                          4 S  =>  0.3695E-08 (L1)
                                   NET   0.2193E-05         
                         inj it  3 INJ   0.9715E-10            
t =   19.9836 + 0.0200 : net it  0 NET   0.2193E-05                               =>  0.4331E-03 (transm,N1)
                         inj it  0 INJ    1.500                              4 S  =>  0.2000E-01 (PV1)
                         net it  1 NET   0.2685E-05                               =>  0.1622E-04 (transm,N1)
                         inj it  1 INJ   0.3193E-02                2  JU     4 S  =>  0.2584E-04 (PV1)
                         net it  2 NET   0.6528E-06                       
                         inj it  2 INJ   0.6633E-06                          4 S  =>  0.7824E-07 (PV1)
                                   NET   0.6621E-06         
                         inj it  3 INJ   0.1377E-09            
t =   20.0036 + 0.0200 : net it  0 NET   0.6621E-06                               =>  0.5722E-03 (transm,N1)
                         inj it  0 INJ    1.500                              4 S  =>  0.2000E-01 (PV1)
                         net it  1 NET   0.1614E-04                               =>  0.2633E-04 (transm,N1)
                         inj it  1 INJ   0.3389E-02                4  JU     4 S  =>  0.8118E-04 (PV1)
                         net it  2 NET   0.9568E-06                       
                         inj it  2 INJ   0.8521E-07                          4 S  =>  0.2880E-09 (L1)
                                   NET   0.9567E-06         
                         inj it  3 INJ   0.3638E-11            
t =   20.0236 + 0.0200 : net it  0 NET   0.9567E-06                               =>  0.6866E-03 (transm,N1)
                         inj it  0 INJ    1.500                              4 S  =>  0.2000E-01 (PV1)
                         net it  1 NET   0.1990E-04                               =>  0.1680E-04 (transm,N1)
                         inj it  1 INJ   0.3706E-02                4  JU     4 S  =>  0.3465E-04 (PV1)
                         net it  2 NET   0.4558E-06                       
                         inj it  2 INJ   0.9272E-07                          4 S  =>  0.3137E-09 (L1)
                                   NET   0.4557E-06         
                         inj it  3 INJ   0.7276E-11            
t =   20.0436 + 0.0200 : net it  0 NET   0.4557E-06                               =>  0.7310E-03 (transm,N1)
                         inj it  0 INJ    1.500                              4 S  =>  0.2000E-01 (PV1)
                         net it  1 NET   0.2126E-04                               =>  0.1959E-04 (transm,N1)
                         inj it  1 INJ   0.4313E-02                4  JU     4 S  =>  0.3551E-04 (PV1)
                         net it  2 NET   0.5466E-06                       
                         inj it  2 INJ   0.1253E-06                          4 S  =>  0.4244E-09 (L1)
                                   NET   0.5465E-06         
                         inj it  3 INJ   0.3638E-11            
t =   20.0636 + 0.0200 : net it  0 NET   0.5465E-06                               =>  0.7350E-03 (transm,N1)
                         inj it  0 INJ    1.500                              4 S  =>  0.2000E-01 (PV1)
                         net it  1 NET   0.2117E-04                               =>  0.1973E-04 (transm,N1)
                         inj it  1 INJ   0.4344E-02                4  JU     4 S  =>  0.3582E-04 (PV1)
                         net it  2 NET   0.5488E-06                       
                         inj it  2 INJ   0.1271E-06                          4 S  =>  0.4309E-09 (L1)
                                   NET   0.5487E-06         
                         inj it  3 INJ   0.7276E-11            
t =   20.0836 + 0.0200 : net it  0 NET   0.5487E-06                               =>  0.7277E-03 (transm,N1)
                         inj it  0 INJ    1.500                              4 S  =>  0.2000E-01 (PV1)
                         net it  1 NET   0.2067E-04                               =>  0.1915E-04 (transm,N1)
                         inj it  1 INJ   0.4219E-02                4  JU     4 S  =>  0.3598E-04 (PV1)
                         net it  2 NET   0.5269E-06                       
                         inj it  2 INJ   0.1199E-06                          4 S  =>  0.4069E-09 (L1)
                                   NET   0.5269E-06         
                         inj it  3 INJ   0.3368E-11            
t =   20.1036 + 0.0200 : net it  0 NET   0.5269E-06                               =>  0.7197E-03 (transm,N1)
                         inj it  0 INJ    1.500                              4 S  =>  0.2000E-01 (PV1)
                         net it  1 NET   0.2013E-04                               =>  0.1852E-04 (transm,N1)
                         inj it  1 INJ   0.4085E-02                4  JU     4 S  =>  0.3614E-04 (PV1)
                         net it  2 NET   0.5035E-06                       
                         inj it  2 INJ   0.1123E-06                          4 S  =>  0.3817E-09 (L1)
                                   NET   0.5034E-06         
                         inj it  3 INJ   0.3638E-11            
t =   20.1236 + 0.0200 : net it  0 NET   0.5034E-06                               =>  0.7133E-03 (transm,N1)
                         inj it  0 INJ    1.500                              4 S  =>  0.2000E-01 (PV1)
                         net it  1 NET   0.1966E-04                               =>  0.1800E-04 (transm,N1)
                         inj it  1 INJ   0.3974E-02                4  JU     4 S  =>  0.3633E-04 (PV1)
                         net it  2 NET   0.4836E-06                       
                         inj it  2 INJ   0.1063E-06                          4 S  =>  0.3615E-09 (L1)
                                   NET   0.4836E-06         
                         inj it  3 INJ   0.3638E-11            
t =   20.1436 + 0.0200 : net it  0 NET   0.4836E-06                               =>  0.7087E-03 (transm,N1)
                         inj it  0 INJ    1.500                              4 S  =>  0.2000E-01 (PV1)
                         net it  1 NET   0.1924E-04                               =>  0.1757E-04 (transm,N1)
                         inj it  1 INJ   0.3883E-02                4  JU     4 S  =>  0.3655E-04 (PV1)
                         net it  2 NET   0.4670E-06                       
                         inj it  2 INJ   0.1015E-06                          4 S  =>  0.3456E-09 (L1)
                                   NET   0.4670E-06         
                         inj it  3 INJ   0.3638E-11            
t =   20.1636 + 0.0200 : net it  0 NET   0.4670E-06                               =>  0.7050E-03 (transm,N1)
                         inj it  0 INJ    1.500                              4 S  =>  0.2000E-01 (PV1)
                         net it  1 NET   0.1886E-04                               =>  0.1721E-04 (transm,N1)
                         inj it  1 INJ   0.3805E-02                4  JU     4 S  =>  0.3678E-04 (PV1)
                         net it  2 NET   0.4522E-06                       
                         inj it  2 INJ   0.9741E-07                          4 S  =>  0.3321E-09 (L1)
                                   NET   0.4521E-06         
                         inj it  3 INJ   0.3638E-11            
t =   20.1836 + 0.0200 : net it  0 NET   0.4521E-06                               =>  0.7019E-03 (transm,N1)
                         inj it  0 INJ    1.500                              4 S  =>  0.2000E-01 (PV1)
                         net it  1 NET   0.1849E-04                               =>  0.1686E-04 (transm,N1)
                         inj it  1 INJ   0.3733E-02                4  JU     4 S  =>  0.3703E-04 (PV1)
                         net it  2 NET   0.4381E-06                       
                         inj it  2 INJ   0.9370E-07                          4 S  =>  0.3198E-09 (L1)
                                   NET   0.4380E-06         
                         inj it  3 INJ   0.3638E-11            
t =   20.2036 + 0.0200 : net it  0 NET   0.4380E-06                               =>  0.6990E-03 (transm,N1)
                         inj it  0 INJ    1.500                              4 S  =>  0.2000E-01 (PV1)
                         net it  1 NET   0.1813E-04                               =>  0.1653E-04 (transm,N1)
                         inj it  1 INJ   0.3662E-02                4  JU     4 S  =>  0.3728E-04 (PV1)
                         net it  2 NET   0.4241E-06                       
                         inj it  2 INJ   0.9014E-07                          4 S  =>  0.3079E-09 (L1)
                                   NET   0.4241E-06         
                         inj it  3 INJ   0.3638E-11            
t =   20.2236 + 0.0200 : net it  0 NET   0.4241E-06                               =>  0.6962E-03 (transm,N1)
                         inj it  0 INJ    1.500                              4 S  =>  0.2000E-01 (PV1)
                         net it  1 NET   0.1777E-04                               =>  0.1619E-04 (transm,N1)
                         inj it  1 INJ   0.3591E-02                4  JU     4 S  =>  0.3753E-04 (PV1)
                         net it  2 NET   0.4101E-06                       
                         inj it  2 INJ   0.8664E-07                          4 S  =>  0.2963E-09 (L1)
                                   NET   0.4101E-06         
                         inj it  3 INJ   0.3638E-11            
t =   20.2436 + 0.0200 : net it  0 NET   0.4101E-06                               =>  0.6936E-03 (transm,N1)
                         inj it  0 INJ    1.500                              4 S  =>  0.2000E-01 (PV1)
                         net it  1 NET   0.1740E-04                               =>  0.1585E-04 (transm,N1)
                         inj it  1 INJ   0.3520E-02                4  JU     4 S  =>  0.3779E-04 (PV1)
                         net it  2 NET   0.3959E-06                       
                         inj it  2 INJ   0.8318E-07                          4 S  =>  0.2848E-09 (L1)
                                   NET   0.3959E-06         
                         inj it  3 INJ   0.7276E-11            
t =   20.2636 + 0.0200 : net it  0 NET   0.3959E-06                               =>  0.6910E-03 (transm,N1)
                         inj it  0 INJ    1.500                              4 S  =>  0.2000E-01 (PV1)
                         net it  1 NET   0.1704E-04                               =>  0.1551E-04 (transm,N1)
                         inj it  1 INJ   0.3447E-02                4  JU     4 S  =>  0.3804E-04 (PV1)
                         net it  2 NET   0.3816E-06                       
                         inj it  2 INJ   0.7976E-07                          4 S  =>  0.2733E-09 (L1)
                                   NET   0.3815E-06         
                         inj it  3 INJ   0.1805E-11            
t =   20.2836 + 0.0200 : net it  0 NET   0.3815E-06                               =>  0.6884E-03 (transm,N1)
                         inj it  0 INJ    1.500                              4 S  =>  0.2000E-01 (PV1)
                         net it  1 NET   0.1667E-04                               =>  0.1516E-04 (transm,N1)
                         inj it  1 INJ   0.3374E-02                4  JU     4 S  =>  0.3828E-04 (PV1)
                         net it  2 NET   0.3670E-06                       
                         inj it  2 INJ   0.7636E-07                          4 S  =>  0.2620E-09 (L1)
                                   NET   0.3670E-06         
                         inj it  3 INJ   0.1748E-11            
t =   20.3036 + 0.0200 : net it  0 NET   0.3670E-06                               =>  0.6860E-03 (transm,N1)
                         inj it  0 INJ    1.500                              4 S  =>  0.2000E-01 (PV1)
                         net it  1 NET   0.1630E-04                               =>  0.1481E-04 (transm,N1)
                         inj it  1 INJ   0.3300E-02                4  JU     4 S  =>  0.3853E-04 (PV1)
                         net it  2 NET   0.3523E-06                       
                         inj it  2 INJ   0.7300E-07                          4 S  =>  0.2507E-09 (L1)
                                   NET   0.3522E-06         
                         inj it  3 INJ   0.1606E-11            
t =   20.3236 + 0.0200 : net it  0 NET   0.3522E-06                               =>  0.6836E-03 (transm,N1)
                         inj it  0 INJ    1.500                              4 S  =>  0.2000E-01 (PV1)
                         net it  1 NET   0.1593E-04                               =>  0.1445E-04 (transm,N1)
                         inj it  1 INJ   0.3225E-02                4  JU     4 S  =>  0.3879E-04 (PV1)
                         net it  2 NET   0.3373E-06                       
                         inj it  2 INJ   0.6968E-07                          4 S  =>  0.2395E-09 (L1)
                                   NET   0.3373E-06         
                         inj it  3 INJ   0.1521E-11            
t =   20.3436 + 0.0200 : net it  0 NET   0.3373E-06                               =>  0.6812E-03 (transm,N1)
                         inj it  0 INJ    1.500                              4 S  =>  0.2000E-01 (PV1)
                         net it  1 NET   0.1556E-04                               =>  0.1409E-04 (transm,N1)
                         inj it  1 INJ   0.3150E-02                4  JU     4 S  =>  0.3904E-04 (PV1)
                         net it  2 NET   0.3222E-06                       
                         inj it  2 INJ   0.6639E-07                          4 S  =>  0.2285E-09 (L1)
                                   NET   0.3222E-06         
                         inj it  3 INJ   0.1393E-11            
t =   20.3636 + 0.0200 : net it  0 NET   0.3222E-06                               =>  0.6789E-03 (transm,N1)
                         inj it  0 INJ    1.500                              4 S  =>  0.2000E-01 (PV1)
                         net it  1 NET   0.1518E-04                               =>  0.1372E-04 (transm,N1)
                         inj it  1 INJ   0.3073E-02                4  JU     4 S  =>  0.3929E-04 (PV1)
                         net it  2 NET   0.3068E-06                       
                         inj it  2 INJ   0.6314E-07                          4 S  =>  0.2175E-09 (L1)
                                   NET   0.3068E-06         
                         inj it  3 INJ   0.3638E-11            
t =   20.3836 + 0.0200 : net it  0 NET   0.3068E-06                               =>  0.6767E-03 (transm,N1)
                         inj it  0 INJ    1.500                              4 S  =>  0.2000E-01 (PV1)
                         net it  1 NET   0.1480E-04                               =>  0.1335E-04 (transm,N1)
                         inj it  1 INJ   0.2996E-02                4  JU     4 S  =>  0.3955E-04 (PV1)
                         net it  2 NET   0.2913E-06                       
                         inj it  2 INJ   0.5993E-07                          4 S  =>  0.2067E-09 (L1)
                                   NET   0.2913E-06         
                         inj it  3 INJ   0.3638E-11            
t =   20.4036 + 0.0200 : net it  0 NET   0.2913E-06                               =>  0.6799E-03 (transm,N1)
                         inj it  0 INJ    1.500                              4 S  =>  0.2000E-01 (PV1)
                         net it  1 NET   0.1442E-04                               =>  0.1302E-04 (transm,N1)
                         inj it  1 INJ   0.2917E-02                4  JU     4 S  =>  0.3980E-04 (PV1)
                         net it  2 NET   0.2756E-06                       
                         inj it  2 INJ   0.5677E-07                          4 S  =>  0.1960E-09 (L1)
                                   NET   0.2756E-06         
                         inj it  3 INJ   0.3638E-11            
t =   20.4236 + 0.0200 : net it  0 NET   0.2756E-06                               =>  0.6926E-03 (transm,N1)
                         inj it  0 INJ    1.500                              4 S  =>  0.2000E-01 (PV1)
                         net it  1 NET   0.1404E-04                               =>  0.1303E-04 (transm,N1)
                         inj it  1 INJ   0.2838E-02                4  JU     4 S  =>  0.4007E-04 (PV1)
                         net it  2 NET   0.2597E-06                       
                         inj it  2 INJ   0.5365E-07                          3 S  =>  0.5127E-10 (PV1)
                                   NET   0.2597E-06         
                         inj it  3 INJ   0.5365E-07            
t =   20.4436 + 0.0200 : net it  0 NET   0.2597E-06                               =>  0.7053E-03 (transm,N1)
                         inj it  0 INJ    1.500                              4 S  =>  0.2000E-01 (PV1)
                         net it  1 NET   0.1366E-04                               =>  0.1304E-04 (transm,N1)
                         inj it  1 INJ   0.2757E-02                4  JU     4 S  =>  0.4033E-04 (PV1)
                         net it  2 NET   0.2436E-06                       
                         inj it  2 INJ   0.5058E-07                          3 S  =>  0.4963E-10 (PV1)
                                   NET   0.2436E-06         
                         inj it  3 INJ   0.5058E-07            
t =   20.4636 + 0.0200 : net it  0 NET   0.2436E-06                               =>  0.7181E-03 (transm,N1)
                         inj it  0 INJ    1.500                              4 S  =>  0.2000E-01 (PV1)
                         net it  1 NET   0.1327E-04                               =>  0.1306E-04 (transm,N1)
                         inj it  1 INJ   0.2676E-02                4  JU     4 S  =>  0.4060E-04 (PV1)
                         net it  2 NET   0.2273E-06                       
                         inj it  2 INJ   0.4757E-07                          3 S  =>  0.4798E-10 (PV1)
                                   NET   0.2273E-06         
                         inj it  3 INJ   0.4757E-07            
t =   20.4836 + 0.0200 : net it  0 NET   0.2273E-06                               =>  0.7309E-03 (transm,N1)
                         inj it  0 INJ    1.500                              4 S  =>  0.2000E-01 (PV1)
                         net it  1 NET   0.1288E-04                               =>  0.1308E-04 (transm,N1)
                         inj it  1 INJ   0.2594E-02                4  JU     4 S  =>  0.4088E-04 (PV1)
                         net it  2 NET   0.2108E-06                       
                         inj it  2 INJ   0.4461E-07                          3 S  =>  0.4631E-10 (PV1)
                                   NET   0.2108E-06         
                         inj it  3 INJ   0.4461E-07            
t =   20.5036 + 0.0200 : net it  0 NET   0.2108E-06                               =>  0.7438E-03 (transm,N1)
                         inj it  0 INJ    1.500                              4 S  =>  0.2000E-01 (PV1)
                         net it  1 NET   0.1249E-04                               =>  0.1311E-04 (transm,N1)
                         inj it  1 INJ   0.2510E-02                4  JU     4 S  =>  0.4116E-04 (PV1)
                         net it  2 NET   0.1942E-06                       
                         inj it  2 INJ   0.4171E-07                          2 S  =>  0.4461E-10 (PV1)
                                   NET   0.1942E-06         
                         inj it  3 INJ   0.4171E-07            
t =   20.5236 + 0.0200 : net it  0 NET   0.1942E-06                               =>  0.7568E-03 (transm,N1)
                         inj it  0 INJ    1.500                              4 S  =>  0.2000E-01 (PV1)
                         net it  1 NET   0.1209E-04                               =>  0.1314E-04 (transm,N1)
                         inj it  1 INJ   0.2426E-02                4  JU     4 S  =>  0.4144E-04 (PV1)
                         net it  2 NET   0.1774E-06                       
                         inj it  2 INJ   0.3887E-07                          2 S  =>  0.4289E-10 (PV1)
                                   NET   0.1774E-06         
                         inj it  3 INJ   0.3887E-07            
t =   20.5436 + 0.0200 : net it  0 NET   0.1774E-06                               =>  0.7698E-03 (transm,N1)
                         inj it  0 INJ    1.500                              4 S  =>  0.2000E-01 (PV1)
                         net it  1 NET   0.1169E-04                               =>  0.1318E-04 (transm,N1)
                         inj it  1 INJ   0.2341E-02                4  JU     4 S  =>  0.4173E-04 (PV1)
                         net it  2 NET   0.1604E-06                       
                         inj it  2 INJ   0.3610E-07                          2 S  =>  0.4115E-10 (PV1)
                                   NET   0.1604E-06         
                         inj it  3 INJ   0.3610E-07            
t =   20.5636 + 0.0200 : net it  0 NET   0.1604E-06                               =>  0.7828E-03 (transm,N1)
                         inj it  0 INJ    1.500                              4 S  =>  0.2000E-01 (PV1)
                         net it  1 NET   0.1129E-04                               =>  0.1323E-04 (transm,N1)
                         inj it  1 INJ   0.2254E-02                4  JU     4 S  =>  0.4203E-04 (PV1)
                         net it  2 NET   0.1433E-06                       
                         inj it  2 INJ   0.3341E-07                          2 S  =>  0.3939E-10 (PV1)
                                   NET   0.1433E-06         
                         inj it  3 INJ   0.3341E-07            
                             1 z changes applied  (   0 EXC    0 TOR    1 INJ    0 TWOP)
t =   20.5636 + 0.0200 : net it  0 NET   0.1604E-06                               =>  0.7275E-03 (transm,N1)
                         inj it  0 INJ    1.500                    2  JU     4 S  =>  0.2000E-01 (PV1)
                         net it  1 NET   0.1244E-04                               =>  0.1560E-04 (transm,N1)
                         inj it  1 INJ   0.2421E-02                4  JU     4 S  =>  0.4912E-04 (PV1)
                         net it  2 NET   0.1324E-06                       
                         inj it  2 INJ   0.3870E-07                          2 S  =>  0.3794E-10 (PV1)
                                   NET   0.1324E-06         
                         inj it  3 INJ   0.3870E-07            
t =   20.5836 + 0.0200 : net it  0 NET   0.1324E-06                               =>  0.7195E-03 (transm,N1)
                         inj it  0 INJ    1.500                              4 S  =>  0.2000E-01 (PV1)
                         net it  1 NET   0.1618E-04                               =>  0.1502E-04 (transm,N1)
                         inj it  1 INJ   0.3337E-02                4  JU     4 S  =>  0.4379E-04 (PV1)
                         net it  2 NET   0.3028E-06                       
                         inj it  2 INJ   0.7475E-07                          4 S  =>  0.2605E-09 (L1)
                                   NET   0.3028E-06         
                         inj it  3 INJ   0.3638E-11            
t =   20.6036 + 0.0200 : net it  0 NET   0.3028E-06                               =>  0.7549E-03 (transm,N1)
                         inj it  0 INJ    1.500                              4 S  =>  0.2000E-01 (PV1)
                         net it  1 NET   0.1908E-04                               =>  0.1846E-04 (transm,N1)
                         inj it  1 INJ   0.4041E-02                4  JU     4 S  =>  0.4010E-04 (PV1)
                         net it  2 NET   0.4307E-06                       
                         inj it  2 INJ   0.1104E-06                          4 S  =>  0.3851E-09 (L1)
                                   NET   0.4307E-06         
                         inj it  3 INJ   0.2984E-11            
t =   20.6236 + 0.0200 : net it  0 NET   0.4307E-06                               =>  0.7742E-03 (transm,N1)
                         inj it  0 INJ    1.500                              4 S  =>  0.2000E-01 (PV1)
                         net it  1 NET   0.2063E-04                               =>  0.2027E-04 (transm,N1)
                         inj it  1 INJ   0.4415E-02                3  JU     4 S  =>  0.3846E-04 (PV1)
                         net it  2 NET   0.4955E-06                       
                         inj it  2 INJ   0.1321E-06                          4 S  =>  0.4613E-09 (L1)
                                   NET   0.4955E-06         
                         inj it  3 INJ   0.3951E-11            
t =   20.6436 + 0.0200 : net it  0 NET   0.4955E-06                               =>  0.7823E-03 (transm,N1)
                         inj it  0 INJ    1.500                              4 S  =>  0.2000E-01 (PV1)
                         net it  1 NET   0.2125E-04                               =>  0.2097E-04 (transm,N1)
                         inj it  1 INJ   0.4560E-02                3  JU     4 S  =>  0.3806E-04 (PV1)
                         net it  2 NET   0.5176E-06                       
                         inj it  2 INJ   0.1410E-06                          4 S  =>  0.4931E-09 (L1)
                                   NET   0.5176E-06         
                         inj it  3 INJ   0.4334E-11            
t =   20.6636 + 0.0200 : net it  0 NET   0.5176E-06                               =>  0.7848E-03 (transm,N1)
                         inj it  0 INJ    1.500                              4 S  =>  0.2000E-01 (PV1)
                         net it  1 NET   0.2139E-04                               =>  0.2109E-04 (transm,N1)
                         inj it  1 INJ   0.4588E-02                3  JU     4 S  =>  0.3824E-04 (PV1)
                         net it  2 NET   0.5180E-06                       
                         inj it  2 INJ   0.1428E-06                          4 S  =>  0.4998E-09 (L1)
                                   NET   0.5180E-06         
                         inj it  3 INJ   0.4434E-11            
t =   20.6836 + 0.0200 : net it  0 NET   0.5180E-06                               =>  0.7849E-03 (transm,N1)
                         inj it  0 INJ    1.500                              4 S  =>  0.2000E-01 (PV1)
                         net it  1 NET   0.2133E-04                               =>  0.2099E-04 (transm,N1)
                         inj it  1 INJ   0.4568E-02                3  JU     4 S  =>  0.3863E-04 (PV1)
                         net it  2 NET   0.5096E-06                       
                         inj it  2 INJ   0.1415E-06                          4 S  =>  0.4960E-09 (L1)
                                   NET   0.5096E-06         
                         inj it  3 INJ   0.4420E-11            
t =   20.7036 + 0.0200 : net it  0 NET   0.5096E-06                               =>  0.7844E-03 (transm,N1)
                         inj it  0 INJ    1.500                              4 S  =>  0.2000E-01 (PV1)
                         net it  1 NET   0.2122E-04                               =>  0.2082E-04 (transm,N1)
                         inj it  1 INJ   0.4533E-02                3  JU     4 S  =>  0.3909E-04 (PV1)
                         net it  2 NET   0.4987E-06                       
                         inj it  2 INJ   0.1394E-06                          4 S  =>  0.4891E-09 (L1)
                                   NET   0.4986E-06         
                         inj it  3 INJ   0.4306E-11            
t =   20.7236 + 0.0200 : net it  0 NET   0.4986E-06                               =>  0.7839E-03 (transm,N1)
                         inj it  0 INJ    1.500                              4 S  =>  0.2000E-01 (PV1)
                         net it  1 NET   0.2110E-04                               =>  0.2063E-04 (transm,N1)
                         inj it  1 INJ   0.4496E-02                3  JU     4 S  =>  0.3954E-04 (PV1)
                         net it  2 NET   0.4873E-06                       
                         inj it  2 INJ   0.1371E-06                          4 S  =>  0.4818E-09 (L1)
                                   NET   0.4873E-06         
                         inj it  3 INJ   0.4178E-11            
t =   20.7436 + 0.0200 : net it  0 NET   0.4873E-06                               =>  0.7833E-03 (transm,N1)
                         inj it  0 INJ    1.500                              4 S  =>  0.2000E-01 (PV1)
                         net it  1 NET   0.2098E-04                               =>  0.2046E-04 (transm,N1)
                         inj it  1 INJ   0.4461E-02                3  JU     4 S  =>  0.3999E-04 (PV1)
                         net it  2 NET   0.4763E-06                       
                         inj it  2 INJ   0.1350E-06                          4 S  =>  0.4748E-09 (L1)
                                   NET   0.4762E-06         
                         inj it  3 INJ   0.4036E-11            
t =   20.7636 + 0.0200 : net it  0 NET   0.4762E-06                               =>  0.7829E-03 (transm,N1)
                         inj it  0 INJ    1.500                              4 S  =>  0.1987E-01 (PV1)
                         net it  1 NET   0.2087E-04                               =>  0.2029E-04 (transm,N1)
                         inj it  1 INJ   0.4428E-02                3  JU     4 S  =>  0.4043E-04 (PV1)
                         net it  2 NET   0.4654E-06                       
                         inj it  2 INJ   0.1330E-06                          4 S  =>  0.4682E-09 (L1)
                                   NET   0.4654E-06         
                         inj it  3 INJ   0.3993E-11            
t =   20.7836 + 0.0200 : net it  0 NET   0.4654E-06                               =>  0.7825E-03 (transm,N1)
                         inj it  0 INJ    1.500                              4 S  =>  0.1948E-01 (PV1)
                         net it  1 NET   0.2076E-04                               =>  0.2013E-04 (transm,N1)
                         inj it  1 INJ   0.4395E-02                3  JU     4 S  =>  0.4087E-04 (PV1)
                         net it  2 NET   0.4548E-06                       
                         inj it  2 INJ   0.1310E-06                          4 S  =>  0.4619E-09 (L1)
                                   NET   0.4547E-06         
                         inj it  3 INJ   0.3951E-11            
t =   20.8036 + 0.0200 : net it  0 NET   0.4547E-06                               =>  0.7822E-03 (transm,N1)
                         inj it  0 INJ    1.500                              4 S  =>  0.1911E-01 (PV1)
                         net it  1 NET   0.2066E-04                               =>  0.1997E-04 (transm,N1)
                         inj it  1 INJ   0.4363E-02                3  JU     4 S  =>  0.4131E-04 (PV1)
                         net it  2 NET   0.4442E-06                       
                         inj it  2 INJ   0.1291E-06                          4 S  =>  0.4557E-09 (L1)
                                   NET   0.4441E-06         
                         inj it  3 INJ   0.3809E-11            
t =   20.8236 + 0.0200 : net it  0 NET   0.4441E-06                               =>  0.7818E-03 (transm,N1)
                         inj it  0 INJ    1.500                              4 S  =>  0.1875E-01 (PV1)
                         net it  1 NET   0.2055E-04                               =>  0.1981E-04 (transm,N1)
                         inj it  1 INJ   0.4331E-02                3  JU     4 S  =>  0.4174E-04 (PV1)
                         net it  2 NET   0.4336E-06                       
                         inj it  2 INJ   0.1272E-06                          4 S  =>  0.4496E-09 (L1)
                                   NET   0.4335E-06         
                         inj it  3 INJ   0.3723E-11            
t =   20.8436 + 0.0200 : net it  0 NET   0.4335E-06                               =>  0.7815E-03 (transm,N1)
                         inj it  0 INJ    1.500                              4 S  =>  0.1841E-01 (PV1)
                         net it  1 NET   0.2045E-04                               =>  0.1965E-04 (transm,N1)
                         inj it  1 INJ   0.4300E-02                3  JU     4 S  =>  0.4218E-04 (PV1)
                         net it  2 NET   0.4229E-06                       
                         inj it  2 INJ   0.1254E-06                          4 S  =>  0.4435E-09 (L1)
                                   NET   0.4229E-06         
                         inj it  3 INJ   0.3638E-11            
t =   20.8636 + 0.0200 : net it  0 NET   0.4229E-06                               =>  0.7811E-03 (transm,N1)
                         inj it  0 INJ    1.500                              4 S  =>  0.1807E-01 (PV1)
                         net it  1 NET   0.2034E-04                               =>  0.1950E-04 (transm,N1)
                         inj it  1 INJ   0.4268E-02                3  JU     4 S  =>  0.4263E-04 (PV1)
                         net it  2 NET   0.4123E-06                       
                         inj it  2 INJ   0.1235E-06                          4 S  =>  0.4375E-09 (L1)
                                   NET   0.4123E-06         
                         inj it  3 INJ   0.3638E-11            
t =   20.8836 + 0.0200 : net it  0 NET   0.4123E-06                               =>  0.7808E-03 (transm,N1)
                         inj it  0 INJ    1.500                              4 S  =>  0.1775E-01 (PV1)
                         net it  1 NET   0.2024E-04                               =>  0.1934E-04 (transm,N1)
                         inj it  1 INJ   0.4237E-02                3  JU     4 S  =>  0.4307E-04 (PV1)
                         net it  2 NET   0.4017E-06                       
                         inj it  2 INJ   0.1217E-06                          4 S  =>  0.4316E-09 (L1)
                                   NET   0.4016E-06         
                         inj it  3 INJ   0.3638E-11            
t =   20.9036 + 0.0200 : net it  0 NET   0.4016E-06                               =>  0.7805E-03 (transm,N1)
                         inj it  0 INJ    1.500                              4 S  =>  0.1744E-01 (PV1)
                         net it  1 NET   0.2013E-04                               =>  0.1919E-04 (transm,N1)
                         inj it  1 INJ   0.4205E-02                3  JU     4 S  =>  0.4352E-04 (PV1)
                         net it  2 NET   0.3910E-06                       
                         inj it  2 INJ   0.1199E-06                          4 S  =>  0.4257E-09 (L1)
                                   NET   0.3910E-06         
                         inj it  3 INJ   0.3638E-11            
t =   20.9236 + 0.0200 : net it  0 NET   0.3910E-06                               =>  0.7802E-03 (transm,N1)
                         inj it  0 INJ    1.500                              4 S  =>  0.1714E-01 (PV1)
                         net it  1 NET   0.2003E-04                               =>  0.1903E-04 (transm,N1)
                         inj it  1 INJ   0.4174E-02                3  JU     4 S  =>  0.4397E-04 (PV1)
                         net it  2 NET   0.3804E-06                       
                         inj it  2 INJ   0.1181E-06                          4 S  =>  0.4199E-09 (L1)
                                   NET   0.3803E-06         
                         inj it  3 INJ   0.3354E-11            
t =   20.9436 + 0.0200 : net it  0 NET   0.3803E-06                               =>  0.7800E-03 (transm,N1)
                         inj it  0 INJ    1.500                              4 S  =>  0.1686E-01 (PV1)
                         net it  1 NET   0.1993E-04                               =>  0.1888E-04 (transm,N1)
                         inj it  1 INJ   0.4143E-02                3  JU     4 S  =>  0.4442E-04 (PV1)
                         net it  2 NET   0.3697E-06                       
                         inj it  2 INJ   0.1164E-06                          4 S  =>  0.4141E-09 (L1)
                                   NET   0.3697E-06         
                         inj it  3 INJ   0.3638E-11            
t =   20.9636 + 0.0200 : net it  0 NET   0.3697E-06                               =>  0.7797E-03 (transm,N1)
                         inj it  0 INJ    1.500                              4 S  =>  0.1658E-01 (PV1)
                         net it  1 NET   0.1983E-04                               =>  0.1872E-04 (transm,N1)
                         inj it  1 INJ   0.4112E-02                3  JU     4 S  =>  0.4487E-04 (PV1)
                         net it  2 NET   0.3590E-06                       
                         inj it  2 INJ   0.1146E-06                          4 S  =>  0.4084E-09 (L1)
                                   NET   0.3590E-06         
                         inj it  3 INJ   0.3638E-11            
t =   20.9836 + 0.0200 : net it  0 NET   0.3590E-06                               =>  0.7795E-03 (transm,N1)
                         inj it  0 INJ    1.500                              4 S  =>  0.1631E-01 (PV1)
                         net it  1 NET   0.1972E-04                               =>  0.1857E-04 (transm,N1)
                         inj it  1 INJ   0.4082E-02                3  JU     4 S  =>  0.4533E-04 (PV1)
                         net it  2 NET   0.3483E-06                       
                         inj it  2 INJ   0.1129E-06                          4 S  =>  0.4028E-09 (L1)
                                   NET   0.3483E-06         
                         inj it  3 INJ   0.3638E-11            
t =   21.0036 + 0.0200 : net it  0 NET   0.3483E-06                               =>  0.7793E-03 (transm,N1)
                         inj it  0 INJ    1.500                              4 S  =>  0.1604E-01 (PV1)
                         net it  1 NET   0.1962E-04                               =>  0.1842E-04 (transm,N1)
                         inj it  1 INJ   0.4051E-02                3  JU     4 S  =>  0.4579E-04 (PV1)
                         net it  2 NET   0.3376E-06                       
                         inj it  2 INJ   0.1112E-06                          4 S  =>  0.3972E-09 (L1)
                                   NET   0.3376E-06         
                         inj it  3 INJ   0.3638E-11            
t =   21.0236 + 0.0200 : net it  0 NET   0.3376E-06                               =>  0.7791E-03 (transm,N1)
                         inj it  0 INJ    1.500                              4 S  =>  0.1579E-01 (PV1)
                         net it  1 NET   0.1952E-04                               =>  0.1827E-04 (transm,N1)
                         inj it  1 INJ   0.4021E-02                3  JU     4 S  =>  0.4625E-04 (PV1)
                         net it  2 NET   0.3269E-06                       
                         inj it  2 INJ   0.1095E-06                          4 S  =>  0.3917E-09 (L1)
                                   NET   0.3269E-06         
                         inj it  3 INJ   0.3013E-11            
t =   21.0436 + 0.0200 : net it  0 NET   0.3269E-06                               =>  0.7789E-03 (transm,N1)
                         inj it  0 INJ    1.500                              4 S  =>  0.1555E-01 (PV1)
                         net it  1 NET   0.1942E-04                               =>  0.1812E-04 (transm,N1)
                         inj it  1 INJ   0.3991E-02                3  JU     4 S  =>  0.4671E-04 (PV1)
                         net it  2 NET   0.3162E-06                       
                         inj it  2 INJ   0.1079E-06                          4 S  =>  0.3863E-09 (L1)
                                   NET   0.3162E-06         
                         inj it  3 INJ   0.3638E-11            
t =   21.0636 + 0.0200 : net it  0 NET   0.3162E-06                               =>  0.7787E-03 (transm,N1)
                         inj it  0 INJ    1.500                              4 S  =>  0.1531E-01 (PV1)
                         net it  1 NET   0.1932E-04                               =>  0.1798E-04 (transm,N1)
                         inj it  1 INJ   0.3961E-02                3  JU     4 S  =>  0.4718E-04 (PV1)
                         net it  2 NET   0.3055E-06                       
                         inj it  2 INJ   0.1063E-06                          4 S  =>  0.3809E-09 (L1)
                                   NET   0.3055E-06         
                         inj it  3 INJ   0.3638E-11            
t =   21.0836 + 0.0200 : net it  0 NET   0.3055E-06                               =>  0.7786E-03 (transm,N1)
                         inj it  0 INJ    1.500                              4 S  =>  0.1508E-01 (PV1)
                         net it  1 NET   0.1923E-04                               =>  0.1783E-04 (transm,N1)
                         inj it  1 INJ   0.3931E-02                3  JU     4 S  =>  0.4765E-04 (PV1)
                         net it  2 NET   0.2948E-06                       
                         inj it  2 INJ   0.1047E-06                          4 S  =>  0.3756E-09 (L1)
                                   NET   0.2948E-06         
                         inj it  3 INJ   0.2771E-11            
t =   21.1036 + 0.0200 : net it  0 NET   0.2948E-06                               =>  0.7784E-03 (transm,N1)
                         inj it  0 INJ    1.500                              4 S  =>  0.1485E-01 (PV1)
                         net it  1 NET   0.1913E-04                               =>  0.1768E-04 (transm,N1)
                         inj it  1 INJ   0.3902E-02                3  JU     4 S  =>  0.4813E-04 (PV1)
                         net it  2 NET   0.2930E-06                       
                         inj it  2 INJ   0.1031E-06                          4 S  =>  0.3704E-09 (L1)
                                   NET   0.2930E-06         
                         inj it  3 INJ   0.2686E-11            
t =   21.1236 + 0.0200 : net it  0 NET   0.2930E-06                               =>  0.7783E-03 (transm,N1)
                         inj it  0 INJ    1.500                              4 S  =>  0.1464E-01 (PV1)
                         net it  1 NET   0.1903E-04                               =>  0.1754E-04 (transm,N1)
                         inj it  1 INJ   0.3873E-02                3  JU     4 S  =>  0.4861E-04 (PV1)
                         net it  2 NET   0.2939E-06                       
                         inj it  2 INJ   0.1015E-06                          4 S  =>  0.3652E-09 (L1)
                                   NET   0.2939E-06         
                         inj it  3 INJ   0.2672E-11            
t =   21.1436 + 0.0200 : net it  0 NET   0.2939E-06                               =>  0.7783E-03 (transm,N1)
                         inj it  0 INJ    1.500                              4 S  =>  0.1442E-01 (PV1)
                         net it  1 NET   0.1894E-04                               =>  0.1740E-04 (transm,N1)
                         inj it  1 INJ   0.3844E-02                3  JU     4 S  =>  0.4909E-04 (PV1)
                         net it  2 NET   0.2947E-06                       
                         inj it  2 INJ   0.1000E-06                          4 S  =>  0.3601E-09 (L1)
                                   NET   0.2947E-06         
                         inj it  3 INJ   0.3638E-11            
t =   21.1636 + 0.0200 : net it  0 NET   0.2947E-06                               =>  0.7782E-03 (transm,N1)
                         inj it  0 INJ    1.500                              4 S  =>  0.1422E-01 (PV1)
                         net it  1 NET   0.1884E-04                               =>  0.1725E-04 (transm,N1)
                         inj it  1 INJ   0.3815E-02                3  JU     4 S  =>  0.4957E-04 (PV1)
                         net it  2 NET   0.2956E-06                       
                         inj it  2 INJ   0.9849E-07                          4 S  =>  0.3551E-09 (L1)
                                   NET   0.2955E-06         
                         inj it  3 INJ   0.2544E-11            
t =   21.1836 + 0.0200 : net it  0 NET   0.2955E-06                               =>  0.7781E-03 (transm,N1)
                         inj it  0 INJ    1.500                              4 S  =>  0.1402E-01 (PV1)
                         net it  1 NET   0.1875E-04                               =>  0.1711E-04 (transm,N1)
                         inj it  1 INJ   0.3786E-02                3  JU     4 S  =>  0.5006E-04 (PV1)
                         net it  2 NET   0.2964E-06                       
                         inj it  2 INJ   0.9700E-07                          4 S  =>  0.3501E-09 (L1)
                                   NET   0.2964E-06         
                         inj it  3 INJ   0.3638E-11            
t =   21.2036 + 0.0200 : net it  0 NET   0.2964E-06                               =>  0.7781E-03 (transm,N1)
                         inj it  0 INJ    1.500                              4 S  =>  0.1383E-01 (PV1)
                         net it  1 NET   0.1865E-04                               =>  0.1697E-04 (transm,N1)
                         inj it  1 INJ   0.3758E-02                3  JU     4 S  =>  0.5054E-04 (PV1)
                         net it  2 NET   0.2972E-06                       
                         inj it  2 INJ   0.9553E-07                          4 S  =>  0.3452E-09 (L1)
                                   NET   0.2971E-06         
                         inj it  3 INJ   0.3638E-11            
t =   21.2236 + 0.0200 : net it  0 NET   0.2971E-06                               =>  0.7781E-03 (transm,N1)
                         inj it  0 INJ    1.500                              4 S  =>  0.1364E-01 (PV1)
                         net it  1 NET   0.1856E-04                               =>  0.1683E-04 (transm,N1)
                         inj it  1 INJ   0.3729E-02                3  JU     4 S  =>  0.5104E-04 (PV1)
                         net it  2 NET   0.2979E-06                       
                         inj it  2 INJ   0.9408E-07                          4 S  =>  0.3404E-09 (L1)
                                   NET   0.2979E-06         
                         inj it  3 INJ   0.2359E-11            
t =   21.2436 + 0.0200 : net it  0 NET   0.2979E-06                               =>  0.7781E-03 (transm,N1)
                         inj it  0 INJ    1.500                              4 S  =>  0.1345E-01 (PV1)
                         net it  1 NET   0.1847E-04                               =>  0.1689E-04 (transm,N1)
                         inj it  1 INJ   0.3701E-02                3  JU     4 S  =>  0.5153E-04 (PV1)
                         net it  2 NET   0.2987E-06                       
                         inj it  2 INJ   0.9265E-07                          4 S  =>  0.3356E-09 (L1)
                                   NET   0.2987E-06         
                         inj it  3 INJ   0.7276E-11            
t =   21.2636 + 0.0200 : net it  0 NET   0.2987E-06                               =>  0.7781E-03 (transm,N1)
                         inj it  0 INJ    1.500                              4 S  =>  0.1328E-01 (PV1)
                         net it  1 NET   0.1838E-04                               =>  0.1705E-04 (transm,N1)
                         inj it  1 INJ   0.3673E-02                3  JU     4 S  =>  0.5203E-04 (PV1)
                         net it  2 NET   0.2994E-06                       
                         inj it  2 INJ   0.9124E-07                          4 S  =>  0.3309E-09 (L1)
                                   NET   0.2994E-06         
                         inj it  3 INJ   0.3638E-11            
t =   21.2836 + 0.0200 : net it  0 NET   0.2994E-06                               =>  0.7781E-03 (transm,N1)
                         inj it  0 INJ    1.500                              4 S  =>  0.1310E-01 (PV1)
                         net it  1 NET   0.1829E-04                               =>  0.1721E-04 (transm,N1)
                         inj it  1 INJ   0.3646E-02                3  JU     4 S  =>  0.5253E-04 (PV1)
                         net it  2 NET   0.3001E-06                       
                         inj it  2 INJ   0.8985E-07                          4 S  =>  0.3262E-09 (L1)
                                   NET   0.3001E-06         
                         inj it  3 INJ   0.2217E-11            
t =   21.3036 + 0.0200 : net it  0 NET   0.3001E-06                               =>  0.7782E-03 (transm,N1)
                         inj it  0 INJ    1.500                              4 S  =>  0.1293E-01 (PV1)
                         net it  1 NET   0.1820E-04                               =>  0.1738E-04 (transm,N1)
                         inj it  1 INJ   0.3618E-02                3  JU     4 S  =>  0.5304E-04 (PV1)
                         net it  2 NET   0.3008E-06                       
                         inj it  2 INJ   0.8847E-07                          4 S  =>  0.3216E-09 (L1)
                                   NET   0.3008E-06         
                         inj it  3 INJ   0.7276E-11            
                             1 z changes applied  (   0 EXC    0 TOR    1 INJ    0 TWOP)
t =   21.3036 + 0.0200 : net it  0 NET   0.3001E-06                               =>  0.6816E-03 (transm,N1)
                         inj it  0 INJ    1.500                    2  JU     4 S  =>  0.1293E-01 (PV1)
                         net it  1 NET   0.1611E-04                               =>  0.1522E-04 (transm,N1)
                         inj it  1 INJ   0.3183E-02                3  JU     4 S  =>  0.4650E-04 (PV1)
                         net it  2 NET   0.2667E-06                       
                         inj it  2 INJ   0.6907E-07                          4 S  =>  0.2510E-09 (L1)
                                   NET   0.2667E-06         
                         inj it  3 INJ   0.7276E-11            
t =   21.3236 + 0.0200 : net it  0 NET   0.2667E-06                               =>  0.2909E-03 (transm,N1)
                         inj it  0 INJ    1.500                              4 S  =>  0.1277E-01 (PV1)
                         net it  1 NET   0.7516E-05                       
                         inj it  1 INJ   0.5062E-04                1  JU     4 S  =>  0.8686E-06 (PV1)
                                   NET   0.7545E-05         
                         inj it  2 INJ   0.2282E-07            
t =   21.3436 + 0.0200 : net it  0 NET   0.7545E-05                               =>  0.8297E-04 (transm,N1)
                         inj it  0 INJ    1.500                              4 S  =>  0.1261E-01 (PV1)
                         net it  1 NET   0.2488E-05                       
                         inj it  1 INJ   0.2246E-04                1  JU     4 S  =>  0.1536E-05 (PV1)
                                   NET   0.2535E-05         
                         inj it  2 INJ   0.1286E-07            
t =   21.3636 + 0.0200 : net it  0 NET   0.2535E-05                               =>  0.1864E-04 (transm,N1)
                         inj it  0 INJ    1.500                              4 S  =>  0.1245E-01 (PV1)
                         net it  1 NET   0.7168E-06                       
                         inj it  1 INJ   0.3642E-05                1  JU     3 S  =>  0.1329E-05 (PV1)
                                   NET   0.7498E-06         
                         inj it  2 INJ   0.2142E-08            
t =   21.3836 + 0.0200 : net it  0 NET   0.7498E-06                               =>  0.2087E-04 (transm,N1)
                         inj it  0 INJ    1.500                              4 S  =>  0.1230E-01 (PV1)
                         net it  1 NET   0.4468E-06                       
                         inj it  1 INJ   0.6969E-06                1  JU     2 S  =>  0.1011E-05 (PV1)
                                   NET   0.4673E-06         
                         inj it  2 INJ   0.6969E-06            
t =   21.4036 + 0.0200 : net it  0 NET   0.4673E-06                               =>  0.1826E-04 (transm,N1)
                         inj it  0 INJ    1.500                              4 S  =>  0.1215E-01 (PV1)
                         net it  1 NET   0.5235E-06                       
                         inj it  1 INJ   0.2498E-06                1  JU     2 S  =>  0.8300E-06 (PV1)
                                   NET   0.5370E-06         
                         inj it  2 INJ   0.2213E-07            
t =   21.4236 + 0.0200 : net it  0 NET   0.5370E-06                               =>  0.1540E-04 (transm,N1)
                         inj it  0 INJ    1.500                              4 S  =>  0.1200E-01 (PV1)
                         net it  1 NET   0.5596E-06                       
                         inj it  1 INJ   0.1002E-05                          2 S  =>  0.7414E-06 (PV1)
                                   NET   0.5690E-06         
                         inj it  2 INJ   0.1002E-05            
t =   21.4436 + 0.0200 : net it  0 NET   0.5690E-06                               =>  0.1285E-04 (transm,N1)
                         inj it  0 INJ    1.500                              4 S  =>  0.1186E-01 (PV1)
                         net it  1 NET   0.5167E-06                       
                         inj it  1 INJ   0.1374E-05                          2 S  =>  0.6681E-06 (PV1)
                                   NET   0.5231E-06         
                         inj it  2 INJ   0.1374E-05            
t =   21.4636 + 0.0200 : net it  0 NET   0.5231E-06                       
                         inj it  0 INJ    1.500                              4 S  =>  0.1172E-01 (PV1)
                                   NET   0.9780E-05                       
                         inj it  1 INJ   0.4074E-06                          1 S  =>  0.5443E-06 (PV1)
                                   NET   0.9825E-05         
                         inj it  2 INJ   0.4074E-06            
t =   21.4836 + 0.0200 : net it  0 NET   0.9825E-05                               =>  0.1896E-04 (transm,N1)
                         inj it  0 INJ    1.500                              4 S  =>  0.1158E-01 (PV1)
                         net it  1 NET   0.7723E-06                       
                         inj it  1 INJ   0.1582E-05                1  JU     3 S  =>  0.4986E-06 (PV1)
                                   NET   0.7750E-06         
                         inj it  2 INJ   0.1582E-05            
t =   21.5036 + 0.0200 : net it  0 NET   0.7750E-06                       
                         inj it  0 INJ    1.500                              4 S  =>  0.1145E-01 (PV1)
                                   NET   0.6341E-05                       
                         inj it  1 INJ   0.5379E-06                          1 S  =>  0.3758E-06 (PV1)
                                   NET   0.6370E-05         
                         inj it  2 INJ   0.5379E-06            
t =   21.5236 + 0.0200 : net it  0 NET   0.6370E-05                               =>  0.1181E-04 (transm,N1)
                         inj it  0 INJ    1.500                              4 S  =>  0.1132E-01 (PV1)
                         net it  1 NET   0.4917E-06                       
                         inj it  1 INJ   0.1085E-05                          2 S  =>  0.3147E-06 (PV1)
                                   NET   0.4927E-06         
                         inj it  2 INJ   0.1085E-05            
t =   21.5436 + 0.0200 : net it  0 NET   0.4927E-06                       
                         inj it  0 INJ    1.500                              4 S  =>  0.1119E-01 (PV1)
                                   NET   0.3368E-05                       
                         inj it  1 INJ   0.3452E-06                          1 S  =>  0.2095E-06 (PV1)
                                   NET   0.3383E-05         
                         inj it  2 INJ   0.3452E-06            
t =   21.5636 + 0.0200 : net it  0 NET   0.3383E-05                       
                         inj it  0 INJ    1.500                              4 S  =>  0.1107E-01 (PV1)
                                   NET   0.5378E-05                       
                         inj it  1 INJ   0.5566E-07                          1 S  =>  0.1217E-06 (PV1)
                                   NET   0.5388E-05         
                         inj it  2 INJ   0.2713E-07            
t =   21.5836 + 0.0200 : net it  0 NET   0.5388E-05                       
                         inj it  0 INJ    1.500                              4 S  =>  0.1095E-01 (PV1)
                                   NET   0.6301E-05                       
                         inj it  1 INJ   0.2582E-07                          1 S  =>  0.5460E-07 (PV1)
                                   NET   0.6306E-05         
                         inj it  2 INJ   0.2149E-07            
t =   21.6036 + 0.0200 : net it  0 NET   0.6306E-05                       
                         inj it  0 INJ    1.500                              4 S  =>  0.1083E-01 (PV1)
                                   NET   0.6301E-05                       
                         inj it  1 INJ   0.1029E-07                          1 S  =>  0.2432E-09 (PV1)
                                   NET   0.6301E-05         
                         inj it  2 INJ   0.1029E-07            
t =   21.6236 + 0.0200 : net it  0 NET   0.6301E-05                       
                         inj it  0 INJ    1.500                              4 S  =>  0.1071E-01 (PV1)
                                   NET   0.5463E-05                       
                         inj it  1 INJ   0.2221E-07                          1 S  =>  0.4707E-07 (PV1)
                                   NET   0.5459E-05         
                         inj it  2 INJ   0.1794E-08            
t =   21.6436 + 0.0200 : net it  0 NET   0.5459E-05                       
                         inj it  0 INJ    1.500                              4 S  =>  0.1060E-01 (PV1)
                                   NET   0.3866E-05                       
                         inj it  1 INJ   0.4187E-07                          1 S  =>  0.8905E-07 (PV1)
                                   NET   0.3858E-05         
                         inj it  2 INJ   0.2819E-09            
t =   21.6636 + 0.0200 : net it  0 NET   0.3858E-05                       
                         inj it  0 INJ    1.500                              4 S  =>  0.1049E-01 (PV1)
                                   NET   0.1592E-05                       
                         inj it  1 INJ   0.5874E-07                          1 S  =>  0.1264E-06 (PV1)
                                   NET   0.1581E-05         
                         inj it  2 INJ   0.2656E-09            
t =   21.6836 + 0.0200 : net it  0 NET   0.1581E-05                       
                         inj it  0 INJ    1.500                              4 S  =>  0.1038E-01 (PV1)
                                   NET   0.1279E-05                       
                         inj it  1 INJ   0.7283E-07                          1 S  =>  0.1594E-06 (PV1)
                                   NET   0.1293E-05         
                         inj it  2 INJ   0.7108E-10            
t =   21.7036 + 0.0200 : net it  0 NET   0.1293E-05                       
                         inj it  0 INJ    1.500                              4 S  =>  0.1027E-01 (PV1)
                                   NET   0.4672E-05                       
                         inj it  1 INJ   0.8422E-07                          1 S  =>  0.1883E-06 (PV1)
                                   NET   0.4689E-05         
                         inj it  2 INJ   0.2614E-10            
t =   21.7236 + 0.0200 : net it  0 NET   0.4689E-05                       
                         inj it  0 INJ    1.500                              4 S  =>  0.1017E-01 (PV1)
                                   NET   0.8517E-05                       
                         inj it  1 INJ   0.9303E-07                          1 S  =>  0.2133E-06 (PV1)
                                   NET   0.8535E-05         
                         inj it  2 INJ   0.2888E-10            
t =   21.7436 + 0.0200 : net it  0 NET   0.8535E-05                               =>  0.1385E-04 (transm,N1)
                         inj it  0 INJ    1.500                              4 S  =>  0.1007E-01 (PV1)
                         net it  1 NET   0.5281E-06                       
                         inj it  1 INJ   0.9918E-06                          2 S  =>  0.2770E-06 (PV1)
                                   NET   0.5294E-06         
                         inj it  2 INJ   0.9918E-06            
t =   21.7636 + 0.0200 : net it  0 NET   0.5294E-06                       
                         inj it  0 INJ    1.500                              4 S  =>  0.9967E-02 (PV1)
                                   NET   0.4669E-05                       
                         inj it  1 INJ   0.3611E-06                          1 S  =>  0.2717E-06 (PV1)
                                   NET   0.4690E-05         
                         inj it  2 INJ   0.3611E-06            
t =   21.7836 + 0.0200 : net it  0 NET   0.4690E-05                       
                         inj it  0 INJ    1.500                              4 S  =>  0.9869E-02 (PV1)
                                   NET   0.9396E-05                       
                         inj it  1 INJ   0.1059E-06                          1 S  =>  0.2679E-06 (PV1)
                                   NET   0.9418E-05         
                         inj it  2 INJ   0.4135E-07            
t =   21.8036 + 0.0200 : net it  0 NET   0.9418E-05                               =>  0.1546E-04 (transm,N1)
                         inj it  0 INJ    1.500                              4 S  =>  0.9772E-02 (PV1)
                         net it  1 NET   0.6262E-06                       
                         inj it  1 INJ   0.1210E-05                          2 S  =>  0.3213E-06 (PV1)
                                   NET   0.6286E-06         
                         inj it  2 INJ   0.1210E-05            
t =   21.8236 + 0.0200 : net it  0 NET   0.6286E-06                       
                         inj it  0 INJ    1.500                              4 S  =>  0.9678E-02 (PV1)
                                   NET   0.5261E-05                       
                         inj it  1 INJ   0.4370E-06                          1 S  =>  0.3024E-06 (PV1)
                                   NET   0.5285E-05         
                         inj it  2 INJ   0.4370E-06            
t =   21.8436 + 0.0200 : net it  0 NET   0.5285E-05                               =>  0.1124E-04 (transm,N1)
                         inj it  0 INJ    1.500                              4 S  =>  0.9585E-02 (PV1)
                         net it  1 NET   0.4627E-06                       
                         inj it  1 INJ   0.9544E-06                          2 S  =>  0.3220E-06 (PV1)
                                   NET   0.4658E-06         
                         inj it  2 INJ   0.9544E-06            
t =   21.8636 + 0.0200 : net it  0 NET   0.4658E-06                       
                         inj it  0 INJ    1.500                              4 S  =>  0.9494E-02 (PV1)
                                   NET   0.5315E-05                       
                         inj it  1 INJ   0.3084E-06                          1 S  =>  0.3003E-06 (PV1)
                                   NET   0.5339E-05         
                         inj it  2 INJ   0.3084E-06            
t =   21.8836 + 0.0200 : net it  0 NET   0.5339E-05                               =>  0.1138E-04 (transm,N1)
                         inj it  0 INJ    1.500                              4 S  =>  0.9405E-02 (PV1)
                         net it  1 NET   0.4640E-06                       
                         inj it  1 INJ   0.9095E-06                          2 S  =>  0.3178E-06 (PV1)
                                   NET   0.4678E-06         
                         inj it  2 INJ   0.9095E-06            
t =   21.9036 + 0.0200 : net it  0 NET   0.4678E-06                       
                         inj it  0 INJ    1.500                              4 S  =>  0.9317E-02 (PV1)
                                   NET   0.5352E-05                       
                         inj it  1 INJ   0.3036E-06                          1 S  =>  0.2967E-06 (PV1)
                                   NET   0.5376E-05         
                         inj it  2 INJ   0.3036E-06            
t =   21.9236 + 0.0200 : net it  0 NET   0.5376E-05                               =>  0.1140E-04 (transm,N1)
                         inj it  0 INJ    1.500                              4 S  =>  0.9231E-02 (PV1)
                         net it  1 NET   0.4647E-06                       
                         inj it  1 INJ   0.8971E-06                          2 S  =>  0.3102E-06 (PV1)
                                   NET   0.4692E-06         
                         inj it  2 INJ   0.8971E-06            
t =   21.9436 + 0.0200 : net it  0 NET   0.4692E-06                       
                         inj it  0 INJ    1.500                              4 S  =>  0.9147E-02 (PV1)
                                   NET   0.5281E-05                       
                         inj it  1 INJ   0.2995E-06                          1 S  =>  0.2883E-06 (PV1)
                                   NET   0.5304E-05         
                         inj it  2 INJ   0.2995E-06            
t =   21.9636 + 0.0200 : net it  0 NET   0.5304E-05                               =>  0.1120E-04 (transm,N1)
                         inj it  0 INJ    1.500                              4 S  =>  0.9064E-02 (PV1)
                         net it  1 NET   0.4566E-06                       
                         inj it  1 INJ   0.8670E-06                          1 S  =>  0.2973E-06 (PV1)
                                   NET   0.4617E-06         
                         inj it  2 INJ   0.8670E-06            
t =   21.9836 + 0.0200 : net it  0 NET   0.4617E-06                       
                         inj it  0 INJ    1.500                              4 S  =>  0.8982E-02 (PV1)
                                   NET   0.5121E-05                       
                         inj it  1 INJ   0.2889E-06                          1 S  =>  0.2755E-06 (PV1)
                                   NET   0.5143E-05         
                         inj it  2 INJ   0.2889E-06            
t =   22.0036 + 0.0200 : net it  0 NET   0.5143E-05                               =>  0.1082E-04 (transm,N1)
                         inj it  0 INJ    1.500                              4 S  =>  0.8902E-02 (PV1)
                         net it  1 NET   0.4414E-06                       
                         inj it  1 INJ   0.8244E-06                          1 S  =>  0.2807E-06 (PV1)
                                   NET   0.4469E-06         
                         inj it  2 INJ   0.8244E-06            
t =   22.0236 + 0.0200 : net it  0 NET   0.4469E-06                       
                         inj it  0 INJ    1.500                              4 S  =>  0.8824E-02 (PV1)
                                   NET   0.4898E-05                       
                         inj it  1 INJ   0.2743E-06                          1 S  =>  0.2597E-06 (PV1)
                                   NET   0.4919E-05         
                         inj it  2 INJ   0.2743E-06            
t =   22.0436 + 0.0200 : net it  0 NET   0.4919E-05                       
                         inj it  0 INJ    1.500                              4 S  =>  0.8747E-02 (PV1)
                                   NET   0.9544E-05                       
                         inj it  1 INJ   0.4620E-07                          1 S  =>  0.2447E-06 (PV1)
                                   NET   0.9565E-05         
                         inj it  2 INJ   0.2495E-07            
t =   22.0636 + 0.0200 : net it  0 NET   0.9565E-05                               =>  0.1521E-04 (transm,N1)
                         inj it  0 INJ    1.500                              4 S  =>  0.8671E-02 (PV1)
                         net it  1 NET   0.6149E-06                       
                         inj it  1 INJ   0.1059E-05                          2 S  =>  0.2590E-06 (PV1)
                                   NET   0.6208E-06         
                         inj it  2 INJ   0.1059E-05            
t =   22.0836 + 0.0200 : net it  0 NET   0.6208E-06                       
                         inj it  0 INJ    1.500                              4 S  =>  0.8596E-02 (PV1)
                                   NET   0.4596E-05                       
                         inj it  1 INJ   0.3832E-06                          1 S  =>  0.2374E-06 (PV1)
                                   NET   0.4614E-05         
                         inj it  2 INJ   0.3832E-06            
t =   22.1036 + 0.0200 : net it  0 NET   0.4614E-05                       
                         inj it  0 INJ    1.500                              4 S  =>  0.8523E-02 (PV1)
                                   NET   0.8828E-05                       
                         inj it  1 INJ   0.4329E-07                          1 S  =>  0.2204E-06 (PV1)
                                   NET   0.8846E-05         
                         inj it  2 INJ   0.4329E-07            
t =   22.1236 + 0.0200 : net it  0 NET   0.8846E-05                               =>  0.1392E-04 (transm,N1)
                         inj it  0 INJ    1.500                              4 S  =>  0.8451E-02 (PV1)
                         net it  1 NET   0.5690E-06                       
                         inj it  1 INJ   0.9632E-06                          2 S  =>  0.2271E-06 (PV1)
                                   NET   0.5750E-06         
                         inj it  2 INJ   0.9632E-06            
t =   22.1436 + 0.0200 : net it  0 NET   0.5750E-06                       
                         inj it  0 INJ    1.500                              4 S  =>  0.8380E-02 (PV1)
                                   NET   0.4109E-05                       
                         inj it  1 INJ   0.3468E-06                          1 S  =>  0.2078E-06 (PV1)
                                   NET   0.4125E-05         
                         inj it  2 INJ   0.3468E-06            
t =   22.1636 + 0.0200 : net it  0 NET   0.4125E-05                       
                         inj it  0 INJ    1.500                              4 S  =>  0.8311E-02 (PV1)
                                   NET   0.7864E-05                       
                         inj it  1 INJ   0.3870E-07                          1 S  =>  0.1927E-06 (PV1)
                                   NET   0.7880E-05         
                         inj it  2 INJ   0.3870E-07            
t =   22.1836 + 0.0200 : net it  0 NET   0.7880E-05                               =>  0.1236E-04 (transm,N1)
                         inj it  0 INJ    1.500                              4 S  =>  0.8242E-02 (PV1)
                         net it  1 NET   0.5061E-06                       
                         inj it  1 INJ   0.8391E-06                          2 S  =>  0.1946E-06 (PV1)
                                   NET   0.5119E-06         
                         inj it  2 INJ   0.8391E-06            
t =   22.2036 + 0.0200 : net it  0 NET   0.5119E-06                       
                         inj it  0 INJ    1.500                              4 S  =>  0.8175E-02 (PV1)
                                   NET   0.3605E-05                       
                         inj it  1 INJ   0.3020E-06                          1 S  =>  0.1784E-06 (PV1)
                                   NET   0.3619E-05         
                         inj it  2 INJ   0.3020E-06            
t =   22.2236 + 0.0200 : net it  0 NET   0.3619E-05                       
                         inj it  0 INJ    1.500                              4 S  =>  0.8108E-02 (PV1)
                                   NET   0.6877E-05                       
                         inj it  1 INJ   0.3367E-07                          1 S  =>  0.1656E-06 (PV1)
                                   NET   0.6891E-05         
                         inj it  2 INJ   0.3367E-07            
t =   22.2436 + 0.0200 : net it  0 NET   0.6891E-05                       
                         inj it  0 INJ    1.500                              4 S  =>  0.8043E-02 (PV1)
                                   NET   0.9976E-05                       
                         inj it  1 INJ   0.2958E-07                          1 S  =>  0.1569E-06 (PV1)
                                   NET   0.9989E-05         
                         inj it  2 INJ   0.1518E-07            
t =   22.2636 + 0.0200 : net it  0 NET   0.9989E-05                               =>  0.1402E-04 (transm,N1)
                         inj it  0 INJ    1.500                              4 S  =>  0.7979E-02 (PV1)
                         net it  1 NET   0.5699E-06                       
                         inj it  1 INJ   0.9251E-06                          2 S  =>  0.1583E-06 (PV1)
                                   NET   0.5752E-06         
                         inj it  2 INJ   0.9251E-06            
t =   22.2836 + 0.0200 : net it  0 NET   0.5752E-06                       
                         inj it  0 INJ    1.500                              4 S  =>  0.7916E-02 (PV1)
                                   NET   0.3027E-05                       
                         inj it  1 INJ   0.3380E-06                          1 S  =>  0.1440E-06 (PV1)
                                   NET   0.3039E-05         
                         inj it  2 INJ   0.3380E-06            
t =   22.3036 + 0.0200 : net it  0 NET   0.3039E-05                       
                         inj it  0 INJ    1.500                              4 S  =>  0.7854E-02 (PV1)
                                   NET   0.5684E-05                       
                         inj it  1 INJ   0.3898E-07                          1 S  =>  0.1326E-06 (PV1)
                                   NET   0.5695E-05         
                         inj it  2 INJ   0.3898E-07            
t =   22.3236 + 0.0200 : net it  0 NET   0.5695E-05                       
                         inj it  0 INJ    1.500                              4 S  =>  0.7792E-02 (PV1)
                                   NET   0.8160E-05                       
                         inj it  1 INJ   0.2349E-07                          1 S  =>  0.1246E-06 (PV1)
                                   NET   0.8171E-05         
                         inj it  2 INJ   0.1653E-07            
t =   22.3436 + 0.0200 : net it  0 NET   0.8171E-05                               =>  0.1139E-04 (transm,N1)
                         inj it  0 INJ    1.500                              4 S  =>  0.7732E-02 (PV1)
                         net it  1 NET   0.4679E-06                       
                         inj it  1 INJ   0.7491E-06                          2 S  =>  0.1222E-06 (PV1)
                                   NET   0.4724E-06         
                         inj it  2 INJ   0.7491E-06            
t =   22.3636 + 0.0200 : net it  0 NET   0.4724E-06                       
                         inj it  0 INJ    1.500                              4 S  =>  0.7673E-02 (PV1)
                                   NET   0.2405E-05                       
                         inj it  1 INJ   0.2741E-06                          1 S  =>  0.1115E-06 (PV1)
                                   NET   0.2414E-05         
                         inj it  2 INJ   0.2741E-06            
t =   22.3836 + 0.0200 : net it  0 NET   0.2414E-05                       
                         inj it  0 INJ    1.500                              4 S  =>  0.7614E-02 (PV1)
                                   NET   0.4495E-05                       
                         inj it  1 INJ   0.3170E-07                          1 S  =>  0.1028E-06 (PV1)
                                   NET   0.4504E-05         
                         inj it  2 INJ   0.3170E-07            
t =   22.4036 + 0.0200 : net it  0 NET   0.4504E-05                       
                         inj it  0 INJ    1.500                              4 S  =>  0.7557E-02 (PV1)
                                   NET   0.6427E-05                       
                         inj it  1 INJ   0.1815E-07                          1 S  =>  0.9631E-07 (PV1)
                                   NET   0.6435E-05         
                         inj it  2 INJ   0.1337E-07            
t =   22.4236 + 0.0200 : net it  0 NET   0.6435E-05                       
                         inj it  0 INJ    1.500                              4 S  =>  0.7500E-02 (PV1)
                                   NET   0.8276E-05                       
                         inj it  1 INJ   0.1713E-07                          1 S  =>  0.9089E-07 (PV1)
                                   NET   0.8284E-05         
                         inj it  2 INJ   0.7746E-08            
t =   22.4436 + 0.0200 : net it  0 NET   0.8284E-05                               =>  0.1085E-04 (transm,N1)
                         inj it  0 INJ    1.500                              4 S  =>  0.7444E-02 (PV1)
                         net it  1 NET   0.4432E-06                       
                         inj it  1 INJ   0.6988E-06                          1 S  =>  0.8669E-07 (PV1)
                                   NET   0.4467E-06         
                         inj it  2 INJ   0.6988E-06            
t =   22.4636 + 0.0200 : net it  0 NET   0.4467E-06                       
                         inj it  0 INJ    1.500                              4 S  =>  0.7389E-02 (PV1)
                                   NET   0.1777E-05                       
                         inj it  1 INJ   0.2550E-06                          1 S  =>  0.7861E-07 (PV1)
                                   NET   0.1784E-05         
                         inj it  2 INJ   0.2550E-06            
t =   22.4836 + 0.0200 : net it  0 NET   0.1784E-05                       
                         inj it  0 INJ    1.500                              4 S  =>  0.7335E-02 (PV1)
                                   NET   0.3263E-05                       
                         inj it  1 INJ   0.2932E-07                          1 S  =>  0.7213E-07 (PV1)
                                   NET   0.3269E-05         
                         inj it  2 INJ   0.2932E-07            
t =   22.5036 + 0.0200 : net it  0 NET   0.3269E-05                       
                         inj it  0 INJ    1.500                              4 S  =>  0.7282E-02 (PV1)
                                   NET   0.4612E-05                       
                         inj it  1 INJ   0.1265E-07                          1 S  =>  0.6711E-07 (PV1)
                                   NET   0.4618E-05         
                         inj it  2 INJ   0.1250E-07            
t =   22.5236 + 0.0200 : net it  0 NET   0.4618E-05                       
                         inj it  0 INJ    1.500                              4 S  =>  0.7229E-02 (PV1)
                                   NET   0.5895E-05                       
                         inj it  1 INJ   0.1183E-07                          1 S  =>  0.6278E-07 (PV1)
                                   NET   0.5901E-05         
                         inj it  2 INJ   0.7213E-08            
t =   22.5436 + 0.0200 : net it  0 NET   0.5901E-05                       
                         inj it  0 INJ    1.500                              4 S  =>  0.7177E-02 (PV1)
                                   NET   0.7111E-05                       
                         inj it  1 INJ   0.1107E-07                          1 S  =>  0.5873E-07 (PV1)
                                   NET   0.7116E-05         
                         inj it  2 INJ   0.1489E-08            
t =   22.5636 + 0.0200 : net it  0 NET   0.7116E-05                       
                         inj it  0 INJ    1.500                              4 S  =>  0.7126E-02 (PV1)
                                   NET   0.8251E-05                       
                         inj it  1 INJ   0.1034E-07                          1 S  =>  0.5485E-07 (PV1)
                                   NET   0.8256E-05         
                         inj it  2 INJ   0.1134E-09            
t =   22.5836 + 0.0200 : net it  0 NET   0.8256E-05                       
                         inj it  0 INJ    1.500                              4 S  =>  0.7076E-02 (PV1)
                                   NET   0.9315E-05                       
                         inj it  1 INJ   0.9634E-08                          1 S  =>  0.5111E-07 (PV1)
                                   NET   0.9319E-05         
                         inj it  2 INJ   0.1766E-09            
t =   22.6036 + 0.0200 : net it  0 NET   0.9319E-05                               =>  0.1114E-04 (transm,N1)
                         inj it  0 INJ    1.500                              4 S  =>  0.7026E-02 (PV1)
                         net it  1 NET   0.4538E-06                       
                         inj it  1 INJ   0.7000E-06                          1 S  =>  0.4552E-07 (PV1)
                                   NET   0.4558E-06         
                         inj it  2 INJ   0.7000E-06            
t =   22.6236 + 0.0200 : net it  0 NET   0.4558E-06                       
                         inj it  0 INJ    1.500                              4 S  =>  0.6977E-02 (PV1)
                                   NET   0.1030E-05                       
                         inj it  1 INJ   0.2548E-06                          1 S  =>  0.4043E-07 (PV1)
                                   NET   0.1034E-05         
                         inj it  2 INJ   0.2548E-06            
t =   22.6436 + 0.0200 : net it  0 NET   0.1034E-05                       
                         inj it  0 INJ    1.500                              4 S  =>  0.6929E-02 (PV1)
                                   NET   0.1795E-05                       
                         inj it  1 INJ   0.2911E-07                          1 S  =>  0.3660E-07 (PV1)
                                   NET   0.1798E-05         
                         inj it  2 INJ   0.2911E-07            
t =   22.6636 + 0.0200 : net it  0 NET   0.1798E-05                       
                         inj it  0 INJ    1.500                              4 S  =>  0.6881E-02 (PV1)
                                   NET   0.2452E-05                       
                         inj it  1 INJ   0.1255E-07                          1 S  =>  0.3351E-07 (PV1)
                                   NET   0.2455E-05         
                         inj it  2 INJ   0.1255E-07            
t =   22.6836 + 0.0200 : net it  0 NET   0.2455E-05                       
                         inj it  0 INJ    1.500                              4 S  =>  0.6834E-02 (PV1)
                                   NET   0.3075E-05                       
                         inj it  1 INJ   0.7214E-08                          1 S  =>  0.3077E-07 (PV1)
                                   NET   0.3078E-05         
                         inj it  2 INJ   0.7214E-08            
t =   22.7036 + 0.0200 : net it  0 NET   0.3078E-05                       
                         inj it  0 INJ    1.500                              4 S  =>  0.6788E-02 (PV1)
                                   NET   0.3662E-05                       
                         inj it  1 INJ   0.5319E-08                          1 S  =>  0.2822E-07 (PV1)
                                   NET   0.3664E-05         
                         inj it  2 INJ   0.1485E-08            
t =   22.7236 + 0.0200 : net it  0 NET   0.3664E-05                       
                         inj it  0 INJ    1.500                              4 S  =>  0.6742E-02 (PV1)
                                   NET   0.4204E-05                       
                         inj it  1 INJ   0.4865E-08                          1 S  =>  0.2581E-07 (PV1)
                                   NET   0.4206E-05         
                         inj it  2 INJ   0.1152E-09            
t =   22.7436 + 0.0200 : net it  0 NET   0.4206E-05                       
                         inj it  0 INJ    1.500                              4 S  =>  0.6697E-02 (PV1)
                                   NET   0.4699E-05                       
                         inj it  1 INJ   0.4435E-08                          1 S  =>  0.2353E-07 (PV1)
                                   NET   0.4701E-05         
                         inj it  2 INJ   0.1768E-09            
t =   22.7636 + 0.0200 : net it  0 NET   0.4701E-05                       
                         inj it  0 INJ    1.500                              4 S  =>  0.6652E-02 (PV1)
                                   NET   0.5149E-05                       
                         inj it  1 INJ   0.4030E-08                          1 S  =>  0.2138E-07 (PV1)
                                   NET   0.5151E-05         
                         inj it  2 INJ   0.5389E-10            
t =   22.7836 + 0.0200 : net it  0 NET   0.5151E-05                       
                         inj it  0 INJ    1.500                              4 S  =>  0.6608E-02 (PV1)
                                   NET   0.5556E-05                       
                         inj it  1 INJ   0.3648E-08                          1 S  =>  0.1935E-07 (PV1)
                                   NET   0.5557E-05         
                         inj it  2 INJ   0.3638E-11            
t =   22.8036 + 0.0200 : net it  0 NET   0.5557E-05                       
                         inj it  0 INJ    1.500                              4 S  =>  0.6565E-02 (PV1)
                                   NET   0.5922E-05                       
                         inj it  1 INJ   0.3289E-08                          1 S  =>  0.1745E-07 (PV1)
                                   NET   0.5924E-05         
                         inj it  2 INJ   0.3638E-11            
t =   22.8236 + 0.0200 : net it  0 NET   0.5924E-05                       
                         inj it  0 INJ    1.500                              4 S  =>  0.6522E-02 (PV1)
                                   NET   0.6251E-05                       
                         inj it  1 INJ   0.2952E-08                          1 S  =>  0.1566E-07 (PV1)
                                   NET   0.6253E-05         
                         inj it  2 INJ   0.1606E-11            
t =   22.8436 + 0.0200 : net it  0 NET   0.6253E-05                       
                         inj it  0 INJ    1.500                              4 S  =>  0.6480E-02 (PV1)
                                   NET   0.6545E-05                       
                         inj it  1 INJ   0.2637E-08                          1 S  =>  0.1399E-07 (PV1)
                                   NET   0.6546E-05         
                         inj it  2 INJ   0.3638E-11            
t =   22.8636 + 0.0200 : net it  0 NET   0.6546E-05                       
                         inj it  0 INJ    1.500                              4 S  =>  0.6438E-02 (PV1)
                                   NET   0.6806E-05                       
                         inj it  1 INJ   0.2342E-08                          1 S  =>  0.1243E-07 (PV1)
                                   NET   0.6807E-05         
                         inj it  2 INJ   0.4300E-12            
t =   22.8836 + 0.0200 : net it  0 NET   0.6807E-05                       
                         inj it  0 INJ    1.500                              4 S  =>  0.6397E-02 (PV1)
                                   NET   0.7037E-05                       
                         inj it  1 INJ   0.2068E-08                          1 S  =>  0.1097E-07 (PV1)
                                   NET   0.7038E-05         
                         inj it  2 INJ   0.3638E-11            
t =   22.9036 + 0.0200 : net it  0 NET   0.7038E-05                       
                         inj it  0 INJ    1.500                              4 S  =>  0.6356E-02 (PV1)
                                   NET   0.7239E-05                       
                         inj it  1 INJ   0.1812E-08                          1 S  =>  0.9612E-08 (PV1)
                                   NET   0.7240E-05         
                         inj it  2 INJ   0.3638E-11            
t =   22.9236 + 0.0200 : net it  0 NET   0.7240E-05                       
                         inj it  0 INJ    1.500                              4 S  =>  0.6316E-02 (PV1)
                                   NET   0.7414E-05                       
                         inj it  1 INJ   0.1574E-08                          1 S  =>  0.8352E-08 (PV1)
                                   NET   0.7415E-05         
                         inj it  2 INJ   0.3638E-11            
t =   22.9436 + 0.0200 : net it  0 NET   0.7415E-05                       
                         inj it  0 INJ    1.500                              4 S  =>  0.6276E-02 (PV1)
                                   NET   0.7565E-05                       
                         inj it  1 INJ   0.1354E-08                          1 S  =>  0.7184E-08 (PV1)
                                   NET   0.7566E-05         
                         inj it  2 INJ   0.3638E-11            
t =   22.9636 + 0.0200 : net it  0 NET   0.7566E-05                       
                         inj it  0 INJ    1.500                              4 S  =>  0.6237E-02 (PV1)
                                   NET   0.7694E-05                       
                         inj it  1 INJ   0.1151E-08                          1 S  =>  0.6105E-08 (PV1)
                                   NET   0.7694E-05         
                         inj it  2 INJ   0.2177E-12            
t =   22.9836 + 0.0200 : net it  0 NET   0.7694E-05                       
                         inj it  0 INJ    1.500                              4 S  =>  0.6199E-02 (PV1)
                                   NET   0.7801E-05                       
                         inj it  1 INJ   0.9632E-09                          1 S  =>  0.5110E-08 (PV1)
                                   NET   0.7801E-05         
                         inj it  2 INJ   0.7276E-11            
t =   23.0036 + 0.0200 : net it  0 NET   0.7801E-05                       
                         inj it  0 INJ    1.500                              4 S  =>  0.6160E-02 (PV1)
                                   NET   0.7889E-05                       
                         inj it  1 INJ   0.7907E-09                          1 S  =>  0.4195E-08 (PV1)
                                   NET   0.7889E-05         
                         inj it  2 INJ   0.1506E-12            
t =   23.0236 + 0.0200 : net it  0 NET   0.7889E-05                       
                         inj it  0 INJ    1.500                              4 S  =>  0.6123E-02 (PV1)
                                   NET   0.7960E-05                       
                         inj it  1 INJ   0.6325E-09                          1 S  =>  0.3355E-08 (PV1)
                                   NET   0.7960E-05         
                         inj it  2 INJ   0.1208E-12            
t =   23.0436 + 0.0200 : net it  0 NET   0.7960E-05                       
                         inj it  0 INJ    1.500                              4 S  =>  0.6085E-02 (PV1)
                                   NET   0.8014E-05                       
                         inj it  1 INJ   0.4878E-09                          1 S  =>  0.2588E-08 (PV1)
                                   NET   0.8014E-05         
                         inj it  2 INJ   0.9331E-13            
t =   23.0636 + 0.0200 : net it  0 NET   0.8014E-05                       
                         inj it  0 INJ    1.500                              4 S  =>  0.6049E-02 (PV1)
                                   NET   0.8054E-05                       
                         inj it  1 INJ   0.3559E-09                          1 S  =>  0.1888E-08 (PV1)
                                   NET   0.8054E-05         
                         inj it  2 INJ   0.3638E-11            
t =   23.0836 + 0.0200 : net it  0 NET   0.8054E-05                       
                         inj it  0 INJ    1.500                              4 S  =>  0.6012E-02 (PV1)
                                   NET   0.8080E-05                       
                         inj it  1 INJ   0.2361E-09                          1 S  =>  0.1253E-08 (PV1)
                                   NET   0.8080E-05         
                         inj it  2 INJ   0.5684E-13            
t =   23.1036 + 0.0200 : net it  0 NET   0.8080E-05                       
                         inj it  0 INJ    1.500                              4 S  =>  0.5976E-02 (PV1)
                                   NET   0.8094E-05                       
                         inj it  1 INJ   0.1277E-09                          1 S  =>  0.6776E-09 (PV1)
                                   NET   0.8094E-05         
                         inj it  2 INJ   0.3638E-11            
t =   23.1236 + 0.0200 : net it  0 NET   0.8094E-05                       
                         inj it  0 INJ    1.500                              4 S  =>  0.5941E-02 (PV1)
                                   NET   0.8098E-05                       
                         inj it  1 INJ   0.3000E-10                          1 S  =>  0.1591E-09 (PV1)
                                   NET   0.8098E-05         
                         inj it  2 INJ   0.3638E-11            
t =   23.1436 + 0.0200 : net it  0 NET   0.8098E-05                       
                         inj it  0 INJ    1.500                              4 S  =>  0.5906E-02 (PV1)
                                   NET   0.8091E-05                       
                         inj it  1 INJ   0.5770E-10                          1 S  =>  0.3061E-09 (PV1)
                                   NET   0.8091E-05         
                         inj it  2 INJ   0.5684E-13            
t =   23.1636 + 0.0200 : net it  0 NET   0.8091E-05                       
                         inj it  0 INJ    1.500                              4 S  =>  0.5871E-02 (PV1)
                                   NET   0.8076E-05                       
                         inj it  1 INJ   0.1360E-09                          1 S  =>  0.7214E-09 (PV1)
                                   NET   0.8076E-05         
                         inj it  2 INJ   0.5684E-13            
t =   23.1836 + 0.0200 : net it  0 NET   0.8076E-05                       
                         inj it  0 INJ    1.500                              4 S  =>  0.5837E-02 (PV1)
                                   NET   0.8053E-05                       
                         inj it  1 INJ   0.2055E-09                          1 S  =>  0.1090E-08 (PV1)
                                   NET   0.8053E-05         
                         inj it  2 INJ   0.5684E-13            
t =   23.2036 + 0.0200 : net it  0 NET   0.8053E-05                       
                         inj it  0 INJ    1.500                              4 S  =>  0.5803E-02 (PV1)
                                   NET   0.8024E-05                       
                         inj it  1 INJ   0.2669E-09                          1 S  =>  0.1416E-08 (PV1)
                                   NET   0.8024E-05         
                         inj it  2 INJ   0.7276E-11            
t =   23.2236 + 0.0200 : net it  0 NET   0.8024E-05                       
                         inj it  0 INJ    1.500                              4 S  =>  0.5769E-02 (PV1)
                                   NET   0.7988E-05                       
                         inj it  1 INJ   0.3206E-09                          1 S  =>  0.1701E-08 (PV1)
                                   NET   0.7988E-05         
                         inj it  2 INJ   0.6137E-13            
t =   23.2436 + 0.0200 : net it  0 NET   0.7988E-05                       
                         inj it  0 INJ    1.500                              4 S  =>  0.5736E-02 (PV1)
                                   NET   0.7947E-05                       
                         inj it  1 INJ   0.3673E-09                          1 S  =>  0.1948E-08 (PV1)
                                   NET   0.7947E-05         
                         inj it  2 INJ   0.7021E-13            
t =   23.2636 + 0.0200 : net it  0 NET   0.7947E-05                       
                         inj it  0 INJ    1.500                              4 S  =>  0.5704E-02 (PV1)
                                   NET   0.7902E-05                       
                         inj it  1 INJ   0.4074E-09                          1 S  =>  0.2161E-08 (PV1)
                                   NET   0.7902E-05         
                         inj it  2 INJ   0.3638E-11            
t =   23.2836 + 0.0200 : net it  0 NET   0.7902E-05                       
                         inj it  0 INJ    1.500                              4 S  =>  0.5671E-02 (PV1)
                                   NET   0.7853E-05                       
                         inj it  1 INJ   0.4414E-09                          1 S  =>  0.2342E-08 (PV1)
                                   NET   0.7852E-05         
                         inj it  2 INJ   0.8415E-13            
t =   23.3036 + 0.0200 : net it  0 NET   0.7852E-05                       
                         inj it  0 INJ    1.500                              4 S  =>  0.5639E-02 (PV1)
                                   NET   0.7800E-05                       
                         inj it  1 INJ   0.4699E-09                          1 S  =>  0.2493E-08 (PV1)
                                   NET   0.7800E-05         
                         inj it  2 INJ   0.8946E-13            
t =   23.3236 + 0.0200 : net it  0 NET   0.7800E-05                       
                         inj it  0 INJ    1.500                              4 S  =>  0.5608E-02 (PV1)
                                   NET   0.7745E-05                       
                         inj it  1 INJ   0.4932E-09                          1 S  =>  0.2617E-08 (PV1)
                                   NET   0.7745E-05         
                         inj it  2 INJ   0.3638E-11            
t =   23.3436 + 0.0200 : net it  0 NET   0.7745E-05                       
                         inj it  0 INJ    1.500                              4 S  =>  0.5576E-02 (PV1)
                                   NET   0.7688E-05                       
                         inj it  1 INJ   0.5119E-09                          1 S  =>  0.2715E-08 (PV1)
                                   NET   0.7688E-05         
                         inj it  2 INJ   0.3638E-11            
t =   23.3636 + 0.0200 : net it  0 NET   0.7688E-05                       
                         inj it  0 INJ    1.500                              4 S  =>  0.5545E-02 (PV1)
                                   NET   0.7630E-05                       
                         inj it  1 INJ   0.5262E-09                          1 S  =>  0.2791E-08 (PV1)
                                   NET   0.7629E-05         
                         inj it  2 INJ   0.9964E-13            
t =   23.3836 + 0.0200 : net it  0 NET   0.7629E-05                       
                         inj it  0 INJ    1.500                              4 S  =>  0.5515E-02 (PV1)
                                   NET   0.7570E-05                       
                         inj it  1 INJ   0.5366E-09                          1 S  =>  0.2847E-08 (PV1)
                                   NET   0.7570E-05         
                         inj it  2 INJ   0.3638E-11            
t =   23.4036 + 0.0200 : net it  0 NET   0.7570E-05                       
                         inj it  0 INJ    1.500                              4 S  =>  0.5485E-02 (PV1)
                                   NET   0.7509E-05                       
                         inj it  1 INJ   0.5434E-09                          1 S  =>  0.2883E-08 (PV1)
                                   NET   0.7509E-05         
                         inj it  2 INJ   0.3638E-11            
t =   23.4236 + 0.0200 : net it  0 NET   0.7509E-05                       
                         inj it  0 INJ    1.500                              4 S  =>  0.5455E-02 (PV1)
                                   NET   0.7448E-05                       
                         inj it  1 INJ   0.5470E-09                          1 S  =>  0.2902E-08 (PV1)
                                   NET   0.7448E-05         
                         inj it  2 INJ   0.3638E-11            
t =   23.4436 + 0.0200 : net it  0 NET   0.7448E-05                       
                         inj it  0 INJ    1.500                              4 S  =>  0.5425E-02 (PV1)
                                   NET   0.7387E-05                       
                         inj it  1 INJ   0.5478E-09                          1 S  =>  0.2906E-08 (PV1)
                                   NET   0.7387E-05         
                         inj it  2 INJ   0.1029E-12            
t =   23.4636 + 0.0200 : net it  0 NET   0.7387E-05                       
                         inj it  0 INJ    1.500                              4 S  =>  0.5396E-02 (PV1)
                                   NET   0.7327E-05                       
                         inj it  1 INJ   0.5459E-09                          1 S  =>  0.2896E-08 (PV1)
                                   NET   0.7326E-05         
                         inj it  2 INJ   0.1024E-12            
t =   23.4836 + 0.0200 : net it  0 NET   0.7326E-05                       
                         inj it  0 INJ    1.500                              4 S  =>  0.5367E-02 (PV1)
                                   NET   0.7266E-05                       
                         inj it  1 INJ   0.5417E-09                          1 S  =>  0.2874E-08 (PV1)
                                   NET   0.7266E-05         
                         inj it  2 INJ   0.1014E-12            
t =   23.5036 + 0.0200 : net it  0 NET   0.7266E-05                       
                         inj it  0 INJ    1.500                              4 S  =>  0.5338E-02 (PV1)
                                   NET   0.7207E-05                       
                         inj it  1 INJ   0.5354E-09                          1 S  =>  0.2840E-08 (PV1)
                                   NET   0.7206E-05         
                         inj it  2 INJ   0.3638E-11            
t =   23.5236 + 0.0200 : net it  0 NET   0.7206E-05                       
                         inj it  0 INJ    1.500                              4 S  =>  0.5310E-02 (PV1)
                                   NET   0.7148E-05                       
                         inj it  1 INJ   0.5273E-09                          1 S  =>  0.2797E-08 (PV1)
                                   NET   0.7148E-05         
                         inj it  2 INJ   0.3638E-11            
t =   23.5436 + 0.0200 : net it  0 NET   0.7148E-05                       
                         inj it  0 INJ    1.500                              4 S  =>  0.5282E-02 (PV1)
                                   NET   0.7090E-05                       
                         inj it  1 INJ   0.5176E-09                          1 S  =>  0.2746E-08 (PV1)
                                   NET   0.7090E-05         
                         inj it  2 INJ   0.3638E-11            
t =   23.5636 + 0.0200 : net it  0 NET   0.7090E-05                       
                         inj it  0 INJ    1.500                              4 S  =>  0.5254E-02 (PV1)
                                   NET   0.7034E-05                       
                         inj it  1 INJ   0.5065E-09                          1 S  =>  0.2687E-08 (PV1)
                                   NET   0.7034E-05         
                         inj it  2 INJ   0.3638E-11            
t =   23.5836 + 0.0200 : net it  0 NET   0.7034E-05                       
                         inj it  0 INJ    1.500                              4 S  =>  0.5227E-02 (PV1)
                                   NET   0.6979E-05                       
                         inj it  1 INJ   0.4943E-09                          1 S  =>  0.2622E-08 (PV1)
                                   NET   0.6978E-05         
                         inj it  2 INJ   0.9169E-13            
t =   23.6036 + 0.0200 : net it  0 NET   0.6978E-05                       
                         inj it  0 INJ    1.500                              4 S  =>  0.5199E-02 (PV1)
                                   NET   0.6925E-05                       
                         inj it  1 INJ   0.4810E-09                          1 S  =>  0.2552E-08 (PV1)
                                   NET   0.6925E-05         
                         inj it  2 INJ   0.3638E-11            
t =   23.6236 + 0.0200 : net it  0 NET   0.6925E-05                       
                         inj it  0 INJ    1.500                              4 S  =>  0.5173E-02 (PV1)
                                   NET   0.6873E-05                       
                         inj it  1 INJ   0.4669E-09                          1 S  =>  0.2477E-08 (PV1)
                                   NET   0.6873E-05         
                         inj it  2 INJ   0.3638E-11            
t =   23.6436 + 0.0200 : net it  0 NET   0.6873E-05                       
                         inj it  0 INJ    1.500                              4 S  =>  0.5146E-02 (PV1)
                                   NET   0.6823E-05                       
                         inj it  1 INJ   0.4521E-09                          1 S  =>  0.2398E-08 (PV1)
                                   NET   0.6823E-05         
                         inj it  2 INJ   0.3638E-11            
t =   23.6636 + 0.0200 : net it  0 NET   0.6823E-05                       
                         inj it  0 INJ    1.500                              4 S  =>  0.5120E-02 (PV1)
                                   NET   0.6774E-05                       
                         inj it  1 INJ   0.4368E-09                          1 S  =>  0.2317E-08 (PV1)
                                   NET   0.6774E-05         
                         inj it  2 INJ   0.3638E-11            
t =   23.6836 + 0.0200 : net it  0 NET   0.6774E-05                       
                         inj it  0 INJ    1.500                              4 S  =>  0.5093E-02 (PV1)
                                   NET   0.6727E-05                       
                         inj it  1 INJ   0.4210E-09                          1 S  =>  0.2233E-08 (PV1)
                                   NET   0.6727E-05         
                         inj it  2 INJ   0.7745E-13            
t =   23.7036 + 0.0200 : net it  0 NET   0.6727E-05                       
                         inj it  0 INJ    1.500                              4 S  =>  0.5068E-02 (PV1)
                                   NET   0.6682E-05                       
                         inj it  1 INJ   0.4049E-09                          1 S  =>  0.2148E-08 (PV1)
                                   NET   0.6682E-05         
                         inj it  2 INJ   0.3638E-11            
t =   23.7236 + 0.0200 : net it  0 NET   0.6682E-05                       
                         inj it  0 INJ    1.500                              4 S  =>  0.5042E-02 (PV1)
                                   NET   0.6639E-05                       
                         inj it  1 INJ   0.3887E-09                          1 S  =>  0.2062E-08 (PV1)
                                   NET   0.6639E-05         
                         inj it  2 INJ   0.3638E-11            
t =   23.7436 + 0.0200 : net it  0 NET   0.6639E-05                       
                         inj it  0 INJ    1.500                              4 S  =>  0.5017E-02 (PV1)
                                   NET   0.6597E-05                       
                         inj it  1 INJ   0.3723E-09                          1 S  =>  0.1975E-08 (PV1)
                                   NET   0.6597E-05         
                         inj it  2 INJ   0.3638E-11            
t =   23.7636 + 0.0200 : net it  0 NET   0.6597E-05                       
                         inj it  0 INJ    1.500                              4 S  =>  0.4992E-02 (PV1)
                                   NET   0.6558E-05                       
                         inj it  1 INJ   0.3559E-09                          1 S  =>  0.1888E-08 (PV1)
                                   NET   0.6557E-05         
                         inj it  2 INJ   0.6513E-13            
t =   23.7836 + 0.0200 : net it  0 NET   0.6557E-05                       
                         inj it  0 INJ    1.500                              4 S  =>  0.4967E-02 (PV1)
                                   NET   0.6520E-05                       
                         inj it  1 INJ   0.3396E-09                          1 S  =>  0.1801E-08 (PV1)
                                   NET   0.6520E-05         
                         inj it  2 INJ   0.3638E-11            
t =   23.8036 + 0.0200 : net it  0 NET   0.6520E-05                       
                         inj it  0 INJ    1.500                              4 S  =>  0.4942E-02 (PV1)
                                   NET   0.6484E-05                       
                         inj it  1 INJ   0.3234E-09                          1 S  =>  0.1716E-08 (PV1)
                                   NET   0.6484E-05         
                         inj it  2 INJ   0.5902E-13            
t =   23.8236 + 0.0200 : net it  0 NET   0.6484E-05                       
                         inj it  0 INJ    1.500                              4 S  =>  0.4918E-02 (PV1)
                                   NET   0.6449E-05                       
                         inj it  1 INJ   0.3074E-09                          1 S  =>  0.1631E-08 (PV1)
                                   NET   0.6449E-05         
                         inj it  2 INJ   0.5604E-13            
t =   23.8436 + 0.0200 : net it  0 NET   0.6449E-05                       
                         inj it  0 INJ    1.500                              4 S  =>  0.4894E-02 (PV1)
                                   NET   0.6417E-05                       
                         inj it  1 INJ   0.2916E-09                          1 S  =>  0.1547E-08 (PV1)
                                   NET   0.6417E-05         
                         inj it  2 INJ   0.3638E-11            
t =   23.8636 + 0.0200 : net it  0 NET   0.6417E-05                       
                         inj it  0 INJ    1.500                              4 S  =>  0.4870E-02 (PV1)
                                   NET   0.6386E-05                       
                         inj it  1 INJ   0.2761E-09                          1 S  =>  0.1465E-08 (PV1)
                                   NET   0.6386E-05         
                         inj it  2 INJ   0.3638E-11            
t =   23.8836 + 0.0200 : net it  0 NET   0.6386E-05                       
                         inj it  0 INJ    1.500                              4 S  =>  0.4847E-02 (PV1)
                                   NET   0.6357E-05                       
                         inj it  1 INJ   0.2610E-09                          1 S  =>  0.1385E-08 (PV1)
                                   NET   0.6357E-05         
                         inj it  2 INJ   0.3638E-11            
t =   23.9036 + 0.0200 : net it  0 NET   0.6357E-05                       
                         inj it  0 INJ    1.500                              4 S  =>  0.4823E-02 (PV1)
                                   NET   0.6330E-05                       
                         inj it  1 INJ   0.2462E-09                          1 S  =>  0.1306E-08 (PV1)
                                   NET   0.6330E-05         
                         inj it  2 INJ   0.5684E-13            
t =   23.9236 + 0.0200 : net it  0 NET   0.6330E-05                       
                         inj it  0 INJ    1.500                              4 S  =>  0.4800E-02 (PV1)
                                   NET   0.6304E-05                       
                         inj it  1 INJ   0.2319E-09                          1 S  =>  0.1230E-08 (PV1)
                                   NET   0.6304E-05         
                         inj it  2 INJ   0.3638E-11            
t =   23.9436 + 0.0200 : net it  0 NET   0.6304E-05                       
                         inj it  0 INJ    1.500                              4 S  =>  0.4777E-02 (PV1)
                                   NET   0.6280E-05                       
                         inj it  1 INJ   0.2179E-09                          1 S  =>  0.1156E-08 (PV1)
                                   NET   0.6279E-05         
                         inj it  2 INJ   0.5684E-13            
t =   23.9636 + 0.0200 : net it  0 NET   0.6279E-05                       
                         inj it  0 INJ    1.500                              4 S  =>  0.4754E-02 (PV1)
                                   NET   0.6257E-05                       
                         inj it  1 INJ   0.2044E-09                          1 S  =>  0.1085E-08 (PV1)
                                   NET   0.6257E-05         
                         inj it  2 INJ   0.3704E-13            
t =   23.9836 + 0.0200 : net it  0 NET   0.6257E-05                       
                         inj it  0 INJ    1.500                              4 S  =>  0.4732E-02 (PV1)
                                   NET   0.6235E-05                       
                         inj it  1 INJ   0.1914E-09                          1 S  =>  0.1015E-08 (PV1)
                                   NET   0.6235E-05         
                         inj it  2 INJ   0.3638E-11            
t =   24.0036 + 0.0200 : net it  0 NET   0.6235E-05                       
                         inj it  0 INJ    1.500                              4 S  =>  0.4710E-02 (PV1)
                                   NET   0.6216E-05                       
                         inj it  1 INJ   0.1788E-09                          1 S  =>  0.9487E-09 (PV1)
                                   NET   0.6215E-05         
                         inj it  2 INJ   0.3638E-11            
t =   24.0236 + 0.0200 : net it  0 NET   0.6215E-05                       
                         inj it  0 INJ    1.500                              4 S  =>  0.4688E-02 (PV1)
                                   NET   0.6197E-05                       
                         inj it  1 INJ   0.1668E-09                          1 S  =>  0.8847E-09 (PV1)
                                   NET   0.6197E-05         
                         inj it  2 INJ   0.3638E-11            
t =   24.0436 + 0.0200 : net it  0 NET   0.6197E-05                       
                         inj it  0 INJ    1.500                              4 S  =>  0.4666E-02 (PV1)
                                   NET   0.6180E-05                       
                         inj it  1 INJ   0.1552E-09                          1 S  =>  0.8231E-09 (PV1)
                                   NET   0.6180E-05         
                         inj it  2 INJ   0.3638E-11            
t =   24.0636 + 0.0200 : net it  0 NET   0.6180E-05                       
                         inj it  0 INJ    1.500                              4 S  =>  0.4644E-02 (PV1)
                                   NET   0.6164E-05                       
                         inj it  1 INJ   0.1441E-09                          1 S  =>  0.7643E-09 (PV1)
                                   NET   0.6164E-05         
                         inj it  2 INJ   0.5684E-13            
t =   24.0836 + 0.0200 : net it  0 NET   0.6164E-05                       
                         inj it  0 INJ    1.500                              4 S  =>  0.4623E-02 (PV1)
                                   NET   0.6149E-05                       
                         inj it  1 INJ   0.1334E-09                          1 S  =>  0.7079E-09 (PV1)
                                   NET   0.6149E-05         
                         inj it  2 INJ   0.3638E-11            
t =   24.1036 + 0.0200 : net it  0 NET   0.6149E-05                       
                         inj it  0 INJ    1.500                              4 S  =>  0.4601E-02 (PV1)
                                   NET   0.6135E-05                       
                         inj it  1 INJ   0.1233E-09                          1 S  =>  0.6542E-09 (PV1)
                                   NET   0.6135E-05         
                         inj it  2 INJ   0.3638E-11            
t =   24.1236 + 0.0200 : net it  0 NET   0.6135E-05                       
                         inj it  0 INJ    1.500                              4 S  =>  0.4580E-02 (PV1)
                                   NET   0.6122E-05                       
                         inj it  1 INJ   0.1137E-09                          1 S  =>  0.6031E-09 (PV1)
                                   NET   0.6122E-05         
                         inj it  2 INJ   0.2298E-13            
t =   24.1436 + 0.0200 : net it  0 NET   0.6122E-05                       
                         inj it  0 INJ    1.500                              4 S  =>  0.4559E-02 (PV1)
                                   NET   0.6111E-05                       
                         inj it  1 INJ   0.1045E-09                          1 S  =>  0.5544E-09 (PV1)
                                   NET   0.6111E-05         
                         inj it  2 INJ   0.5684E-13            
t =   24.1636 + 0.0200 : net it  0 NET   0.6111E-05                       
                         inj it  0 INJ    1.500                              4 S  =>  0.4539E-02 (PV1)
                                   NET   0.6100E-05                       
                         inj it  1 INJ   0.9581E-10                          1 S  =>  0.5083E-09 (PV1)
                                   NET   0.6100E-05         
                         inj it  2 INJ   0.5684E-13            
t =   24.1836 + 0.0200 : net it  0 NET   0.6100E-05                       
                         inj it  0 INJ    1.500                              4 S  =>  0.4518E-02 (PV1)
                                   NET   0.6090E-05                       
                         inj it  1 INJ   0.8758E-10                          1 S  =>  0.4646E-09 (PV1)
                                   NET   0.6090E-05         
                         inj it  2 INJ   0.3638E-11            
t =   24.2036 + 0.0200 : net it  0 NET   0.6090E-05                       
                         inj it  0 INJ    1.500                              4 S  =>  0.4498E-02 (PV1)
                                   NET   0.6081E-05                       
                         inj it  1 INJ   0.7980E-10                          1 S  =>  0.4233E-09 (PV1)
                                   NET   0.6081E-05         
                         inj it  2 INJ   0.5684E-13            
t =   24.2236 + 0.0200 : net it  0 NET   0.6081E-05                       
                         inj it  0 INJ    1.500                              4 S  =>  0.4478E-02 (PV1)
                                   NET   0.6073E-05                       
                         inj it  1 INJ   0.7246E-10                          1 S  =>  0.3845E-09 (PV1)
                                   NET   0.6073E-05         
                         inj it  2 INJ   0.3638E-11            
t =   24.2436 + 0.0200 : net it  0 NET   0.6073E-05                       
                         inj it  0 INJ    1.500                              4 S  =>  0.4458E-02 (PV1)
                                   NET   0.6066E-05                       
                         inj it  1 INJ   0.6555E-10                          1 S  =>  0.3478E-09 (PV1)
                                   NET   0.6066E-05         
                         inj it  2 INJ   0.5684E-13            
t =   24.2636 + 0.0200 : net it  0 NET   0.6066E-05                       
                         inj it  0 INJ    1.500                              4 S  =>  0.4438E-02 (PV1)
                                   NET   0.6059E-05                       
                         inj it  1 INJ   0.5906E-10                          1 S  =>  0.3133E-09 (PV1)
                                   NET   0.6059E-05         
                         inj it  2 INJ   0.5684E-13            
t =   24.2836 + 0.0200 : net it  0 NET   0.6059E-05                       
                         inj it  0 INJ    1.500                              4 S  =>  0.4418E-02 (PV1)
                                   NET   0.6053E-05                       
                         inj it  1 INJ   0.5297E-10                          1 S  =>  0.2810E-09 (PV1)
                                   NET   0.6053E-05         
                         inj it  2 INJ   0.2306E-13            
t =   24.3036 + 0.0200 : net it  0 NET   0.6053E-05                       
                         inj it  0 INJ    1.500                              4 S  =>  0.4399E-02 (PV1)
                                   NET   0.6048E-05                       
                         inj it  1 INJ   0.4727E-10                          1 S  =>  0.2507E-09 (PV1)
                                   NET   0.6048E-05         
                         inj it  2 INJ   0.3638E-11            
t =   24.3236 + 0.0200 : net it  0 NET   0.6048E-05                       
                         inj it  0 INJ    1.500                              4 S  =>  0.4380E-02 (PV1)
                                   NET   0.6044E-05                       
                         inj it  1 INJ   0.4194E-10                          1 S  =>  0.2225E-09 (PV1)
                                   NET   0.6043E-05         
                         inj it  2 INJ   0.3638E-11            
t =   24.3436 + 0.0200 : net it  0 NET   0.6043E-05                       
                         inj it  0 INJ    1.500                              4 S  =>  0.4361E-02 (PV1)
                                   NET   0.6039E-05                       
                         inj it  1 INJ   0.3697E-10                          1 S  =>  0.1962E-09 (PV1)
                                   NET   0.6039E-05         
                         inj it  2 INJ   0.5684E-13            
t =   24.3636 + 0.0200 : net it  0 NET   0.6039E-05                       
                         inj it  0 INJ    1.500                              4 S  =>  0.4342E-02 (PV1)
                                   NET   0.6036E-05                       
                         inj it  1 INJ   0.3235E-10                          1 S  =>  0.1716E-09 (PV1)
                                   NET   0.6036E-05         
                         inj it  2 INJ   0.5684E-13            
t =   24.3836 + 0.0200 : net it  0 NET   0.6036E-05                       
                         inj it  0 INJ    1.500                              4 S  =>  0.4323E-02 (PV1)
                                   NET   0.6033E-05                       
                         inj it  1 INJ   0.2806E-10                          1 S  =>  0.1489E-09 (PV1)
                                   NET   0.6033E-05         
                         inj it  2 INJ   0.5684E-13            
t =   24.4036 + 0.0200 : net it  0 NET   0.6033E-05                       
                         inj it  0 INJ    1.500                              4 S  =>  0.4304E-02 (PV1)
                                   NET   0.6030E-05                       
                         inj it  1 INJ   0.2409E-10                          1 S  =>  0.1279E-09 (PV1)
                                   NET   0.6030E-05         
                         inj it  2 INJ   0.3638E-11            
t =   24.4236 + 0.0200 : net it  0 NET   0.6030E-05                       
                         inj it  0 INJ    1.500                              4 S  =>  0.4286E-02 (PV1)
                                   NET   0.6028E-05                       
                         inj it  1 INJ   0.2042E-10                          1 S  =>  0.1084E-09 (PV1)
                                   NET   0.6028E-05         
                         inj it  2 INJ   0.7276E-11            
t =   24.4436 + 0.0200 : net it  0 NET   0.6028E-05                       
                         inj it  0 INJ    1.500                              4 S  =>  0.4268E-02 (PV1)
                                   NET   0.6026E-05                       
                         inj it  1 INJ   0.1704E-10                          1 S  =>  0.9039E-10 (PV1)
                                   NET   0.6026E-05         
                         inj it  2 INJ   0.3638E-11            
t =   24.4636 + 0.0200 : net it  0 NET   0.6026E-05                       
                         inj it  0 INJ    1.500                              4 S  =>  0.4249E-02 (PV1)
                                   NET   0.6024E-05                       
                         inj it  1 INJ   0.1393E-10                          1 S  =>  0.7389E-10 (PV1)
                                   NET   0.6024E-05         
                         inj it  2 INJ   0.3638E-11            
t =   24.4836 + 0.0200 : net it  0 NET   0.6024E-05                       
                         inj it  0 INJ    1.500                              4 S  =>  0.4231E-02 (PV1)
                                   NET   0.6023E-05                       
                         inj it  1 INJ   0.1108E-10                          1 S  =>  0.5880E-10 (PV1)
                                   NET   0.6023E-05         
                         inj it  2 INJ   0.3638E-11            
t =   24.5036 + 0.0200 : net it  0 NET   0.6023E-05                       
                         inj it  0 INJ    1.500                              4 S  =>  0.4214E-02 (PV1)
                                   NET   0.6022E-05                       
                         inj it  1 INJ   0.8474E-11                          1 S  =>  0.4494E-10 (PV1)
                                   NET   0.6022E-05         
                         inj it  2 INJ   0.3638E-11            
t =   24.5236 + 0.0200 : net it  0 NET   0.6022E-05                       
                         inj it  0 INJ    1.500                              4 S  =>  0.4196E-02 (PV1)
                                   NET   0.6021E-05                       
                         inj it  1 INJ   0.6101E-11                          1 S  =>  0.3240E-10 (PV1)
                                   NET   0.6021E-05         
                         inj it  2 INJ   0.5684E-13            
t =   24.5436 + 0.0200 : net it  0 NET   0.6021E-05                       
                         inj it  0 INJ    1.500                              4 S  =>  0.4178E-02 (PV1)
                                   NET   0.6021E-05                       
                         inj it  1 INJ   0.3947E-11                          1 S  =>  0.2092E-10 (PV1)
                                   NET   0.6021E-05         
                         inj it  2 INJ   0.3638E-11            
t =   24.5636 + 0.0200 : net it  0 NET   0.6021E-05                       
                         inj it  0 INJ    1.500                              4 S  =>  0.4161E-02 (PV1)
                                   NET   0.6021E-05                       
                         inj it  1 INJ   0.1999E-11                          1 S  =>  0.1060E-10 (PV1)
                                   NET   0.6021E-05         
                         inj it  2 INJ   0.3638E-11            
t =   24.5836 + 0.0200 : net it  0 NET   0.6021E-05                       
                         inj it  0 INJ    1.500                              4 S  =>  0.4144E-02 (PV1)
                                   NET   0.6021E-05                       
                         inj it  1 INJ   0.2442E-12                          1 S  =>  0.1323E-11 (PV1)
                                   NET   0.6021E-05         
                         inj it  2 INJ   0.5684E-13            
t =   24.6036 + 0.0200 : net it  0 NET   0.6021E-05                       
                         inj it  0 INJ    1.500                              4 S  =>  0.4127E-02 (PV1)
                                   NET   0.6021E-05                       
                         inj it  1 INJ   0.3638E-11                          1 S  =>  0.7034E-11 (PV1)
                                   NET   0.6021E-05         
                         inj it  2 INJ   0.3638E-11            
t =   24.6236 + 0.0200 : net it  0 NET   0.6021E-05                       
                         inj it  0 INJ    1.500                              4 S  =>  0.4110E-02 (PV1)
                                   NET   0.6021E-05                       
                         inj it  1 INJ   0.3638E-11                          1 S  =>  0.1444E-10 (PV1)
                                   NET   0.6021E-05         
                         inj it  2 INJ   0.7276E-11            
t =   24.6436 + 0.0200 : net it  0 NET   0.6021E-05                       
                         inj it  0 INJ    1.500                              4 S  =>  0.4093E-02 (PV1)
                                   NET   0.6022E-05                       
                         inj it  1 INJ   0.3977E-11                          1 S  =>  0.2111E-10 (PV1)
                                   NET   0.6022E-05         
                         inj it  2 INJ   0.3638E-11            
t =   24.6636 + 0.0200 : net it  0 NET   0.6022E-05                       
                         inj it  0 INJ    1.500                              4 S  =>  0.4076E-02 (PV1)
                                   NET   0.6022E-05                       
                         inj it  1 INJ   0.5074E-11                          1 S  =>  0.2696E-10 (PV1)
                                   NET   0.6022E-05         
                         inj it  2 INJ   0.3638E-11            
t =   24.6836 + 0.0200 : net it  0 NET   0.6022E-05                       
                         inj it  0 INJ    1.500                              4 S  =>  0.4060E-02 (PV1)
                                   NET   0.6023E-05                       
                         inj it  1 INJ   0.6033E-11                          1 S  =>  0.3206E-10 (PV1)
                                   NET   0.6023E-05         
                         inj it  2 INJ   0.3638E-11            
t =   24.7036 + 0.0200 : net it  0 NET   0.6023E-05                       
                         inj it  0 INJ    1.500                              4 S  =>  0.4043E-02 (PV1)
                                   NET   0.6024E-05                       
                         inj it  1 INJ   0.6865E-11                          1 S  =>  0.3644E-10 (PV1)
                                   NET   0.6024E-05         
                         inj it  2 INJ   0.5684E-13            
t =   24.7236 + 0.0200 : net it  0 NET   0.6024E-05                       
                         inj it  0 INJ    1.500                              4 S  =>  0.4027E-02 (PV1)
                                   NET   0.6024E-05                       
                         inj it  1 INJ   0.7578E-11                          1 S  =>  0.4020E-10 (PV1)
                                   NET   0.6024E-05         
                         inj it  2 INJ   0.3638E-11            
t =   24.7436 + 0.0200 : net it  0 NET   0.6024E-05                       
                         inj it  0 INJ    1.500                              4 S  =>  0.4011E-02 (PV1)
                                   NET   0.6025E-05                       
                         inj it  1 INJ   0.8183E-11                          1 S  =>  0.4340E-10 (PV1)
                                   NET   0.6025E-05         
                         inj it  2 INJ   0.3638E-11            
                             1 z changes applied  (   0 EXC    0 TOR    1 INJ    0 TWOP)
t =   24.7436 + 0.0200 : net it  0 NET   0.6024E-05                       
                         inj it  0 INJ   0.1343E-01                2  JU     4 S  =>  0.2696E-02 (PV1)
                                   NET   0.6025E-05                       
                         inj it  1 INJ   0.3638E-11                          1 S  =>  0.5930E-13 (PV1)
                                   NET   0.6025E-05         
                         inj it  2 INJ   0.3638E-11            
t =   24.7636 + 0.0200 : net it  0 NET   0.6025E-05                       
                         inj it  0 INJ   0.7877E-05                          4 S  =>  0.3313E-07 (PV1)
                                   NET   0.6026E-05         
                         inj it  1 INJ   0.3638E-11            
t =   24.7836 + 0.0200 : net it  0 NET   0.6026E-05                       
                         inj it  0 INJ   0.7647E-05                          4 S  =>  0.2666E-07 (PV1)
                                   NET   0.6027E-05         
                         inj it  1 INJ   0.6637E-13            
t =   24.8036 + 0.0200 : net it  0 NET   0.6027E-05                       
                         inj it  0 INJ   0.7406E-05                          4 S  =>  0.2075E-07 (PV1)
                                   NET   0.6028E-05         
                         inj it  1 INJ   0.6897E-13            
t =   24.8236 + 0.0200 : net it  0 NET   0.6028E-05                       
                         inj it  0 INJ   0.7156E-05                          4 S  =>  0.1535E-07 (PV1)
                                   NET   0.6029E-05         
                         inj it  1 INJ   0.3638E-11            
t =   24.8436 + 0.0200 : net it  0 NET   0.6029E-05                       
                         inj it  0 INJ   0.6899E-05                          4 S  =>  0.1440E-07 (PV1)
                                   NET   0.6031E-05         
                         inj it  1 INJ   0.7244E-13            
t =   24.8636 + 0.0200 : net it  0 NET   0.6031E-05                       
                         inj it  0 INJ   0.6636E-05                          4 S  =>  0.1457E-07 (PV1)
                                   NET   0.6032E-05         
                         inj it  1 INJ   0.3638E-11            
t =   24.8836 + 0.0200 : net it  0 NET   0.6032E-05                       
                         inj it  0 INJ   0.6370E-05                          4 S  =>  0.1465E-07 (PV1)
                                   NET   0.6033E-05         
                         inj it  1 INJ   0.7426E-13            
t =   24.9036 + 0.0200 : net it  0 NET   0.6033E-05                       
                         inj it  0 INJ   0.6103E-05                          4 S  =>  0.1466E-07 (PV1)
                                   NET   0.6034E-05         
                         inj it  1 INJ   0.3638E-11            
t =   24.9236 + 0.0200 : net it  0 NET   0.6034E-05                       
                         inj it  0 INJ   0.5835E-05                          4 S  =>  0.1459E-07 (PV1)
                                   NET   0.6035E-05         
                         inj it  1 INJ   0.7434E-13            
t =   24.9436 + 0.0200 : net it  0 NET   0.6035E-05                       
                         inj it  0 INJ   0.5568E-05                          4 S  =>  0.1447E-07 (PV1)
                                   NET   0.6036E-05         
                         inj it  1 INJ   0.3638E-11            
t =   24.9636 + 0.0200 : net it  0 NET   0.6036E-05                       
                         inj it  0 INJ   0.5303E-05                          4 S  =>  0.1429E-07 (PV1)
                                   NET   0.6037E-05         
                         inj it  1 INJ   0.3638E-11            
t =   24.9836 + 0.0164 : net it  0 NET   0.6037E-05             1 NET JU  
                         inj it  0 INJ   0.4871E-05                4  JU     4 S  =>  0.1154E-07 (PV1)
                                   NET   0.6038E-05         
                         inj it  1 INJ   0.5744E-13            
